ori,agency_name,state,population
AKAST0100,Alaska State Troopers,AK,274619
AK0010100,Anchorage Police Department,AK,287385
AK0011300,Bethel Police Department,AK,6336
AK0014600,Bristol Bay Borough Police Department,AK,892
AK0011400,Cordova Police Department,AK,2173
AK0014500,Craig Police Department,AK,1055
AK0013000,Dillingham Police Department,AK,2122
AK0012600,Fairbanks International Airport,AK,0
AK0010200,Fairbanks Police Department,AK,31565
AK0012100,Haines Police Department,AK,2095
AK0012200,Homer Police Department,AK,6292
AK0013100,Hoonah Police Department,AK,984
AK0010300,Juneau Police Department,AK,31211
AK0012300,Kenai Police Department,AK,7854
AK0010400,Ketchikan Police Department,AK,8000
AK0013500,Klawock Police Department,AK,717
AK0010500,Kodiak Police Department,AK,5361
AK0011600,Kotzebue Police Department,AK,2839
AK0012500,Metlakatla Tribal Police Department,AK,0
AK0010600,Nome Police Department,AK,3663
AK0013200,North Pole Police Department,AK,2575
AK0011800,North Slope Borough Police Department,AK,10510
AK0011700,Palmer Police Department,AK,6810
AK0010700,Petersburg Police Department,AK,3420
AK0015200,Sand Point Police Department,AK,708
AK0010800,Seward Police Department,AK,2921
AK0010900,Sitka Police Department,AK,8281
AK0011000,Skagway Police Department,AK,1084
AK0012000,Soldotna Police Department,AK,4605
AK0012700,Ted Stevens Anchorage International Airport,AK,0
AK0013300,Unalaska Police Department,AK,4448
AK0014300,University of Alaska: Anchorage,AK,0
AK0014200,University of Alaska: Fairbanks,AK,0
AK0011200,Valdez Police Department,AK,3863
AK0015600,Wasilla Police Department,AK,10643
AK0012800,Whittier Police Department,AK,204
AK0011100,Wrangell Police Department,AK,2035
AL0480700,17th Judicial Circuit Drug Task Force,AL,0
AL0540700,24th Judicial Circuit Drug and Violent Crime Task Force,AL,0
AL0560500,5th Judicial Circuit Narcotics Unit,AL,0
AL0370100,Abbeville Police Department,AL,2375
AL0012200,Adamsville Police Department,AL,4132
AL0670300,Addison Police Department,AL,680
AL0470800,Alabama A&M University,AL,0
AL003025C,Alabama Department of Corrections,AL,0
AL0030500,Alabama Department of Mental Health,AL,0
AL0033100,Alabama Drug Enforcement Task Force,AL,0
ALDPS0000,Alabama Highway Patrol Department of Public Safety Headquarters,AL,0
AL0013200,Alabama Historic Ironworks Commission Police,AL,0
ALLEA0000,Alabama Law Enforcement Agency,AL,0
ALSBI0000,"Alabama Law Enforcement Agency, State Bureau of Investigation Headquarters",AL,0
AL0030600,Alabama State University,AL,0
AL0590400,Alabaster Police Department,AL,34730
AL0500100,Albertville Police Department,AL,23642
AL0620100,Alexander City Police Department,AL,14343
AL0540100,Aliceville Police Department,AL,2007
AL0310900,Altoona Police Department,AL,955
AL0230100,Andalusia Police Department,AL,8700
AL0110100,Anniston Police Department,AL,21030
AL0500300,Arab Police Department,AL,9041
AL0440200,Ardmore Police Department,AL,1483
AL0581200,Argo Police Department,AL,4363
AL0670400,Arley Police Department,AL,335
AL0380200,Ashford Police Department,AL,2434
AL0170100,Ashland Police Department,AL,1936
AL0580200,Ashville Police Department,AL,2414
AL0440100,Athens Police Department,AL,34571
AL0300100,Atmore Police Department,AL,8294
AL0310100,Attalla Police Department,AL,5726
AL0430100,Auburn Police Department,AL,85520
AL0030700,Auburn University: Montgomery,AL,0
AL0040000,Autauga County Sheriff's Office,AL,22249
AL0040200,Autaugaville Police Department,AL,822
AL0060700,Baker Hill Police Department,AL,201
AL0050000,Baldwin County Sheriff's Office,AL,115562
AL0060000,Barbour County Sheriff's Office,AL,8035
AL0050100,Bay Minette Police Department,AL,8604
AL0020600,Bayou La Batre Police Department,AL,2111
AL0490700,Bear Creek Police Department,AL,1056
AL0320200,Berry Police Department,AL,1175
AL0010100,Bessemer Police Department,AL,24850
AL0641100,Bevill State Community College,AL,0
AL0070000,Bibb County Sheriff's Office,AL,12723
AL0010200,Birmingham Police Department,AL,195393
AL0021700,Bishop State Community College,AL,0
AL0080000,Blount County Sheriff's Office,AL,46598
AL0080200,Blountsville Police Department,AL,1818
AL0500400,Boaz Police Department,AL,10565
AL0240200,Brantley Police Department,AL,796
AL0070200,Brent Police Department,AL,4073
AL0300200,Brewton Police Department,AL,5098
AL0390200,Bridgeport Police Department,AL,2268
AL0011800,Brighton Police Department,AL,2224
AL0490500,Brilliant Police Department,AL,840
AL0012700,Brookside Police Department,AL,1390
AL0630800,Brookwood Police Department,AL,2441
AL0550200,Brundidge Police Department,AL,2018
AL0090000,Bullock County Sheriff's Office,AL,6711
AL0100000,Butler County Sheriff's Office,AL,9455
AL0150100,Butler Police Department,AL,1694
AL0590100,Calera Police Department,AL,19040
AL052119E,Calhoun Community College,AL,0
AL0110000,Calhoun County Sheriff's Office,AL,53679
AL0660100,Camden Police Department,AL,1659
AL0620300,Camp Hill Police Department,AL,956
AL0640200,Carbon Hill Police Department,AL,1715
AL0540400,Carrollton Police Department,AL,956
AL0210200,Castleberry Police Department,AL,454
AL0130200,Cedar Bluff Police Department,AL,1957
AL0620800,Central Alabama Community College,AL,0
AL0290700,Central Alabama Drug Task Force,AL,0
AL0130100,Centre Police Department,AL,3908
AL0070100,Centreville Police Department,AL,2705
AL0120000,Chambers County Sheriff's Office,AL,14331
AL0650300,Chatom Police Department,AL,1046
AL0570300,Chattahoochee Valley Community College,AL,0
AL0130000,Cherokee County Sheriff's Office,AL,19553
AL0200400,Cherokee Police Department,AL,966
AL0020300,Chickasaw Police Department,AL,6189
AL0610300,Childersburg Police Department,AL,4581
AL0140000,Chilton County Sheriff's Office,AL,32435
AL0150000,Choctaw County Sheriff's Office,AL,9207
AL0020400,Citronelle Police Department,AL,3928
AL0140100,Clanton Police Department,AL,9351
AL0160000,Clarke County Sheriff's Office,AL,12082
AL0170000,Clay County Sheriff's Office,AL,9828
AL0260900,Clayhatchee Police Department,AL,486
AL0060200,Clayton Police Department,AL,2175
AL0180000,Cleburne County Sheriff's Office,AL,12100
AL0080300,Cleveland Police Department,AL,1267
AL0060300,Clio Police Department,AL,1183
AL0631400,Coaling Police Department,AL,1988
AL0051100,Coastal Alabama Community College,AL,0
AL0190000,Coffee County Sheriff's Office,AL,20847
AL0160600,Coffeeville Police Department,AL,245
AL0200000,Colbert County Sheriff's Office,AL,20231
AL0280200,Collinsville Police Department,AL,2064
AL0380400,Columbia Police Department,AL,710
AL0590200,Columbiana Police Department,AL,5002
AL0210000,Conecuh County Sheriff's Office,AL,7042
AL0220000,Coosa County Sheriff's Office,AL,8689
AL0290400,Coosada Police Department,AL,1320
AL0640300,Cordova Police Department,AL,1669
AL0380500,Cottonwood Police Department,AL,1103
AL0420300,Courtland Police Department,AL,595
AL0230000,Covington County Sheriff's Office,AL,18936
AL0240000,Crenshaw County Sheriff's Office,AL,9646
AL0021200,Creola Police Department,AL,1982
AL0281000,Crossville Police Department,AL,1829
AL0600300,Cuba Police Department,AL,273
AL0250000,Cullman County Sheriff's Office,AL,69683
AL0250100,Cullman Police Department,AL,20710
AL0620200,Dadeville Police Department,AL,2899
AL0260000,Dale County Sheriff's Office,AL,21286
AL0260200,Daleville Police Department,AL,5026
AL0270000,Dallas County Sheriff's Office,AL,18974
AL0050800,Daphne Police Department,AL,31568
AL0021500,Dauphin Island Police Department,AL,1960
AL0280000,DeKalb County Sheriff's Office,AL,39895
AL0520100,Decatur Police Department,AL,58187
AL0480100,Demopolis Police Department,AL,6623
AL0032500,"Department of Conservation, Montgomery",AL,0
AL054015A,District Attorney: 24th Circuit,AL,0
AL049015A,District Attorney: 25th Circuit,AL,0
AL020015A,District Attorney: 31st Circuit,AL,0
AL052015A,District Attorney: 8th Circuit,AL,0
AL0640400,Dora Police Department,AL,2236
AL0380100,Dothan Police Department,AL,71787
AL0380700,Dothan-Houston County Airport Authority,AL,0
AL0670100,Double Springs Police Department,AL,1123
AL0500600,Douglas Police Department,AL,796
AL0471400,Drake State Community and Technical College,AL,0
AL0300300,East Brewton Police Department,AL,2241
AL0290300,Eclectic Police Department,AL,1218
AL0190100,Elba Police Department,AL,3550
AL0051000,Elberta Police Department,AL,2184
AL0290000,Elmore County Sheriff's Office,AL,59149
AL0190200,Enterprise Police Department,AL,31224
AL0190500,Enterprise State Community College,AL,0
AL0300000,Escambia County Sheriff's Office,AL,19556
AL0312200,Etowah County Drug Enforcement Unit,AL,0
AL0310000,Etowah County Sheriff's Office,AL,30036
AL0060100,Eufaula Police Department,AL,12240
AL0350100,Eutaw Police Department,AL,2592
AL0210100,Evergreen Police Department,AL,3279
AL0510400,Excel Police Department,AL,515
AL0010400,Fairfield Police Department,AL,9412
AL0050200,Fairhope Police Department,AL,26953
AL0520400,Falkville Police Department,AL,1108
AL0032900,Faulkner University,AL,0
AL0480400,Faunsdale Police Department,AL,81
AL0320000,Fayette County Sheriff's Office,AL,9836
AL0320100,Fayette Police Department,AL,4031
AL0300400,Flomaton Police Department,AL,1443
AL0230300,Florala Police Department,AL,1932
AL0410100,Florence Police Department,AL,43266
AL0050300,Foley Police Department,AL,30196
AL0450100,Fort Deposit Police Department,AL,1097
AL0280100,Fort Payne Police Department,AL,15054
AL0330000,Franklin County Sheriff's Office,AL,16991
AL0460400,Franklin Police Department,AL,563
AL0510200,Frisco City Police Department,AL,1090
AL0011100,Fultondale Police Department,AL,9275
AL0281100,Fyffe Police Department,AL,977
AL0310200,Gadsden Police Department,AL,32894
AL0230400,Gantt Police Department,AL,198
AL0010500,Gardendale Police Department,AL,16457
AL0340000,Geneva County Sheriff's Office,AL,16300
AL0340100,Geneva Police Department,AL,4242
AL0100200,Georgiana Police Department,AL,1253
AL0280300,Geraldine Police Department,AL,911
AL0150200,Gilbertown Police Department,AL,694
AL0310400,Glencoe Police Department,AL,5400
AL0220100,Goodwater Police Department,AL,1246
AL0540200,Gordo Police Department,AL,1542
AL0380300,Gordon Police Department,AL,303
AL0500500,Grant Police Department,AL,1068
AL0011600,Graysville Police Department,AL,1840
AL0350000,Greene County Sheriff's Office,AL,4401
AL0360100,Greensboro Police Department,AL,2181
AL0100100,Greenville Police Department,AL,6892
AL0160300,Grove Hill Police Department,AL,1701
AL0490300,Guin Police Department,AL,2125
AL0050400,Gulf Shores Police Department,AL,17993
AL0500200,Guntersville Police Department,AL,9413
AL0470300,Gurley Police Department,AL,847
AL0490400,Hackleburg Police Department,AL,1453
AL0360000,Hale County Sheriff's Office,AL,10831
AL0670200,Haleyville Police Department,AL,4306
AL0490100,Hamilton Police Department,AL,6950
AL0250200,Hanceville Police Department,AL,3380
AL0590900,Harpersville Police Department,AL,2006
AL0340300,Hartford Police Department,AL,2789
AL0520200,Hartselle Police Department,AL,16361
AL0080800,Hayden Police Department,AL,1359
AL0370200,Headland Police Department,AL,5549
AL0180100,Heflin Police Department,AL,3590
AL0590700,Helena Police Department,AL,22486
AL0280400,Henagar Police Department,AL,2326
AL0370000,Henry County Sheriff's Office,AL,9904
AL0080500,Highland Lake Police Department,AL,435
AL0420400,Hillsboro Police Department,AL,402
AL0310600,Hokes Bluff Police Department,AL,4728
AL0390400,Hollywood Police Department,AL,932
AL0011000,Homewood Police Department,AL,28051
AL0011200,Hoover Police Department,AL,93094
AL0380000,Houston County Sheriff's Office,AL,29255
AL0011900,Hueytown Police Department,AL,16039
AL0470900,Huntsville International Airport,AL,0
AL0470100,Huntsville Police Department,AL,234043
AL0281400,Ider Police Department,AL,741
AL0011300,Irondale Police Department,AL,13563
AL0390000,Jackson County Sheriff's Office,AL,29791
AL0160100,Jackson Police Department,AL,4416
AL0620700,Jacksons Gap Police Department,AL,749
AL0110200,Jacksonville Police Department,AL,14741
AL0110800,Jacksonville State University,AL,0
AL0640100,Jasper Police Department,AL,14569
AL0010000,Jefferson County Sheriff's Office,AL,145845
AL0013400,Jefferson State Community College,AL,0
AL0140300,Jemison Police Department,AL,3098
AL0410700,Killen Police Department,AL,1043
AL0012900,Kimberly Police Department,AL,4811
AL0380600,Kinsey Police Department,AL,2280
AL0190400,Kinston Police Department,AL,603
AL0120100,LaFayette Police Department,AL,2586
AL0631100,Lake View Police Department,AL,3992
AL0400000,Lamar County Sheriff's Office,AL,8878
AL0120200,Lanett Police Department,AL,6648
AL0410000,Lauderdale County Sheriff's Office,AL,51192
AL0420000,Lawrence County Sheriff's Office,AL,27747
AL0014000,Lawson State Community College,AL,0
AL0430000,Lee County Sheriff's Office,AL,62872
AL0010600,Leeds Police Department,AL,12633
AL0130300,Leesburg Police Department,AL,1016
AL0200500,Leighton Police Department,AL,665
AL0260300,Level Plains Police Department,AL,1845
AL0410500,Lexington Police Department,AL,739
AL0440000,Limestone County Sheriff's Office,AL,67496
AL0610400,Lincoln Police Department,AL,8028
AL0480200,Linden Police Department,AL,1788
AL0170200,Lineville Police Department,AL,2488
AL0012000,Lipscomb Police Department,AL,2003
AL0200600,Littleville Police Department,AL,1056
AL0600200,Livingston Police Department,AL,3093
AL0230600,Lockhart Police Department,AL,443
AL0060400,Louisville Police Department,AL,383
AL0450000,Lowndes County Sheriff's Office,AL,7465
AL0050600,Loxley Police Department,AL,5655
AL0230900,Lurleen B. Wallace Community College,AL,0
AL0240100,Luverne Police Department,AL,2664
AL0670500,Lynn Police Department,AL,633
AL0460000,Macon County Sheriff's Office,AL,7634
AL0470000,Madison County Sheriff's Office,AL,138966
AL0470200,Madison Police Department,AL,65833
AL0140200,Maplesville Police Department,AL,665
AL0480000,Marengo County Sheriff's Office,AL,9322
AL0580800,Margaret Police Department,AL,7080
AL0490800,Marion County Drug Task Force,AL,0
AL0490000,Marion County Sheriff's Office,AL,12746
AL0530400,Marion Military Institute,AL,0
AL0530100,Marion Police Department,AL,2603
AL0500800,Marshall County Drug Enforcement Unit,AL,0
AL0500000,Marshall County Sheriff's Office,AL,49945
AL0650100,McIntosh Police Department,AL,194
AL0100300,McKenzie Police Department,AL,487
AL0280600,Mentone Police Department,AL,337
AL0010700,Midfield Police Department,AL,4868
AL0260600,Midland City Police Department,AL,2317
AL0290600,Millbrook Police Department,AL,17616
AL0400400,Millport Police Department,AL,958
AL0650200,Millry Police Department,AL,438
AL0020000,Mobile County Sheriff's Office,AL,108627
AL0020100,Mobile Police Department,AL,255927
AL0021300,Mobile Regional Airport,AL,0
AL0510000,Monroe County Sheriff's Office,AL,11633
AL0510100,Monroeville Police Department,AL,5669
AL0590300,Montevallo Police Department,AL,7901
AL0031600,Montgomery Airport,AL,0
AL0030000,Montgomery County Sheriff's Office,AL,30603
AL0030100,Montgomery Police Department,AL,194775
AL0580600,Moody Police Department,AL,13690
AL0520000,Morgan County Sheriff's Office,AL,43833
AL0012600,Morris Police Department,AL,2276
AL0420100,Moulton Police Department,AL,3411
AL0360200,Moundville Police Department,AL,3774
AL0020800,Mount Vernon Police Department,AL,1371
AL0010300,Mountain Brook Police Department,AL,21505
AL0611200,Munford Police Department,AL,1363
AL0200300,Muscle Shoals Police Department,AL,17678
AL0260400,Napier Field Police Department,AL,417
AL0190300,New Brockton Police Department,AL,1533
AL0470400,New Hope Police Department,AL,2970
AL0620600,New Site Police Department,AL,766
AL0260500,Newton Police Department,AL,1664
AL0370300,Newville Police Department,AL,571
AL001359E,Norfolk Southern Railway,AL,0
AL0420500,North Courtland Police Department,AL,493
AL0281500,Northeast Alabama Community College,AL,0
AL0630200,Northport Police Department,AL,31564
AL0460200,Notasulga Police Department,AL,860
AL047019E,Oakwood University,AL,0
AL0580500,Odenville Police Department,AL,5919
AL0110700,Ohatchee Police Department,AL,1210
AL0080100,Oneonta Police Department,AL,7064
AL0430200,Opelika Police Department,AL,36066
AL0230200,Opp Police Department,AL,6695
AL0051200,Orange Beach Police Department,AL,8721
AL0470500,Owens Crossroads Police Department,AL,3307
AL0110500,Oxford Police Department,AL,22088
AL0260100,Ozark Police Department,AL,14377
AL0640600,Parrish Police Department,AL,975
AL0590600,Pelham Police Department,AL,25692
AL0580100,Pell City Police Department,AL,14389
AL0150300,Pennington Police Department,AL,324
AL0530000,Perry County Sheriff's Office,AL,3028
AL0570100,Phenix City Police Department,AL,38435
AL0330200,Phil Campbell Police Department,AL,986
AL0540000,Pickens County Sheriff's Office,AL,11942
AL0540500,Pickensville Police Department,AL,540
AL0110300,Piedmont Police Department,AL,4684
AL0550000,Pike County Sheriff's Office,AL,13424
AL0260700,Pinckard Police Department,AL,596
AL0660200,Pine Hill Police Department,AL,695
AL0390500,Pisgah Police Department,AL,693
AL0011400,Pleasant Grove Police Department,AL,9335
ALDI00300,Poarch Creek Tribal,AL,0
AL0280500,Powell Police Department,AL,934
AL0040100,Prattville Police Department,AL,40736
AL0520900,Priceville Police Department,AL,3962
AL0580300,Ragland Police Department,AL,1714
AL0310500,Rainbow City Police Department,AL,10384
AL0280700,Rainsville Police Department,AL,6036
AL0180200,Ranburne Police Department,AL,440
AL0560000,Randolph County Sheriff's Office,AL,16246
AL0330300,Red Bay Police Department,AL,3157
AL0230500,Red Level Police Department,AL,429
AL0540300,Reform Police Department,AL,1418
AL0210300,Repton Police Department,AL,220
AL0230700,River Falls Police Department,AL,490
AL0580700,Riverside Police Department,AL,2325
AL0560100,Roanoke Police Department,AL,5451
AL0050500,Robertsdale Police Department,AL,7846
AL0220200,Rockford Police Department,AL,348
AL0410600,Rogersville Police Department,AL,1448
AL0570000,Russell County Sheriff's Office,AL,27140
AL0330100,Russellville Police Department,AL,10704
AL001419E,Samford University,AL,0
AL0340200,Samson Police Department,AL,1883
AL0020500,Saraland Police Department,AL,16513
AL0310800,Sardis City Police Department,AL,1773
AL0020700,Satsuma Police Department,AL,6904
AL0390100,Scottsboro Police Department,AL,16054
AL0390700,Section Police Department,AL,777
AL0270100,Selma Police Department,AL,15955
AL0022200,Semmes Police Department,AL,6488
AL0200100,Sheffield Police Department,AL,9323
AL0590000,Shelby County Sheriff's Office,AL,95086
AL0460600,Shorter Police Department,AL,359
AL0050700,Silverhill Police Department,AL,1043
AL0390900,Skyline Police Department,AL,866
AL0340400,Slocomb Police Department,AL,2190
AL0080400,Snead Police Department,AL,1048
AL0501100,Snead State Community College,AL,0
AL0520600,Somerville Police Department,AL,829
AL0560400,Southern Union State Community College,AL,0
AL0310700,Southside Police Department,AL,9673
AL0051300,Spanish Fort Police Department,AL,11372
AL002219E,Spring Hill College,AL,0
AL0580400,Springville Police Department,AL,5550
AL0580000,St. Clair County Sheriff's Office,AL,35585
AL0410400,St. Florian Police Department,AL,744
AL0031400,State Fire Marshal,AL,0
AL0580900,Steele Police Department,AL,1006
AL0390300,Stevenson Police Department,AL,1981
AL0400100,Sulligent Police Department,AL,1798
AL0640500,Sumiton Police Department,AL,2503
AL0050900,Summerdale Police Department,AL,1641
AL0600000,Sumter County Sheriff's Office,AL,5856
AL0080600,Susan Moore Police Department,AL,814
AL0480600,Sweet Water Police Department,AL,213
AL0610100,Sylacauga Police Department,AL,12020
AL0281200,Sylvania Police Department,AL,1830
AL0610000,Talladega County Sheriff's Office,AL,36391
AL0610200,Talladega Police Department,AL,14582
AL0620000,Tallapoosa County Sheriff's Office,AL,19327
AL0290200,Tallassee Police Department,AL,4698
AL0010800,Tarrant Police Department,AL,5734
AL0630500,Taylor Hardin Secure Medical Facility,AL,0
AL0380900,Taylor Police Department,AL,2354
AL0480300,Thomaston Police Department,AL,308
AL0160200,Thomasville Police Department,AL,3500
AL0140400,Thorsby Police Department,AL,2221
AL0420200,Town Creek Police Department,AL,1055
AL0012500,Trafford Police Department,AL,593
AL0470600,Triana Police Department,AL,5589
AL0520700,Trinity Police Department,AL,2619
AL0550100,Troy Police Department,AL,17752
AL0550300,Troy University,AL,0
AL0014500,Trussville Fire Department Fire and Explosion Investigation Unit,AL,0
AL0012100,Trussville Police Department,AL,27302
AL0630000,Tuscaloosa County Sheriff's Office,AL,83300
AL0630100,Tuscaloosa Police Department,AL,116588
AL0200200,Tuscumbia Police Department,AL,9267
AL0460100,Tuskegee Police Department,AL,8489
AL0460700,Tuskegee University,AL,0
AL0090100,Union Springs Police Department,AL,3114
AL0530200,Uniontown Police Department,AL,1918
AL0012400,University of Alabama: Birmingham,AL,0
AL0470700,University of Alabama: Huntsville,AL,0
AL0630300,University of Alabama: Tuscaloosa,AL,0
AL0591100,University of Montevallo,AL,0
AL0410800,University of North Alabama,AL,0
AL0021400,University of South Alabama,AL,0
AL0600500,University of West Alabama,AL,0
AL0281300,Valley Head Police Department,AL,599
AL0120400,Valley Police Department,AL,10075
AL0630700,Vance Police Department,AL,2347
AL0400200,Vernon Police Department,AL,1814
AL0010900,Vestavia Hills Police Department,AL,37914
AL0560200,Wadley Police Department,AL,875
AL0640000,Walker County Sheriff's Office,AL,41692
AL0380800,Wallace Community College: Dothan,AL,0
AL0270200,Wallace Community College: Selma,AL,0
AL0250500,Wallace State Community College,AL,0
AL0311000,Walnut Grove Police Department,AL,789
AL0012300,Warrior Police Department,AL,3255
AL0650000,Washington County Sheriff's Office,AL,13269
AL0110400,Weaver Police Department,AL,3312
AL0381000,Webb Police Department,AL,1343
AL0560300,Wedowee Police Department,AL,755
AL0070300,West Blocton Police Department,AL,1193
AL0290100,Wetumpka Police Department,AL,7761
AL0450500,White Hall Police Department,AL,738
AL0660000,Wilcox County Sheriff's Office,AL,7355
AL0490200,Winfield Police Department,AL,4862
AL0670000,Winston County Sheriff's Office,AL,16954
AL0070400,Woodstock Police Department,AL,1647
AL0390800,Woodville Police Department,AL,758
AL0600100,York Police Department,AL,2248
AR0600700,Alexander Police Department,AR,3891
AR0170200,Alma Police Department,AR,6066
AR0240300,Altus Police Department,AR,676
AR0100500,Amity Police Department,AR,678
AR0100100,Arkadelphia Police Department,AR,9781
AR0010000,Arkansas County Sheriff's Office,AR,4500
AR0601100,Arkansas State Hospital,AR,0
ARASP0000,Arkansas State Police,AR,0
AR0731200,Arkansas State University: Beebe,AR,0
AR0160500,Arkansas State University: Jonesboro,AR,0
AR0340700,Arkansas State University: Newport,AR,0
AR0580400,Arkansas Tech University,AR,0
AR0680300,Ash Flat Police Department,AR,1180
AR0410100,Ashdown Police Department,AR,4051
AR0020000,Ashley County Sheriff's Office,AR,10998
AR0580200,Atkins Police Department,AR,2883
AR0740100,Augusta Police Department,AR,1814
AR0430500,Austin Police Department,AR,4161
AR0730200,Bald Knob Police Department,AR,2535
AR0660300,Barling Police Department,AR,5415
AR0320100,Batesville Police Department,AR,11626
AR0030000,Baxter County Sheriff's Office,AR,25518
AR0160400,Bay Police Department,AR,1803
AR0730300,Beebe Police Department,AR,9269
AR0042100,Bella Vista Police Department,AR,34086
AR0040000,Benton County Sheriff's Office,AR,45735
AR0630100,Benton Police Department,AR,38869
AR0040100,Bentonville Police Department,AR,63670
AR0080100,Berryville Police Department,AR,5789
AR0380500,Black Rock Police Department,AR,641
AR0470100,Blytheville Police Department,AR,12123
AR0661400,Bonanza Police Department,AR,612
AR0160700,Bono Police Department,AR,2946
AR0050000,Boone County Sheriff's Office,AR,24005
AR0420100,Booneville Police Department,AR,3806
AR0730800,Bradford Police Department,AR,681
AR0060000,Bradley County Sheriff's Office,AR,4700
AR0480100,Brinkley Police Department,AR,2501
AR0161500,Brookland Police Department,AR,4740
AR0630200,Bryant Police Department,AR,22665
AR0450200,Bull Shoals Police Department,AR,1901
AR0430200,Cabot Police Department,AR,27833
AR0100300,Caddo Valley Police Department,AR,590
AR0070000,Calhoun County Sheriff's Office,AR,3538
AR0520100,Camden Police Department,AR,9998
AR0600800,Cammack Village Police Department,AR,741
AR0601400,Camp Robinson Police Department,AR,0
AR0160200,Caraway Police Department,AR,1086
AR0430300,Carlisle Police Department,AR,1957
AR0080000,Carroll County Sheriff's Office,AR,17983
AR0161400,Cash Police Department,AR,282
AR0680100,Cave City Police Department,AR,2029
AR0040900,Cave Springs Police Department,AR,6491
AR0171200,Cedarville Police Department,AR,1463
AR0041300,Centerton Police Department,AR,28061
AR0661300,Central City Police Department,AR,471
AR0240200,Charleston Police Department,AR,2767
AR0680400,Cherokee Village Police Department,AR,5028
AR0190300,Cherry Valley Police Department,AR,574
AR0090000,Chicot County Sheriff's Office,AR,5768
AR0480200,Clarendon Police Department,AR,1420
AR0100000,Clark County Sheriff's Office,AR,7976
AR0360100,Clarksville Police Department,AR,9667
AR0110000,Clay County Sheriff's Office,AR,7490
AR0120000,Cleburne County Sheriff's Office,AR,16836
AR0130000,Cleveland County Sheriff's Office,AR,7336
AR0710200,Clinton Police Department,AR,2505
AR0140000,Columbia County Sheriff's Office,AR,11227
AR0150000,Conway County Sheriff's Office,AR,13331
AR0230100,Conway Police Department,AR,72394
AR0110100,Corning Police Department,AR,3053
AR0030200,Cotter Police Department,AR,963
AR0160000,Craighead County Sheriff's Office,AR,18627
AR0170000,Crawford County Sheriff's Office,AR,26694
AR0180000,Crittenden County Sheriff's Office,AR,7295
AR0190000,Cross County Sheriff's Office,AR,6930
AR0020100,Crossett Police Department,AR,4436
AR0200000,Dallas County Sheriff's Office,AR,2874
AR0710300,Damascus Police Department,AR,391
AR0750200,Danville Police Department,AR,1982
AR0750100,Dardanelle Police Department,AR,4537
AR0670100,De Queen Police Department,AR,6065
AR0590300,De Valls Bluff Police Department,AR,489
AR0010100,DeWitt Police Department,AR,2797
AR0040800,Decatur Police Department,AR,1707
AR0590200,Des Arc Police Department,AR,1827
AR0210000,Desha County Sheriff's Office,AR,3166
AR0050200,Diamond City Police Department,AR,857
AR0340300,Diaz Police Department,AR,1208
AR0580700,Dover Police Department,AR,1378
AR0220000,Drew County Sheriff's Office,AR,8751
AR0210300,Dumas Police Department,AR,3518
AR0170500,Dyer Police Department,AR,798
AR0180200,Earle Police Department,AR,1720
AR0700100,El Dorado Police Department,AR,16406
AR0721000,Elkins Police Department,AR,4129
AR0430100,England Police Department,AR,2416
AR0471000,Etowah Police Department,AR,238
AR0090200,Eudora Police Department,AR,1504
AR0080200,Eureka Springs Police Department,AR,2194
AR0680500,Evening Shade Police Department,AR,440
AR0710100,Fairfield Bay Police Department,AR,2187
AR0720500,Farmington Police Department,AR,11345
AR0230000,Faulkner County Sheriff's Office,AR,46951
AR0720100,Fayetteville Police Department,AR,105335
AR0450300,Flippin Police Department,AR,1307
AR0200100,Fordyce Police Department,AR,3127
AR0620100,Forrest City Police Department,AR,12187
AR0660100,Fort Smith Police Department,AR,90848
AR0661900,Fort Smith Public Schools,AR,0
AR0240000,Franklin County Sheriff's Office,AR,10677
AR0250000,Fulton County Sheriff's Office,AR,9085
AR0260000,Garland County Sheriff's Office,AR,50561
AR0030300,Gassville Police Department,AR,2202
AR0040500,Gentry Police Department,AR,4904
AR0010300,Gillett Police Department,AR,621
AR0550200,Glenwood Police Department,AR,2025
AR0721600,Goshen Police Department,AR,2456
AR0470700,Gosnell Police Department,AR,2639
AR0270000,Grant County Sheriff's Office,AR,13337
AR0040700,Gravette Police Department,AR,3893
AR0080300,Green Forest Police Department,AR,3249
AR0230200,Greenbrier Police Department,AR,6482
AR0280000,Greene County Sheriff's Office,AR,15107
AR0720700,Greenland Police Department,AR,1245
AR0660200,Greenwood Police Department,AR,9782
AR0120300,Greers Ferry Police Department,AR,854
AR0100200,Gurdon Police Department,AR,1820
AR0230500,Guy Police Department,AR,776
AR0660600,Hackett Police Department,AR,861
AR0020200,Hamburg Police Department,AR,2351
AR0070100,Hampton Police Department,AR,1151
AR0680200,Hardy Police Department,AR,780
AR0560300,Harrisburg Police Department,AR,2195
AR0050100,Harrison Police Department,AR,13891
AR0660900,Hartford Police Department,AR,497
AR0630300,Haskell Police Department,AR,4357
AR0590100,Hazen Police Department,AR,1368
AR0120100,Heber Springs Police Department,AR,7402
AR0540100,Helena-West Helena Police Department,AR,8217
AR0290000,Hempstead County Sheriff's Office,AR,10576
AR0100400,Henderson State University,AR,0
AR0730900,Higginson Police Department,AR,961
AR0042000,Highfill Police Department,AR,3181
AR0680600,Highland Police Department,AR,1062
AR0290100,Hope Police Department,AR,8355
AR0300000,Hot Spring County Sheriff's Office,AR,22300
AR0260100,Hot Springs Police Department,AR,37980
AR063019E,Hot Springs Village Police Department,AR,15957
AR0310000,Howard County Sheriff's Office,AR,7343
AR0380200,Hoxie Police Department,AR,2586
AR0620200,Hughes Police Department,AR,959
AR0010400,Humphrey Police Department,AR,435
AR0661700,Huntington Police Department,AR,488
AR0440100,Huntsville Police Department,AR,3575
AR0320000,Independence County Sheriff's Office,AR,26375
AR0330000,Izard County Sheriff's Office,AR,14499
AR0340000,Jackson County Sheriff's Office,AR,5061
AR0600100,Jacksonville Police Department,AR,29036
AR0350000,Jefferson County Sheriff's Office,AR,17602
AR0181000,Jericho Police Department,AR,98
AR0360000,Johnson County Sheriff's Office,AR,14892
AR0720900,Johnson Police Department,AR,3729
AR0160100,Jonesboro Police Department,AR,83296
AR0730700,Judsonia Police Department,AR,1911
AR0470800,Keiser Police Department,AR,685
AR0730400,Kensett Police Department,AR,1409
AR0170700,Kibler Police Department,AR,1034
AR0370000,Lafayette County Sheriff's Office,AR,3915
AR0160300,Lake City Police Department,AR,2833
AR0090300,Lake Village Police Department,AR,1810
AR0030400,Lakeview Police Department,AR,789
AR0360300,Lamar Police Department,AR,1782
AR0661200,Lavaca Police Department,AR,2548
AR0380000,Lawrence County Sheriff's Office,AR,7181
AR0470300,Leachville Police Department,AR,1865
AR0050500,Lead Hill Police Department,AR,282
AR0390000,Lee County Sheriff's Office,AR,4826
AR0560400,Lepanto Police Department,AR,1616
AR0370300,Lewisville Police Department,AR,858
AR0400000,Lincoln County Sheriff's Office,AR,10847
AR0720600,Lincoln Police Department,AR,2393
AR0041600,Little Flock Police Department,AR,3036
AR0410000,Little River County Sheriff's Office,AR,7514
AR0600200,Little Rock Police Department,AR,205320
AR0420000,Logan County Sheriff's Office,AR,14471
AR0430000,Lonoke County Sheriff's Office,AR,29205
AR0430400,Lonoke Police Department,AR,4294
AR0040600,Lowell Police Department,AR,12019
AR0470500,Luxora Police Department,AR,849
AR0620600,Madison  Police Department,AR,706
AR0440000,Madison County Sheriff's Office,AR,14672
AR0140100,Magnolia Police Department,AR,10667
AR0300100,Malvern Police Department,AR,11144
AR0250200,Mammoth Spring Police Department,AR,953
AR0470400,Manila Police Department,AR,3747
AR0660700,Mansfield Police Department,AR,1067
AR0390100,Marianna Police Department,AR,3192
AR0450000,Marion County Sheriff's Office,AR,14610
AR0180400,Marion Police Department,AR,13466
AR0560100,Marked Tree Police Department,AR,2170
AR0280200,Marmaduke Police Department,AR,1252
AR0650100,Marshall Police Department,AR,1316
AR0601600,Maumelle Police Department,AR,19613
AR0230300,Mayflower Police Department,AR,2384
AR0740200,McCrory Police Department,AR,1433
AR0210100,McGehee Police Department,AR,3422
AR0731000,McRae Police Department,AR,617
AR0570100,Mena Police Department,AR,5602
AR0150400,Menifee Police Department,AR,324
AR0460000,Miller County Sheriff's Office,AR,13113
AR0310400,Mineral Springs Police Department,AR,1035
AR0470000,Mississippi County Sheriff's Office,AR,8365
AR0160600,Monette Police Department,AR,1570
AR0480000,Monroe County Sheriff's Office,AR,2421
AR0490000,Montgomery County Sheriff's Office,AR,8482
AR0220100,Monticello Police Department,AR,8127
AR0150100,Morrilton Police Department,AR,7235
AR0030100,Mountain Home Police Department,AR,13478
AR0690100,Mountain View Police Department,AR,2970
AR0170600,Mountainburg Police Department,AR,533
AR0170300,Mulberry Police Department,AR,1645
AR0550100,Murfreesboro Police Department,AR,1449
AR0310100,Nashville Police Department,AR,3944
AR0500000,Nevada County Sheriff's Office,AR,5011
AR0340100,Newport Police Department,AR,8058
AR0510000,Newton County Sheriff's Office,AR,6999
AR0030500,Norfork Police Department,AR,483
AR0600300,North Little Rock Police Department,AR,64455
AR0041400,Northwest Arkansas Community College,AR,0
AR0041700,Northwest Arkansas Regional Airport,AR,0
AR0750300,Ola Police Department,AR,926
AR0470200,Osceola Police Department,AR,6385
AR0520000,Ouachita County Sheriff's Office,AR,11504
AR0240100,Ozark Police Department,AR,3616
AR0730500,Pangburn Police Department,AR,498
AR0280100,Paragould Police Department,AR,30940
AR0420200,Paris Police Department,AR,3314
AR0190200,Parkin Police Department,AR,764
AR0740400,Patterson Police Department,AR,280
AR0040400,Pea Ridge Police Department,AR,11334
AR0530000,Perry County Sheriff's Office,AR,8921
AR0530100,Perryville Police Department,AR,1415
AR0540000,Phillips County Sheriff's Office,AR,6060
AR0110200,Piggott Police Department,AR,3496
AR0110900,Piggott Public School,AR,0
AR0550000,Pike County Sheriff's Office,AR,6595
AR0350100,Pine Bluff Police Department,AR,38257
AR0321100,Pleasant Plains Police Department,AR,346
AR0150300,Plumerville Police Department,AR,754
AR0610100,Pocahontas Police Department,AR,7781
AR0560000,Poinsett County Sheriff's Office,AR,7523
AR0570000,Polk County Sheriff's Office,AR,13936
AR0580000,Pope County Sheriff's Office,AR,28160
AR0581000,Pottsville Police Department,AR,3340
AR0581900,Pottsville School District,AR,0
AR0590000,Prairie County Sheriff's Office,AR,4192
AR0720300,Prairie Grove Police Department,AR,8998
AR0500100,Prescott Police Department,AR,2941
AR0600000,Pulaski County Sheriff's Office,AR,49735
AR0120200,Quitman Police Department,AR,704
AR0610000,Randolph County Sheriff's Office,AR,11413
AR0380400,Ravenden Police Department,AR,420
AR0350300,Redfield Police Department,AR,1497
AR0040200,Rogers Police Department,AR,77020
AR0730600,Rose Bud Police Department,AR,499
AR0580100,Russellville Police Department,AR,29567
AR0250100,Salem Police Department,AR,1641
AR0630000,Saline County Sheriff's Office,AR,54646
AR0640000,Scott County Sheriff's Office,AR,6151
AR0650000,Searcy County Sheriff's Office,AR,6535
AR0730100,Searcy Police Department,AR,24267
AR0660000,Sebastian County Sheriff's Office,AR,18666
AR0670000,Sevier County Sheriff's Office,AR,9691
AR0630400,Shannon Hills Police Department,AR,4796
AR0680000,Sharp County Sheriff's Office,AR,9061
AR0270100,Sheridan Police Department,AR,5383
AR0600400,Sherwood Police Department,AR,33401
AR0040300,Siloam Springs Police Department,AR,20770
AR0700200,Smackover Police Department,AR,1560
AR0351900,Southeast Arkansas College,AR,0
AR0140500,Southern Arkansas University,AR,0
AR0520600,Southern Arkansas University Tech,AR,0
AR0720200,Springdale Police Department,AR,93007
AR0010500,St. Charles Police Department,AR,188
AR0620000,St. Francis County Sheriff's Office,AR,7727
AR0370200,Stamps Police Department,AR,1187
AR0400200,Star City Police Department,AR,2044
AR0601700,State Capitol Police,AR,0
AR0601300,"State Park: Arkansas Department of Parks, Heritage and Tourism",AR,0
AR070100X,State Park: Arkansas Museum of Natural Resources,AR,0
AR001100X,State Park: Arkansas Post Museum State Park,AR,0
AR0030900,State Park: Bull Shoals-White River State Park,AR,0
AR0400500,State Park: Cane Creek State Park,AR,0
AR037040X,State Park: Conway Cemetery State Park,AR,0
AR0310600,State Park: Cossatot River State Park-Natural Area,AR,0
AR0550600,State Park: Crater of Diamonds State Park,AR,0
AR0281500,State Park: Crowley's Ridge State Park,AR,0
AR0550500,State Park: Daisy State Park,AR,0
AR0610900,State Park: Davidsonville Historic State Park,AR,0
AR0301300,State Park: DeGray Lake Resort State Park,AR,0
AR0541900,State Park: Delta Heritage Trail State Park,AR,0
AR0722300,State Park: Devil's Den State Park,AR,0
AR047130X,State Park: Hampson Archeological Museum State Park,AR,0
AR047140X,State Park: Herman Davis State Park,AR,0
AR0290400,State Park: Historic Washington State Park,AR,0
AR0042900,State Park: Hobbs State Park-Conservation Area,AR,0
AR0341000,State Park: Jacksonport State Park,AR,0
AR027020X,State Park: Jenkins Ferry Battleground State Park,AR,0
AR0301400,State Park: Lake Catherine State Park,AR,0
AR0381600,State Park: Lake Charles State Park,AR,0
AR009040X,State Park: Lake Chicot State Park,AR,0
AR0582000,State Park: Lake Dardanelle State Park,AR,0
AR0172200,State Park: Lake Fort Smith State Park,AR,0
AR028150X,State Park: Lake Frierson State Park,AR,0
AR0261300,State Park: Lake Ouachita State Park,AR,0
AR056120X,State Park: Lake Poinsett State Park,AR,0
AR0530500,State Park: Lake Sylvia Recreation Area,AR,0
AR0140700,State Park: Logoly State Park,AR,0
AR039040X,State Park: Louisiana Purchase State Park,AR,0
AR059050X,State Park: Lower White River Museum State Park,AR,0
AR025040X,State Park: Mammoth Spring State Park,AR,0
AR013050X,State Park: Marks' Mills Battleground State Park,AR,0
AR0410400,State Park: Millwood State Park,AR,0
AR0541800,State Park: Mississippi River State Park,AR,0
AR0060400,State Park: Moro Bay State Park,AR,0
AR0420400,State Park: Mount Magazine State Park,AR,0
AR0750800,State Park: Mount Nebo State Park,AR,0
AR0690300,State Park: Ozark Folk Center State Park,AR,0
AR019060X,State Park: Parkin Archeological State Park,AR,0
AR0150800,State Park: Petit Jean State Park,AR,0
AR0603800,State Park: Pinnacle Mountain State Park,AR,0
AR060F10X,State Park: Plantation Agriculture Museum State Park,AR,0
AR0431900,State Park: Plum Bayou Mounds Archaeological State Park,AR,0
AR052080X,State Park: Poison Springs Battleground State Park,AR,0
AR0381700,State Park: Powhatan Historic State Park,AR,0
AR0722400,State Park: Prairie Grove Battlefield State Park,AR,0
AR0570600,State Park: Queen Wilhelmina State Park,AR,0
AR070110X,State Park: South Arkansas Arboretum State Park,AR,0
AR0190500,State Park: Village Creek State Park,AR,0
AR0603900,State Park: War Memorial Stadium,AR,0
AR0500500,State Park: White Oak Lake State Park,AR,0
AR0440300,State Park: Withrow Springs State Park,AR,0
AR0231200,State Park: Woolly Hollow State Park,AR,0
AR0690000,Stone County Sheriff's Office,AR,9954
AR0010200,Stuttgart Police Department,AR,7495
AR0041100,Sulphur Springs Police Department,AR,473
AR0340600,Swifton Police Department,AR,706
AR0460100,Texarkana Police Department,AR,28778
AR0722000,Tontitown Police Department,AR,9067
AR0560200,Trumann Police Department,AR,7411
AR0340200,Tuckerman Police Department,AR,1654
AR0180300,Turrell Police Department,AR,485
AR0560500,Tyronza Police Department,AR,665
AR0700000,Union County Sheriff's Office,AR,18651
AR0150500,University of Arkansas Community College at Morrilton,AR,0
AR0720400,University of Arkansas: Fayetteville,AR,0
AR0600500,University of Arkansas: Little Rock,AR,0
AR0600900,University of Arkansas: Medical Sciences,AR,0
AR0220300,University of Arkansas: Monticello,AR,0
AR0350400,University of Arkansas: Pine Bluff,AR,0
AR0602400,University of Arkansas: Pulaski Technical College,AR,0
AR0230600,University of Central Arkansas,AR,0
AR0710000,Van Buren County Sheriff's Office,AR,11502
AR0170100,Van Buren Police Department,AR,24694
AR0230400,Vilonia Police Department,AR,4765
AR0640100,Waldron Police Department,AR,3327
AR0380100,Walnut Ridge Police Department,AR,5535
AR0430600,Ward Police Department,AR,7277
AR0060100,Warren Police Department,AR,5122
AR0720000,Washington County Sheriff's Office,AR,43046
AR0560700,Weiner Police Department,AR,606
AR0720800,West Fork Police Department,AR,2363
AR0180100,West Memphis Police Department,AR,23311
AR0730000,White County Sheriff's Office,AR,37180
AR0350200,White Hall Police Department,AR,5478
AR0470600,Wilson Police Department,AR,690
AR0740000,Woodruff County Sheriff's Office,AR,2194
AR0190100,Wynne Police Department,AR,7812
AR0750000,Yell County Sheriff's Office,AR,12711
AZDI06500,Ak-Chin Tribal,AZ,0
AZ0010000,Apache County Sheriff's Office,AZ,54490
AZ0111300,Apache Junction Police Department,AZ,45834
AZCCHPX00,Arizona Department of Public Safety,AZ,0
AZ0079700,Arizona State University: Main Campus,AZ,0
AZ0149700,Arizona Western College,AZ,0
AZ0070100,Avondale Police Department,AZ,98457
AZ0020100,Benson Police Department,AZ,5524
AZ0020300,Bisbee Police Department,AZ,4967
AZ0070300,Buckeye Police Department,AZ,120174
AZ0080500,Bullhead City Police Department,AZ,43721
AZ0131300,Camp Verde Police Department,AZ,12684
AZ0110100,Casa Grande Police Department,AZ,73225
AZ0119700,Central Arizona College,AZ,0
AZ0070500,Chandler Police Department,AZ,282191
AZ0131200,Chino Valley Police Department,AZ,14117
AZ0130100,Clarkdale Police Department,AZ,5080
AZ0060100,Clifton Police Department,AZ,3791
AZ0020000,Cochise County Sheriff's Office,AZ,47915
AZ0030000,Coconino County Sheriff's Office,AZ,51759
AZ0140700,Cocopah Tribal,AZ,0
AZ0080600,Colorado City Police Department,AZ,3579
AZDI05900,Colorado River Agency,AZ,0
AZ0150200,Colorado River Tribal,AZ,0
AZ0110300,Coolidge Police Department,AZ,21646
AZ0130300,Cottonwood Police Department,AZ,13156
AZ0020500,Douglas Police Department,AZ,15655
AZ0070700,El Mirage Police Department,AZ,36598
AZ0110500,Eloy Police Department,AZ,20204
AZ0030100,Flagstaff Police Department,AZ,77664
AZ0110700,Florence Police Department,AZ,24335
AZDI06200,Fort Apache Agency,AZ,0
AZ007B300,Fort McDowell Tribal,AZ,0
AZ0080300,Fort Mojave Tribal,AZ,0
AZ0030300,Fredonia Police Department,AZ,1285
AZ0040000,Gila County Sheriff's Office,AZ,27468
AZ0111500,Gila River Indian Community,AZ,0
AZ0071100,Gilbert Police Department,AZ,293851
AZ0071300,Glendale Police Department,AZ,260498
AZ0040100,Globe Police Department,AZ,7158
AZ0071500,Goodyear Police Department,AZ,123911
AZ0050000,Graham County Sheriff's Office,AZ,21104
AZ0060000,Greenlee County Sheriff's Office,AZ,5513
AZ0040300,Hayden Police Department,AZ,805
AZ0090100,Holbrook Police Department,AZ,4835
AZDI08900,Hopi Resource Enforcement Agency,AZ,0
AZDI05300,Hopi Tribal,AZ,0
AZ0020700,Huachuca City Police Department,AZ,1598
AZDI06700,Hualapai Tribal,AZ,0
AZ0130500,Jerome Police Department,AZ,456
AZ0080700,Kaibab Paiute Tribal,AZ,0
AZ0110900,Kearny Police Department,AZ,1940
AZ0080100,Kingman Police Department,AZ,36035
AZ0150000,La Paz County Sheriff's Office,AZ,11066
AZ0080400,Lake Havasu City Police Department,AZ,59462
AZ007990X,Litchfield Park Police Department,AZ,6855
AZ0111100,Mammoth Police Department,AZ,1206
AZ0100900,Marana Police Department,AZ,65094
AZ0076200,Maricopa Community College,AZ,0
AZ0070000,Maricopa County Sheriff's Office,AZ,342500
AZ0111700,Maricopa Police Department,AZ,81890
AZ0071700,Mesa Police Department,AZ,519990
AZ0040500,Miami Police Department,AZ,1529
AZ0080800,"Mohave County Parks Department, Park Rangers",AZ,0
AZ0080000,Mohave County Sheriff's Office,AZ,85007
AZ0090000,Navajo County Sheriff's Office,AZ,67915
AZ0018900,Navajo Nation,AZ,0
AZ0120100,Nogales Police Department,AZ,20019
AZ0039700,Northern Arizona University,AZ,0
AZ0100700,Oro Valley Police Department,AZ,49271
AZ0030800,Page Police Department,AZ,7183
AZ0071900,Paradise Valley Police Department,AZ,12483
AZ0150100,Parker Police Department,AZ,3465
AZDI06600,Pascua Yaqui Tribal,AZ,0
AZ0040600,Payson Police Department,AZ,16854
AZ0072100,Peoria Police Department,AZ,201962
AZ0072300,Phoenix Police Department,AZ,1688662
AZ0109800,Pima Community College,AZ,0
AZ0100000,Pima County Sheriff's Office,AZ,366196
AZ0050100,Pima Police Department,AZ,3226
AZ0110000,Pinal County Sheriff's Office,AZ,245258
AZ0091300,Pinetop-Lakeside Police Department,AZ,4182
AZ0130700,Prescott Police Department,AZ,48778
AZ0131100,Prescott Valley Police Department,AZ,52622
AZ0150300,Quartzsite Police Department,AZ,2429
AZ0141000,Quechan Tribal,AZ,0
AZ0071F00,Queen Creek Police Department,AZ,90750
AZ0010500,Round Valley Police Department,AZ,6175
AZ0050300,Safford Police Department,AZ,10288
AZ0100400,Sahuarita Police Department,AZ,38264
AZ0078900,Salt River Tribal,AZ,0
AZDI05200,San Carlos Agency,AZ,0
AZ0048900,San Carlos Apache,AZ,0
AZ0140800,San Luis Police Department,AZ,41231
AZ0120000,Santa Cruz County Sheriff's Office,AZ,30799
AZ0072500,Scottsdale Police Department,AZ,247258
AZ0131400,Sedona Police Department,AZ,9799
AZ0090300,Show Low Police Department,AZ,12521
AZ0020900,Sierra Vista Police Department,AZ,44541
AZ0090500,Snowflake-Taylor Police Department,AZ,11393
AZ0140300,Somerton Police Department,AZ,15074
AZ0100100,South Tucson Police Department,AZ,4515
AZ0010300,St. Johns Police Department,AZ,3336
AZ0111200,Superior Police Department,AZ,2751
AZ0072700,Surprise Police Department,AZ,173922
AZ0072900,Tempe Police Department,AZ,191348
AZ0050500,Thatcher Police Department,AZ,5710
AZ0101200,Tohono O'odham Nation,AZ,0
AZ0073100,Tolleson Police Department,AZ,10030
AZ0021100,Tombstone Police Department,AZ,1401
AZDI08100,Tonto Apache Tribal,AZ,0
AZDI06000,Truxton Canon Agency,AZ,0
AZ0101000,Tucson Airport Authority,AZ,0
AZ0100300,Tucson Police Department,AZ,556898
AZ0109700,University of Arizona,AZ,0
AZ0140900,Wellton Police Department,AZ,2719
AZ0098900,White Mountain Apache Tribal,AZ,0
AZ0073300,Wickenburg Police Department,AZ,8497
AZ0021300,Willcox Police Department,AZ,3214
AZ0030700,Williams Police Department,AZ,3552
AZ0090900,Winslow Police Department,AZ,8474
AZ0130800,Yavapai College,AZ,0
AZ0130000,Yavapai County Sheriff's Office,AZ,97732
AZDI06900,Yavapai-Apache Nation,AZ,0
AZDI02300,Yavapai-Prescott Tribal,AZ,0
AZ0140000,Yuma County Sheriff's Office,AZ,58124
AZ0140500,Yuma Police Department,AZ,105175
CA0361300,Adelanto Police Department,CA,37904
CA0191F00,Agoura Hills Police Department,CA,19234
CA0010000,Alameda County Sheriff's Office,CA,139564
CA0010100,Alameda Police Department,CA,78978
CA0010200,Albany Police Department,CA,19258
CA0190100,Alhambra Police Department,CA,79699
CA030490X,Aliso Viejo Police Department,CA,50060
CA0421100,Allan Hancock College,CA,0
CA0020000,Alpine County Sheriff's Office,CA,1078
CA0250100,Alturas Police Department,CA,2640
CA0030000,Amador County Sheriff's Office,CA,24973
CA028090X,American Canyon Police Department,CA,21728
CA0300100,Anaheim Police Department,CA,344040
CA0450100,Anderson Police Department,CA,11133
CA0070100,Antioch Police Department,CA,119234
CA036330X,Apple Valley Police Department,CA,74823
CA036A100,Apple Valley Unified School District,CA,0
CA0190200,Arcadia Police Department,CA,53974
CA0120100,Arcata Police Department,CA,18741
CA0400100,Arroyo Grande Police Department,CA,18203
CA0190300,Artesia Police Department,CA,15497
CA0150100,Arvin Police Department,CA,19698
CA0400800,Atascadero Police Department,CA,29742
CA040015M,Atascadero State Hospital,CA,0
CA0410100,Atherton Police Department,CA,6986
CA0240100,Atwater Police Department,CA,32326
CA0310100,Auburn Police Department,CA,13777
CA0190400,Avalon Police Department,CA,3224
CA0160800,Avenal Police Department,CA,14286
CA0190500,Azusa Police Department,CA,47939
CA0150200,Bakersfield Police Department,CA,420589
CA0190600,Baldwin Park Police Department,CA,68586
CA0191N00,Baldwin Park Unified School District,CA,0
CA0330100,Banning Police Department,CA,32480
CA0360100,Barstow Police Department,CA,24770
CADIT1600,Bear River Band,CA,0
CA0151500,Bear Valley Police Department,CA,5466
CA0330200,Beaumont Police Department,CA,61160
CA0190900,Bell Gardens Police Department,CA,37125
CA0190700,Bell Police Department,CA,31562
CA0190800,Bellflower Police Department,CA,74926
CA0410200,Belmont Police Department,CA,26859
CA0210100,Belvedere Police Department,CA,2069
CA0480100,Benicia Police Department,CA,26322
CA0010300,Berkeley Police Department,CA,121235
CA0191000,Beverly Hills Police Department,CA,30651
CA036200X,Big Bear Lake Police Department,CA,5045
CA0040100,Biggs Police Department,CA,1938
CA0140100,Bishop Police Department,CA,3727
CADI03900,Blue Lake Tribal,CA,0
CA0330300,Blythe Police Department,CA,17214
CA0191100,Bradbury Police Department,CA,874
CA0130100,Brawley Police Department,CA,28624
CA0300200,Brea Police Department,CA,47997
CA0070200,Brentwood Police Department,CA,66753
CA0410300,Brisbane Police Department,CA,4625
CA0411900,Broadmoor Police Department,CA,4412
CA0421200,Buellton Police Department,CA,4989
CA0300300,Buena Park Police Department,CA,82300
CA0191200,Burbank Police Department,CA,102684
CA0410400,Burlingame Police Department,CA,30794
CA0040000,Butte County Sheriff's Office,CA,65255
CA0192H0X,Calabasas Police Department,CA,22016
CA0050000,Calaveras County Sheriff's Office,CA,42987
CA0130200,Calexico Police Department,CA,38785
CA0151100,California City Police Department,CA,12745
CA0101900,"California Department of Forestry and Fire Protection, Fresno-Kings",CA,0
CA0090300,California Department of Forestry and Fire Protection: Amador-El Dorado,CA,0
CA0041200,California Department of Forestry and Fire Protection: Butte,CA,0
CA0121600,California Department of Forestry and Fire Protection: Humboldt,CA,0
CA0180500,California Department of Forestry and Fire Protection: Lassen-Modoc,CA,0
CA0220100,California Department of Forestry and Fire Protection: Madera-Mariposa-Merced,CA,0
CA0231000,California Department of Forestry and Fire Protection: Mendocino,CA,0
CA0311300,California Department of Forestry and Fire Protection: Nevada-Yuba-Placer,CA,0
CA0451000,California Department of Forestry and Fire Protection: Northern Region,CA,0
CA0341700,California Department of Forestry and Fire Protection: Office of State Fire Marshal,CA,0
CA0334800,California Department of Forestry and Fire Protection: Riverside,CA,0
CA0340500,California Department of Forestry and Fire Protection: Sacramento Headquarters,CA,0
CA0272100,California Department of Forestry and Fire Protection: San Benito-Monterey,CA,0
CA0365100,California Department of Forestry and Fire Protection: San Bernardino,CA,0
CA037A900,California Department of Forestry and Fire Protection: San Diego,CA,0
CA0402000,California Department of Forestry and Fire Protection: San Luis Obispo,CA,0
CA0441000,California Department of Forestry and Fire Protection: San Mateo-Santa Cruz,CA,0
CA0434000,California Department of Forestry and Fire Protection: Santa Clara,CA,0
CA0471700,California Department of Forestry and Fire Protection: Siskiyou,CA,0
CA0491500,California Department of Forestry and Fire Protection: Sonoma-Lake-Napa,CA,0
CA0102600,California Department of Forestry and Fire Protection: Southern Region,CA,0
CA0520500,California Department of Forestry and Fire Protection: Tehama-Glenn,CA,0
CA0541400,California Department of Forestry and Fire Protection: Tulare,CA,0
CA0050600,California Department of Forestry and Fire Protection: Tuolumne-Calaveras,CA,0
CA0342000,California State Fair,CA,0
CA0561300,California State Parks: Angeles,CA,0
CA0491100,California State Parks: Bay Area,CA,0
CA0342200,California State Parks: Capital,CA,0
CA0050300,California State Parks: Central Valley,CA,0
CA0561500,California State Parks: Channel Coast,CA,0
CA0372200,California State Parks: Colorado Desert,CA,0
CA0014100,California State Parks: Diablo Range,CA,0
CA0341201,California State Parks: Gold Fields,CA,0
CA0561700,California State Parks: Great Basin,CA,0
CA0332400,California State Parks: Inland Empire,CA,0
CA0271700,California State Parks: Monterey,CA,0
CA0121100,California State Parks: North Coast Redwoods,CA,0
CA0040700,California State Parks: Northern Buttes,CA,0
CA0401400,California State Parks: Oceano Dunes,CA,0
CA0372400,California State Parks: Ocotillo Wells,CA,0
CA0303200,California State Parks: Orange Coast,CA,0
CA0372500,California State Parks: San Diego Coast,CA,0
CA0401200,California State Parks: San Luis Obispo,CA,0
CA0440800,California State Parks: Santa Cruz,CA,0
CA0310700,California State Parks: Sierra,CA,0
CA0491200,California State Parks: Sonoma-Mendocino,CA,0
CA0120800,California State Polytechnic University: Humboldt,CA,0
CA0197800,California State Polytechnic University: Pomona,CA,0
CA0400700,California State Polytechnic University: San Luis Obispo,CA,0
CA0481500,California State Polytechnic University: Solano,CA,0
CA0151200,California State University: Bakersfield,CA,0
CA0562200,California State University: Channel Islands,CA,0
CA0049700,California State University: Chico,CA,0
CA0198100,California State University: Dominguez Hills,CA,0
CA0011500,California State University: East Bay,CA,0
CA0109700,California State University: Fresno,CA,0
CA0302700,California State University: Fullerton,CA,0
CA0198200,California State University: Long Beach,CA,0
CA0198300,California State University: Los Angeles,CA,0
CA0271900,California State University: Monterey Bay,CA,0
CA0198400,California State University: Northridge,CA,0
CA0340800,California State University: Sacramento,CA,0
CA0361400,California State University: San Bernardino,CA,0
CA0431700,California State University: San Jose,CA,0
CA0373200,California State University: San Marcos,CA,0
CA0501000,California State University: Stanislaus,CA,0
CA033400X,Calimesa Police Department,CA,11400
CA0130300,Calipatria Police Department,CA,6443
CA0280100,Calistoga Police Department,CA,4973
CA0560100,Camarillo Police Department,CA,69673
CA0430200,Campbell Police Department,CA,42679
CA033410X,Canyon Lake Police Department,CA,11180
CA0440100,Capitola Police Department,CA,9404
CA0370100,Carlsbad Police Department,CA,113239
CA0270100,Carmel Police Department,CA,3103
CA0420500,Carpinteria Police Department,CA,12786
CA0197700,Carson Police Department,CA,90372
CA0332500,Cathedral City Police Department,CA,52742
CA0211700,Central Marin Police Department,CA,35311
CA0500100,Ceres Police Department,CA,49144
CA0191900,Cerritos Police Department,CA,46237
CA0362600,Chaffey College,CA,0
CA0040200,Chico Police Department,CA,102829
CA036400X,Chino Hills Police Department,CA,77161
CA0360200,Chino Police Department,CA,94769
CA0200100,Chowchilla Police Department,CA,19258
CA0370200,Chula Vista Police Department,CA,279237
CA0349600,Citrus Heights Police Department,CA,86751
CA0050100,City of Angels Police Department,CA,3744
CA0191300,Claremont Police Department,CA,35825
CA0070300,Clayton Police Department,CA,10901
CA0170200,Clearlake Police Department,CA,16622
CA0490100,Cloverdale Police Department,CA,8726
CA0100100,Clovis Police Department,CA,129862
CA0103500,Clovis Unified School District,CA,0
CA0330500,Coachella Police Department,CA,45992
CA0100200,Coalinga Police Department,CA,16497
CA010015M,Coalinga State Hospital,CA,0
CA0541100,College of the Sequoias,CA,0
CA0410500,Colma Police Department,CA,1411
CA0360300,Colton Police Department,CA,53417
CA0060000,Colusa County Sheriff's Office,CA,9849
CA0060100,Colusa Police Department,CA,6633
CA0191400,Commerce Police Department,CA,11776
CA0191500,Compton Police Department,CA,90092
CA0070400,Concord Police Department,CA,123703
CA0072100,Contra Costa Community College,CA,0
CA0070000,Contra Costa County Sheriff's Office,CA,169989
CA0160100,Corcoran Police Department,CA,22609
CA0520100,Corning Police Department,CA,8109
CA0331500,Corona Police Department,CA,162606
CA0370300,Coronado Police Department,CA,17532
CA0300400,Costa Mesa Police Department,CA,108414
CA0490200,Cotati Police Department,CA,7357
CA0191600,Covina Police Department,CA,48777
CADIT0900,Coyote Valley Tribal,CA,0
CA0080100,Crescent City Police Department,CA,6146
CA0191700,Cudahy Police Department,CA,21445
CA0401900,Cuesta College,CA,0
CA0191800,Culver City Police Department,CA,39678
CA0430300,Cupertino Police Department,CA,58403
CA0300500,Cypress Police Department,CA,49097
CA0410600,Daly City Police Department,CA,100564
CA030360X,Dana Point Police Department,CA,32466
CA007230X,Danville Police Department,CA,43372
CA0570100,Davis Police Department,CA,67181
CA0370400,Del Mar Police Department,CA,3891
CA0080000,Del Norte County Sheriff's Office,CA,20677
CA0270200,Del Rey Oaks Police Department,CA,1546
CA0150300,Delano Police Department,CA,54060
CA0330600,Desert Hot Springs Police Department,CA,34267
CA0191W0X,Diamond Bar Police Department,CA,51635
CA0540100,Dinuba Police Department,CA,26100
CA0480200,Dixon Police Department,CA,20540
CA0470100,Dorris Police Department,CA,808
CA0240200,Dos Palos Police Department,CA,5752
CA0192000,Downey Police Department,CA,108251
CA0192100,Duarte Police Department,CA,23981
CA001300X,Dublin Police Department,CA,70120
CA0470200,Dunsmuir Police Department,CA,1597
CA0011400,East Bay Regional Parks: Alameda County,CA,0
CA0412700,East Palo Alto Police Department,CA,29143
CA033790X,Eastvale Police Department,CA,70931
CA0370500,El Cajon Police Department,CA,102604
CA0190C00,El Camino College,CA,0
CA0130400,El Centro Police Department,CA,44178
CA0070500,El Cerrito Police Department,CA,26528
CA0090000,El Dorado County Sheriff's Office,CA,161044
CA0192200,El Monte Police Department,CA,103551
CA0192300,El Segundo Police Department,CA,16380
CA0340H00,Elk Grove Police Department,CA,184388
CA0010400,Emeryville Police Department,CA,14177
CA037A400,Encinitas Police Department,CA,60923
CA0390100,Escalon Police Department,CA,7449
CA0370600,Escondido Police Department,CA,148303
CA0470300,Etna Police Department,CA,635
CA0120300,Eureka Police Department,CA,25154
CA0540200,Exeter Police Department,CA,10152
CA0210300,Fairfax Police Department,CA,7447
CA0480300,Fairfield Police Department,CA,123346
CA0540300,Farmersville Police Department,CA,10528
CA0120400,Ferndale Police Department,CA,1352
CA0560200,Fillmore Police Department,CA,17399
CA0100300,Firebaugh Police Department,CA,8498
CA0340100,Folsom Police Department,CA,89999
CA0360400,Fontana Police Department,CA,220837
CA0365000,Fontana Unified School District,CA,0
CA0432700,Foothill-De Anza College,CA,0
CA0230100,Fort Bragg Police Department,CA,7153
CA0470400,Fort Jones Police Department,CA,661
CA0120500,Fortuna Police Department,CA,12021
CA0412000,Foster City Police Department,CA,32395
CA0300700,Fountain Valley Police Department,CA,55805
CA0100400,Fowler Police Department,CA,7662
CA0010500,Fremont Police Department,CA,227635
CA0100000,Fresno County Sheriff's Office,CA,159621
CA0100500,Fresno Police Department,CA,551969
CA0300800,Fullerton Police Department,CA,139237
CA0340200,Galt Police Department,CA,26827
CA0300900,Garden Grove Police Department,CA,172490
CA0192400,Gardena Police Department,CA,58456
CA0430400,Gilroy Police Department,CA,60649
CA0192500,Glendale Police Department,CA,185849
CA0192600,Glendora Police Department,CA,49541
CA0110000,Glenn County Sheriff's Office,CA,19445
CA042140X,Goleta Police Department,CA,32573
CA0270300,Gonzales Police Department,CA,8383
CA036210X,Grand Terrace Police Department,CA,12935
CA0290100,Grass Valley Police Department,CA,14087
CA0270400,Greenfield Police Department,CA,21603
CA0040300,Gridley Police Department,CA,7342
CA0400200,Grover Beach Police Department,CA,12501
CA0420100,Guadalupe Police Department,CA,8868
CA0240300,Gustine Police Department,CA,6139
CA0160200,Hanford Police Department,CA,60962
CA0192700,Hawaiian Gardens Police Department,CA,13302
CA0192800,Hawthorne Police Department,CA,82626
CA0010600,Hayward Police Department,CA,157399
CA0490300,Healdsburg Police Department,CA,11201
CA0330800,Hemet Police Department,CA,93689
CA0070600,Hercules Police Department,CA,26595
CA0192900,Hermosa Beach Police Department,CA,18451
CA036320X,Hesperia Police Department,CA,102309
CA0193000,Hidden Hills Police Department,CA,1680
CA036300X,Highland Police Department,CA,56381
CA0199975,Highway Patrol: Altadena Area Office,CA,0
CA0259970,Highway Patrol: Alturas Area Office,CA,0
CA0039995,Highway Patrol: Amador Area Office,CA,0
CA0199945,Highway Patrol: Antelope Valley Area Office,CA,0
CA0369965,Highway Patrol: Arrowhead Area Office,CA,0
CA0319920,Highway Patrol: Auburn Area Office,CA,0
CA0159920,Highway Patrol: Bakersfield Area Office,CA,0
CA0199925,Highway Patrol: Baldwin Park Area Office,CA,0
CA0369930,Highway Patrol: Barstow Area Office,CA,0
CA0149925,Highway Patrol: Bishop Area Office,CA,0
CA0339960,Highway Patrol: Blythe Area Office,CA,0
CA0379901,Highway Patrol: Border Division Area Office,CA,0
CA0379908,Highway Patrol: Border Investigative Services Unit,CA,0
CA0269920,Highway Patrol: Bridgeport Area Office,CA,0
CA0429955,Highway Patrol: Buellton Area Office,CA,0
CA0159926,Highway Patrol: Buttonwillow Area Office,CA,0
CA0139926,Highway Patrol: Calexico Commercial Vehicle Enforcement Facility,CA,0
CA0309990,Highway Patrol: Capistrano Area Office,CA,0
CA0349917,Highway Patrol: Capitol Protection Section,CA,0
CA0199941,Highway Patrol: Castaic Commercial Vehicle Enforcement Facility,CA,0
CA0109901,Highway Patrol: Central Division,CA,0
CA0109912,Highway Patrol: Central Investigative Services Unit,CA,0
CA0199990,Highway Patrol: Central Los Angeles Area Office,CA,0
CA0049941,Highway Patrol: Chico Area Office,CA,0
CA0249964,Highway Patrol: Chowchilla River Commercial Vehicle Enforcement Facility,CA,0
CA0179951,Highway Patrol: Clear Lake Area Office,CA,0
CA0109995,Highway Patrol: Coalinga Area Office,CA,0
CA0409901,Highway Patrol: Coastal Division,CA,0
CA0449909,"Highway Patrol: Coastal Investigative Services Unit, Monterey",CA,0
CA0569910,"Highway Patrol: Coastal Investigative Services Unit, Ventura",CA,0
CA0569966,Highway Patrol: Conejo Commercial Vehicle Enforcement Facility,CA,0
CA0079920,Highway Patrol: Contra Costa Area Office,CA,0
CA0489966,Highway Patrol: Cordelia Commercial Vehicle Enforcement Facility,CA,0
CA0529931,Highway Patrol: Cottonwood Commercial Vehicle Enforcement Facility,CA,0
CA0089920,Highway Patrol: Crescent City Area Office,CA,0
CA0399912,Highway Patrol: Delta Regional Auto Theft Team,CA,0
CA0339956,Highway Patrol: Desert Hills Commercial Vehicle Enforcement Facility,CA,0
CA0349923,"Highway Patrol: Dignitary Protection Section, North",CA,0
CA0199998,"Highway Patrol: Dignitary Protection Section, South",CA,0
CA0299923,Highway Patrol: Donner Pass Commercial Vehicle Enforcement Facility,CA,0
CA0019990,Highway Patrol: Dublin Area Office,CA,0
CA0479947,Highway Patrol: Dunsmuir Grade Commercial Vehicle Enforcement Facility,CA,0
CA0199935,Highway Patrol: East Los Angeles Area Office,CA,0
CA0349960,Highway Patrol: East Sacramento Area Office,CA,0
CA0379980,Highway Patrol: El Cajon Area Office,CA,0
CA0139925,Highway Patrol: El Centro Area Office,CA,0
CA0159960,Highway Patrol: Fort Tejon Area Office,CA,0
CA0109935,Highway Patrol: Fresno Area Office,CA,0
CA0129926,Highway Patrol: Garberville Area Office,CA,0
CA0439926,Highway Patrol: Gilroy Commercial Vehicle Enforcement Facility,CA,0
CA0319921,Highway Patrol: Gold Run Area Office,CA,0
CA0489901,Highway Patrol: Golden Gate Division,CA,0
CA0019916,Highway Patrol: Golden Gate Investigative Services Unit,CA,0
CA0349908,Highway Patrol: Governor's Protective Detail Section,CA,0
CA0159924,Highway Patrol: Grapevine Commercial Vehicle Enforcement Facility,CA,0
CA0299930,Highway Patrol: Grass Valley Area Office,CA,0
CA0169940,Highway Patrol: Hanford Area Office,CA,0
CA0019945,Highway Patrol: Hayward Area Office,CA,0
CA0109913,Highway Patrol: Help Eliminate Auto Theft (Fresno HEAT),CA,0
CA0439925,Highway Patrol: Hollister-Gilroy Area Office,CA,0
CA0129925,Highway Patrol: Humboldt Area Office,CA,0
CA0339930,Highway Patrol: Indio Area Office,CA,0
CA0369901,Highway Patrol: Inland Division,CA,0
CA0369908,Highway Patrol: Inland Investigative Services Unit,CA,0
CA0389921,"Highway Patrol: Judicial Protection Section, North",CA,0
CA0159912,Highway Patrol: Kern County Auto Theft Task Force,CA,0
CA0279935,Highway Patrol: King City Area Office,CA,0
CA0249961,Highway Patrol: Los Banos Area Office,CA,0
CA0209950,Highway Patrol: Madera Area Office,CA,0
CA0219950,Highway Patrol: Marin Area Office,CA,0
CA0229955,Highway Patrol: Mariposa Area Office,CA,0
CA0249960,Highway Patrol: Merced Area Office,CA,0
CA0019991,Highway Patrol: Mission Grade Commercial Vehicle Enforcement Facility,CA,0
CA0509965,Highway Patrol: Modesto Area Office,CA,0
CA0159930,Highway Patrol: Mojave Area Office,CA,0
CA0279930,Highway Patrol: Monterey Area Office,CA,0
CA0569970,Highway Patrol: Moorpark Area Office,CA,0
CA0369970,Highway Patrol: Morongo Basin Area Office,CA,0
CA0479946,Highway Patrol: Mount Shasta Area Office,CA,0
CA0369975,Highway Patrol: Mountain Pass Port of Entry Commercial Vehicle Enforcement Facility,CA,0
CA0289925,Highway Patrol: Napa Area Office,CA,0
CA0369934,Highway Patrol: Needles Area Office,CA,0
CA0199940,Highway Patrol: Newhall Area Office,CA,0
CA0019947,Highway Patrol: Nimitz Commercial Vehicle Enforcement Facility,CA,0
CA0349950,Highway Patrol: North Sacramento Area Office,CA,0
CA0459901,Highway Patrol: Northern Division,CA,0
CA0459907,Highway Patrol: Northern Investigative Services Unit,CA,0
CA0209956,Highway Patrol: Oakhurst Area Office,CA,0
CA0019970,Highway Patrol: Oakland Area Office,CA,0
CA0379950,Highway Patrol: Oceanside Area Office,CA,0
CA0349906,Highway Patrol: Office of Internal Affairs,CA,0
CA0049940,Highway Patrol: Oroville Area Office,CA,0
CA0379946,Highway Patrol: Otay Mesa Commercial Vehicle Enforcement Facility,CA,0
CA0099945,Highway Patrol: Placerville Area Office,CA,0
CA0549981,Highway Patrol: Porterville Area Office,CA,0
CA0329965,Highway Patrol: Quincy Area Office,CA,0
CA0339986,Highway Patrol: Rainbow Commercial Vehicle Enforcement Facility,CA,0
CA0369955,Highway Patrol: Rancho Cucamonga Area Office,CA,0
CA0529930,Highway Patrol: Red Bluff Area Office,CA,0
CA0459935,Highway Patrol: Redding Area Office,CA,0
CA0419930,Highway Patrol: Redwood City Area Office,CA,0
CA0339940,Highway Patrol: Riverside Area Office,CA,0
CA0349949,Highway Patrol: Sacramento Area Vehicle Theft Reduction Unit,CA,0
CA0349900,Highway Patrol: Sacramento County,CA,0
CA0059955,Highway Patrol: San Andreas Area Office,CA,0
CA0369960,Highway Patrol: San Bernardino Area Office,CA,0
CA0379945,Highway Patrol: San Diego Area Office,CA,0
CA0389935,Highway Patrol: San Francisco Area Office,CA,0
CA0339955,Highway Patrol: San Gorgonio Pass Area Office,CA,0
CA0439940,Highway Patrol: San Jose Area Office,CA,0
CA0409945,Highway Patrol: San Luis Obispo Area Office,CA,0
CA0379951,Highway Patrol: San Onofre Commercial Vehicle Enforcement Facility,CA,0
CA0309975,Highway Patrol: Santa Ana Area Office,CA,0
CA0429960,Highway Patrol: Santa Barbara Area Office,CA,0
CA0449920,Highway Patrol: Santa Cruz Area Office,CA,0
CA0199950,Highway Patrol: Santa Fe Springs Area Office,CA,0
CA0429950,Highway Patrol: Santa Maria Area Office,CA,0
CA0499960,Highway Patrol: Santa Rosa Area Office,CA,0
CA0489965,Highway Patrol: Solano Area Office,CA,0
CA0559925,Highway Patrol: Sonora Area Office,CA,0
CA0099946,Highway Patrol: South Lake Tahoe Area Office,CA,0
CA0199930,Highway Patrol: South Los Angeles Area Office,CA,0
CA0349952,Highway Patrol: South Sacramento Area Office,CA,0
CA0199901,Highway Patrol: Southern Division,CA,0
CA0199910,Highway Patrol: Southern Investigative Services Unit,CA,0
CA0509912,Highway Patrol: Stanislaus County Auto Theft Task Force,CA,0
CA0399965,Highway Patrol: Stockton Area Office,CA,0
CA0189940,Highway Patrol: Susanville Area Office,CA,0
CA0339985,Highway Patrol: Temecula Area Office,CA,0
CA0409940,Highway Patrol: Templeton Area Office,CA,0
CA0399966,Highway Patrol: Tracy Area Office,CA,0
CA0539975,Highway Patrol: Trinity River Area Office,CA,0
CA0299922,Highway Patrol: Truckee Area Office,CA,0
CA0239950,Highway Patrol: Ukiah Area Office,CA,0
CA0349901,Highway Patrol: Valley Division,CA,0
CA0349912,Highway Patrol: Valley Investigative Services Unit,CA,0
CA0569965,Highway Patrol: Ventura Area Office,CA,0
CA0369950,Highway Patrol: Victorville Area Office,CA,0
CA0549980,Highway Patrol: Visalia Area Office,CA,0
CA0199965,Highway Patrol: West Los Angeles Area Office,CA,0
CA0199980,Highway Patrol: West Valley Area Office,CA,0
CA0309970,Highway Patrol: Westminster Area Office,CA,0
CA0069955,Highway Patrol: Williams Area Office,CA,0
CA0119960,Highway Patrol: Willows Area Office,CA,0
CA0139920,Highway Patrol: Winterhaven Area Office,CA,0
CA0579980,Highway Patrol: Woodland Area Office,CA,0
CA0479945,Highway Patrol: Yreka Area Office,CA,0
CA0519985,Highway Patrol: Yuba-Sutter Area Office,CA,0
CA0410800,Hillsborough Police Department,CA,11126
CA0350100,Hollister Police Department,CA,45859
CA0130500,Holtville Police Department,CA,5616
CADIT0800,Hoopa Valley Tribal,CA,0
CA0500900,Hughson Police Department,CA,8009
CA0120000,Humboldt County Sheriff's Office,CA,70722
CA0301000,Huntington Beach Police Department,CA,191856
CA0193100,Huntington Park Police Department,CA,51552
CA0100600,Huron Police Department,CA,6822
CA0370700,Imperial Beach Police Department,CA,25437
CA0130000,Imperial County Sheriff's Office,CA,33727
CA0130600,Imperial Police Department,CA,22531
CA0331600,Indian Wells Police Department,CA,5042
CA0330900,Indio Police Department,CA,95514
CA0193200,Industry Police Department,CA,254
CA0193300,Inglewood Police Department,CA,101651
CA0140000,Inyo County Sheriff's Office,CA,14605
CA0030200,Ione Police Department,CA,9536
CA0302600,Irvine Police Department,CA,321339
CA0309600,Irvine Valley College,CA,0
CA0193400,Irwindale Police Department,CA,1457
CA0340300,Isleton Police Department,CA,778
CA0030300,Jackson Police Department,CA,5101
CA033A000,Jurupa Valley Police Department,CA,108866
CA0071300,Kensington Police Department,CA,5397
CA0100700,Kerman Police Department,CA,17881
CA0150000,Kern County Sheriff's Office,CA,298272
CA0152100,Kern High School District,CA,0
CA0270500,King City Police Department,CA,14065
CA0160000,Kings County Sheriff's Office,CA,30319
CA0100800,Kingsburg Police Department,CA,13310
CA019900X,La Canada Flintridge Police Department,CA,19408
CA0190D0X,La Habra Heights Police Department,CA,5314
CA0301200,La Habra Police Department,CA,60994
CADI0990X,La Jolla Tribal,CA,0
CA0370800,La Mesa Police Department,CA,60686
CA0193600,La Mirada Police Department,CA,45841
CA0300600,La Palma Police Department,CA,14977
CA0193700,La Puente Police Department,CA,36360
CA033310X,La Quinta Police Department,CA,40468
CA0193800,La Verne Police Department,CA,29879
CA0071500,Lafayette Police Department,CA,25368
CA0301100,Laguna Beach Police Department,CA,22455
CA030420X,Laguna Hills Police Department,CA,30150
CA030390X,Laguna Niguel Police Department,CA,64098
CA030470X,Laguna Woods Police Department,CA,16922
CA0170000,Lake County Sheriff's Office,CA,45812
CA033300X,Lake Elsinore Police Department,CA,74375
CA030430X,Lake Forest Police Department,CA,87471
CA0471000,Lake Shastina Police Department,CA,2546
CA0170100,Lakeport Police Department,CA,5122
CA0193500,Lakewood Police Department,CA,77590
CA019960X,Lancaster Police Department,CA,166019
CA0180000,Lassen County Sheriff's Office,CA,15865
CA0392400,Lathrop Police Department,CA,44482
CA0193900,Lawndale Police Department,CA,29780
CA037A100,Lemon Grove Police Department,CA,27896
CA0160300,Lemoore Police Department,CA,27042
CA0310300,Lincoln Police Department,CA,57962
CA0540400,Lindsay Police Department,CA,12716
CA0010700,Livermore Police Department,CA,84137
CA0240400,Livingston Police Department,CA,14908
CA0390200,Lodi Police Department,CA,69204
CA036220X,Loma Linda Police Department,CA,25267
CA0194000,Lomita Police Department,CA,19591
CA0420200,Lompoc Police Department,CA,43455
CA0194100,Long Beach Police Department,CA,447317
CA0301300,Los Alamitos Police Department,CA,11864
CA0430600,Los Altos Hills Police Department,CA,8422
CA0430500,Los Altos Police Department,CA,30747
CA0190K00,Los Angeles County Metropolitan Transportation Authority,CA,0
CA0190000,Los Angeles County Sheriff's Office,CA,945223
CA0194200,Los Angeles Police Department,CA,3874484
CA0198800,Los Angeles Port Police,CA,0
CA0192U0X,Los Angeles Transportation Services Bureau,CA,0
CA0240500,Los Banos Police Department,CA,49457
CADIT0500,Los Coyotes Tribal,CA,0
CA0430700,Los Gatos Police Department,CA,32840
CA0345400,Los Rios Community College,CA,0
CA0194300,Lynwood Police Department,CA,62826
CA0200000,Madera County Sheriff's Office,CA,78502
CA0200200,Madera Police Department,CA,69753
CA0192J0X,Malibu Police Department,CA,10218
CA0260100,Mammoth Lakes Police Department,CA,7097
CA0194400,Manhattan Beach Police Department,CA,32989
CA0390300,Manteca Police Department,CA,97039
CA0211300,Marin Community College,CA,0
CA0210000,Marin County Sheriff's Office,CA,66170
CA0271200,Marina Police Department,CA,23220
CA0220000,Mariposa County Sheriff's Office,CA,17002
CA0071400,Martinez Police Department,CA,36962
CA0580100,Marysville Police Department,CA,12680
CA0194500,Maywood Police Department,CA,23546
CA0150500,McFarland Police Department,CA,14413
CA0230000,Mendocino County Sheriff's Office,CA,60594
CA0100900,Mendota Police Department,CA,12631
CA0334900,Menifee Police Department,CA,120777
CA0410900,Menlo Park Police Department,CA,32887
CA0240000,Merced County Sheriff's Office,CA,92830
CA0240600,Merced Police Department,CA,98482
CA019A900,Metropolitan State Hospital,CA,0
CA0210500,Mill Valley Police Department,CA,13830
CA0430800,Milpitas Police Department,CA,79749
CA037A600,MiraCosta College,CA,0
CA030350X,Mission Viejo Police Department,CA,91142
CA0500200,Modesto Police Department,CA,221064
CA0250000,Modoc County Sheriff's Office,CA,5792
CA0260000,Mono County Sheriff's Office,CA,5818
CA0194600,Monrovia Police Department,CA,37736
CA0470500,Montague Police Department,CA,1158
CA0360500,Montclair Police Department,CA,37576
CA0430900,Monte Sereno Police Department,CA,3587
CA0194700,Montebello Police Department,CA,60172
CA0270000,Monterey County Sheriff's Office,CA,101058
CA0194800,Monterey Park Police Department,CA,57293
CA0270600,Monterey Police Department,CA,28727
CA056140X,Moorpark Police Department,CA,35466
CA0071600,Moraga Police Department,CA,16651
CA033320X,Moreno Valley Police Department,CA,215203
CA0431000,Morgan Hill Police Department,CA,46021
CA0400300,Morro Bay Police Department,CA,10549
CA0470600,Mount Shasta Police Department,CA,3101
CA0431100,Mountain View Police Department,CA,88504
CA033A100,Mt. San Jacinto College,CA,0
CA0334200,Murrieta Police Department,CA,112892
CA0280000,Napa County Sheriff's Office,CA,19884
CA0280200,Napa Police Department,CA,76328
CA028130X,Napa Special Investigations Bureau,CA,0
CA0280800,Napa State Hospital,CA,0
CA0370900,National City Police Department,CA,57748
CA0360600,Needles Police Department,CA,4816
CA0290200,Nevada City Police Department,CA,3206
CA0290000,Nevada County Sheriff's Office,CA,67376
CA0010800,Newark Police Department,CA,45944
CA0500300,Newman Police Department,CA,12267
CA0301400,Newport Beach Police Department,CA,82431
CA0331000,Norco Police Department,CA,25408
CA0194900,Norwalk Police Department,CA,97213
CA0210600,Novato Police Department,CA,52105
CA0500400,Oakdale Police Department,CA,23209
CA0010900,Oakland Police Department,CA,444211
CA007340X,Oakley Police Department,CA,48125
CA0371000,Oceanside Police Department,CA,170168
CA0011600,Ohlone Community College,CA,0
CA0560300,Ojai Police Department,CA,7545
CA0360700,Ontario Police Department,CA,187756
CA0300000,Orange County Sheriff's Office,CA,126078
CA0101000,Orange Cove Police Department,CA,9699
CA0301500,Orange Police Department,CA,137561
CA007260X,Orinda Police Department,CA,19588
CA0110100,Orland Police Department,CA,8673
CA0040400,Oroville Police Department,CA,19632
CA0560400,Oxnard Police Department,CA,200296
CA0270700,Pacific Grove Police Department,CA,14792
CA0411100,Pacifica Police Department,CA,36699
CA0331800,Palm Desert Police Department,CA,53647
CA0331100,Palm Springs Police Department,CA,45657
CA0195000,Palmdale Police Department,CA,160986
CA0431200,Palo Alto Police Department,CA,67491
CA037A700,Palomar Community College,CA,0
CA0195100,Palos Verdes Estates Police Department,CA,12512
CA0040500,Paradise Police Department,CA,10570
CA0195200,Paramount Police Department,CA,50586
CA0101100,Parlier Police Department,CA,14392
CA0190R00,Pasadena Community College,CA,0
CA0195300,Pasadena Police Department,CA,136663
CA0400400,Paso Robles Police Department,CA,31588
CA0500500,Patterson Police Department,CA,25930
CA0365700,Patton State Hospital,CA,0
CA0331200,Perris Police Department,CA,84120
CA0490800,Petaluma Police Department,CA,59305
CA0195400,Pico Rivera Police Department,CA,58749
CA0011000,Piedmont Police Department,CA,10709
CA0070700,Pinole Police Department,CA,18579
CA0400500,Pismo Beach Police Department,CA,7964
CA0070800,Pittsburg Police Department,CA,77328
CA0301600,Placentia Police Department,CA,53580
CA0310000,Placer County Sheriff's Office,CA,125475
CA0090100,Placerville Police Department,CA,10686
CA0070900,Pleasant Hill Police Department,CA,34065
CA0011100,Pleasanton Police Department,CA,74698
CA0320000,Plumas County Sheriff's Office,CA,18583
CA0195500,Pomona Police Department,CA,147214
CA0560500,Port Hueneme Police Department,CA,21174
CA0371500,Port of San Diego Harbor,CA,0
CA0541200,Porterville Developmental Center,CA,0
CA0540500,Porterville Police Department,CA,63646
CA037A300,Poway Police Department,CA,49601
CA034550X,Rancho Cordova Police Department,CA,85272
CA0361600,Rancho Cucamonga Police Department,CA,177179
CA0331700,Rancho Mirage Police Department,CA,18249
CA0198000,Rancho Palos Verdes Police Department,CA,39564
CA030480X,Rancho Santa Margarita Police Department,CA,45982
CA0520200,Red Bluff Police Department,CA,14175
CA0450200,Redding Police Department,CA,93429
CA0360800,Redlands Police Department,CA,74542
CA0195600,Redondo Beach Police Department,CA,67280
CA0411300,Redwood City Police Department,CA,82769
CA0101200,Reedley Police Department,CA,26368
CA0360900,Rialto Police Department,CA,105159
CA0071000,Richmond Police Department,CA,115149
CA0150600,Ridgecrest Police Department,CA,28469
CA0120700,Rio Dell Police Department,CA,3228
CA019C700,Rio Hondo Community College,CA,0
CA0480400,Rio Vista Police Department,CA,10309
CA0390400,Ripon Police Department,CA,16285
CA0500600,Riverbank Police Department,CA,25795
CA0334400,Riverside Community College,CA,0
CA0330000,Riverside County Sheriff's Office,CA,426614
CA0331300,Riverside Police Department,CA,325858
CA0310400,Rocklin Police Department,CA,75993
CA0490400,Rohnert Park Police Department,CA,45002
CA0195800,Rolling Hills Estates Police Department,CA,7942
CA0195700,Rolling Hills Police Department,CA,1623
CA0195900,Rosemead Police Department,CA,49226
CA0310500,Roseville Police Department,CA,167225
CA0210700,Ross Police Department,CA,2289
CA0340000,Sacramento County Sheriff's Office,CA,602628
CA0340400,Sacramento Police Department,CA,538389
CA0270800,Salinas Police Department,CA,160138
CA0350000,San Benito County Sheriff's Office,CA,24406
CA0363900,San Bernardino Community College,CA,0
CA0360000,San Bernardino County Sheriff's Office,CA,296025
CA0361000,San Bernardino Police Department,CA,225448
CA0362300,San Bernardino Unified School District,CA,0
CA0411400,San Bruno Police Department,CA,41622
CA0301700,San Clemente Police Department,CA,62236
CA0372800,San Diego Community College,CA,0
CA0370000,San Diego County Sheriff's Office,CA,498387
CA0371100,San Diego Police Department,CA,1409432
CA0371400,San Diego State University,CA,0
CA0196000,San Dimas Police Department,CA,32846
CA0196100,San Fernando Police Department,CA,23375
CA0012100,San Francisco Bay Area Rapid Transit: Alameda County,CA,0
CA0071800,San Francisco Bay Area Rapid Transit: Contra Costa County,CA,0
CA0380500,San Francisco Bay Area Rapid Transit: San Francisco County,CA,0
CA0412300,San Francisco Bay Area Rapid Transit: San Mateo County,CA,0
CA043380X,San Francisco Bay Area Rapid Transit: Santa Clara County,CA,0
CA0380000,San Francisco County Sheriff's Office,CA,0
CA038090X,San Francisco International Airport,CA,0
CA0380100,San Francisco Police Department,CA,815330
CA0380300,San Francisco State University,CA,0
CA0196200,San Gabriel Police Department,CA,37551
CA0331400,San Jacinto Police Department,CA,55851
CA0390000,San Joaquin County Sheriff's Office,CA,161713
CA0390800,San Joaquin Delta College,CA,0
CA0431300,San Jose Police Department,CA,994435
CA0433400,San Jose/Evergreen Community College,CA,0
CA0301800,San Juan Capistrano Police Department,CA,35548
CA0011200,San Leandro Police Department,CA,85567
CA0400000,San Luis Obispo County Sheriff's Office,CA,120480
CA0400600,San Luis Obispo Police Department,CA,50385
CA0371200,San Marcos Police Department,CA,97052
CA0196300,San Marino Police Department,CA,12015
CA0410000,San Mateo County Sheriff's Office,CA,127999
CA0411600,San Mateo Police Department,CA,102362
CA0071100,San Pablo Police Department,CA,31429
CADIT1400,San Pasqual Band of Mission Indians Tribal,CA,0
CA0210900,San Rafael Police Department,CA,59670
CA0074000,San Ramon Police Department,CA,85810
CA0270900,Sand City Police Department,CA,329
CA0101300,Sanger Police Department,CA,26612
CA0301900,Santa Ana Police Department,CA,317439
CA0420000,Santa Barbara County Sheriff's Office,CA,135709
CA0420300,Santa Barbara Police Department,CA,86926
CA0430000,Santa Clara County Sheriff's Office,CA,88673
CA0431400,Santa Clara Police Department,CA,134290
CA043950X,Santa Clara Transit District,CA,0
CA0191R0X,Santa Clarita Police Department,CA,228353
CA0440000,Santa Cruz County Sheriff's Office,CA,125144
CA0440200,Santa Cruz Police Department,CA,62473
CA0196400,Santa Fe Springs Police Department,CA,18568
CA0420400,Santa Maria Police Department,CA,111741
CA019A800,Santa Monica College,CA,0
CA0196500,Santa Monica Police Department,CA,90193
CA0560600,Santa Paula Police Department,CA,32043
CA0490500,Santa Rosa Police Department,CA,177414
CA037A200,Santee Police Department,CA,58918
CA0431500,Saratoga Police Department,CA,30382
CA0211000,Sausalito Police Department,CA,7030
CA0440400,Scotts Valley Police Department,CA,11731
CA0302000,Seal Beach Police Department,CA,24232
CA0271000,Seaside Police Department,CA,31325
CA0490600,Sebastopol Police Department,CA,7356
CA0101500,Selma Police Department,CA,24439
CA0150700,Shafter Police Department,CA,23483
CA0459100,Shasta County Marshal,CA,0
CA0450000,Shasta County Sheriff's Office,CA,76026
CA0460000,Sierra County Sheriff's Office,CA,3080
CA0196600,Sierra Madre Police Department,CA,10663
CA0196700,Signal Hill Police Department,CA,11149
CA0560900,Simi Valley Police Department,CA,125637
CA0470000,Siskiyou County Sheriff's Office,CA,20480
CA037A500,Solana Beach Police Department,CA,12854
CA0480000,Solano County Sheriff's Office,CA,17488
CA0271100,Soledad Police Department,CA,26261
CA0421000,Solvang Police Department,CA,5958
CA0491400,Sonoma County Junior College,CA,0
CA0490000,Sonoma County Sheriff's Office,CA,131223
CA0490700,Sonoma Police Department,CA,10576
CA0490900,Sonoma State University,CA,0
CA0550100,Sonora Police Department,CA,4820
CA0196800,South El Monte Police Department,CA,19016
CA0196900,South Gate Police Department,CA,90349
CA0090200,South Lake Tahoe Police Department,CA,21206
CA0197000,South Pasadena Police Department,CA,25370
CA0411700,South San Francisco Police Department,CA,64363
CA0280300,St. Helena Police Department,CA,5216
CA0151400,Stallion Springs Police Department,CA,2628
CA0500000,Stanislaus County Sheriff's Office,CA,109324
CA0302100,Stanton Police Department,CA,42005
CA0101700,State Center Community College District,CA,0
CA0390500,Stockton Police Department,CA,325985
CA0391500,Stockton Unified School District,CA,0
CA0480500,Suisun City Police Department,CA,29650
CA0431600,Sunnyvale Police Department,CA,157191
CA0180100,Susanville Police Department,CA,11522
CA0510000,Sutter County Sheriff's Office,CA,29248
CA0030500,Sutter Creek Police Department,CA,2722
CADIT0400,Sycuan Tribal,CA,0
CADIT1100,Table Mountain Rancheria,CA,0
CA0150800,Taft Police Department,CA,6849
CA0150900,Tehachapi Police Department,CA,10699
CA0520000,Tehama County Sheriff's Office,CA,41766
CA033380X,Temecula Police Department,CA,113026
CA0197100,Temple City Police Department,CA,34654
CA0560700,Thousand Oaks Police Department,CA,123592
CA0211100,Tiburon Police Department,CA,8883
CA0197200,Torrance Police Department,CA,137914
CA0390600,Tracy Police Department,CA,101835
CA0530000,Trinity County Sheriff's Office,CA,15508
CA0290800,Truckee Police Department,CA,17361
CA0540000,Tulare County Sheriff's Office,CA,133411
CA0540600,Tulare Police Department,CA,73442
CADIT0000,Tule River Tribal,CA,0
CA0470700,Tulelake Police Department,CA,847
CA0550000,Tuolumne County Sheriff's Office,CA,48627
CA0500700,Turlock Police Department,CA,72919
CA0302200,Tustin Police Department,CA,78611
CA036310X,Twentynine Palms Police Department,CA,26211
CA0341400,Twin Rivers Unified School District,CA,0
CA0230300,Ukiah Police Department,CA,15949
CA0011300,Union City Police Department,CA,65297
CA001320X,Union Pacific Railroad: Alameda County,CA,0
CA0030600,Union Pacific Railroad: Amador County,CA,0
CA0040600,Union Pacific Railroad: Butte County,CA,0
CA0050200,Union Pacific Railroad: Calaveras County,CA,0
CA0060300,Union Pacific Railroad: Colusa County,CA,0
CA0073300,Union Pacific Railroad: Contra Costa County,CA,0
CA009030X,Union Pacific Railroad: El Dorado County,CA,0
CA0102400,Union Pacific Railroad: Fresno County,CA,0
CA011030X,Union Pacific Railroad: Glenn County,CA,0
CA012090X,Union Pacific Railroad: Humboldt County,CA,0
CA013080X,Union Pacific Railroad: Imperial County,CA,0
CA014030X,Union Pacific Railroad: Inyo County,CA,0
CA0152200,Union Pacific Railroad: Kern County,CA,0
CA0160500,Union Pacific Railroad: Kings County,CA,0
CA018030X,Union Pacific Railroad: Lassen County,CA,0
CA0190I00,Union Pacific Railroad: Los Angeles County,CA,0
CA020040X,Union Pacific Railroad: Madera County,CA,0
CA021120X,Union Pacific Railroad: Marin County,CA,0
CA0230900,Union Pacific Railroad: Mendocino County,CA,0
CA024080X,Union Pacific Railroad: Merced County,CA,0
CA025020X,Union Pacific Railroad: Modoc County,CA,0
CA027150X,Union Pacific Railroad: Monterey County,CA,0
CA028060X,Union Pacific Railroad: Napa County,CA,0
CA029030X,Union Pacific Railroad: Nevada County,CA,0
CA030290X,Union Pacific Railroad: Orange County,CA,0
CA0311200,Union Pacific Railroad: Placer County,CA,0
CA032030X,Union Pacific Railroad: Plumas County,CA,0
CA033210X,Union Pacific Railroad: Riverside County,CA,0
CA0344800,Union Pacific Railroad: Sacramento County,CA,0
CA035030X,Union Pacific Railroad: San Benito County,CA,0
CA036549E,Union Pacific Railroad: San Bernardino County,CA,0
CA0381900,Union Pacific Railroad: San Francisco County,CA,0
CA0392100,Union Pacific Railroad: San Joaquin County,CA,0
CA0401800,Union Pacific Railroad: San Luis Obispo County,CA,0
CA041240X,Union Pacific Railroad: San Mateo County,CA,0
CA042070X,Union Pacific Railroad: Santa Barbara County,CA,0
CA0433600,Union Pacific Railroad: Santa Clara County,CA,0
CA044060X,Union Pacific Railroad: Santa Cruz County,CA,0
CA045030X,Union Pacific Railroad: Shasta County,CA,0
CA046020X,Union Pacific Railroad: Sierra County,CA,0
CA0471600,Union Pacific Railroad: Siskiyou County,CA,0
CA048080X,Union Pacific Railroad: Solano County,CA,0
CA049100X,Union Pacific Railroad: Sonoma County,CA,0
CA050120X,Union Pacific Railroad: Stanislaus County,CA,0
CA051040X,Union Pacific Railroad: Sutter County,CA,0
CA052040X,Union Pacific Railroad: Tehama County,CA,0
CA053010X,Union Pacific Railroad: Trinity County,CA,0
CA054100X,Union Pacific Railroad: Tulare County,CA,0
CA0562100,Union Pacific Railroad: Ventura County,CA,0
CA057050X,Union Pacific Railroad: Yolo County,CA,0
CA058030X,Union Pacific Railroad: Yuba County,CA,0
CA0019700,University of California: Berkeley,CA,0
CA0579700,University of California: Davis,CA,0
CA0309700,University of California: Irvine,CA,0
CA0199700,University of California: Los Angeles,CA,0
CA0349700,"University of California: Medical Center, Sacramento",CA,0
CA0241200,University of California: Merced,CA,0
CA0339700,University of California: Riverside,CA,0
CA0379700,University of California: San Diego,CA,0
CA0389700,University of California: San Francisco,CA,0
CA0429700,University of California: Santa Barbara,CA,0
CA0449700,University of California: Santa Cruz,CA,0
CA0361100,Upland Police Department,CA,79844
CA0480600,Vacaville Police Department,CA,104462
CA0480700,Vallejo Police Department,CA,122870
CA0562400,Ventura County Community College District,CA,0
CA0560000,Ventura County Sheriff's Office,CA,89656
CA0560800,Ventura Police Department,CA,109633
CA0197300,Vernon Police Department,CA,208
CA0365400,Victor Valley Union High School District,CA,0
CA0361200,Victorville Police Department,CA,142262
CA0302300,Villa Park Police Department,CA,5665
CA0540700,Visalia Police Department,CA,147414
CA0371300,Vista Police Department,CA,99445
CA0071200,Walnut Creek Police Department,CA,70970
CA0197400,Walnut Police Department,CA,26982
CA0151000,Wasco Police Department,CA,27937
CA0500800,Waterford Police Department,CA,9305
CA0440300,Watsonville Police Department,CA,51037
CA0470800,Weed Police Department,CA,2580
CA0197500,West Covina Police Department,CA,106374
CA0191H0X,West Hollywood Police Department,CA,34048
CA0570400,West Sacramento Police Department,CA,56549
CA0433700,West Valley-Mission Community College,CA,0
CA0190X0X,Westlake Village Police Department,CA,7495
CA0302400,Westminster Police Department,CA,89231
CA0130700,Westmorland Police Department,CA,2053
CA0580200,Wheatland Police Department,CA,4215
CA0197600,Whittier Police Department,CA,85082
CA033770X,Wildomar Police Department,CA,37942
CA0060200,Williams Police Department,CA,5611
CA0230400,Willits Police Department,CA,4811
CA0491300,Windsor Police Department,CA,25723
CA0570200,Winters Police Department,CA,7993
CA0540800,Woodlake Police Department,CA,7848
CA0570300,Woodland Police Department,CA,63498
CA0570000,Yolo County Sheriff's Office,CA,31667
CA0302500,Yorba Linda Police Department,CA,66061
CA028100X,Yountville Police Department,CA,3245
CA0470900,Yreka Police Department,CA,7657
CA0510200,Yuba City Police Department,CA,68919
CA0580000,Yuba County Sheriff's Office,CA,71865
CA036350X,Yucaipa Police Department,CA,54430
CA036410X,Yucca Valley Police Department,CA,21881
CADIT0200,Yurok Tribal,CA,0
CO0010000,Adams County Sheriff's Office,CO,101425
CO0020200,Adams State University,CO,0
CO0020000,Alamosa County Sheriff's Office,CO,6869
CO0020100,Alamosa Police Department,CO,9930
CO0030900,Arapahoe Community College,CO,0
CO0030000,Arapahoe County Sheriff's Office,CO,108141
CO0040000,Archuleta County Sheriff's Office,CO,12476
CO0300100,Arvada Police Department,CO,121261
CO0490100,Aspen Police Department,CO,6452
CO0621200,Ault Police Department,CO,2895
CO0160200,Auraria Higher Education Center,CO,0
CO0010100,Aurora Police Department,CO,407319
CO0190600,Avon Police Department,CO,5840
CO0050000,Baca County Sheriff's Office,CO,1542
CO0190400,Basalt Police Department,CO,4005
CO0340400,Bayfield Police Department,CO,2938
CO0060000,Bent County Sheriff's Office,CO,5868
CO0240200,Black Hawk Police Department,CO,120
CO0590500,Blue River Police Department,CO,828
CO0070000,Boulder County Sheriff's Office,CO,58784
CO0070100,Boulder Police Department,CO,106426
CO0030600,Bow Mar Police Department,CO,828
CO0590100,Breckenridge Police Department,CO,4852
CO0010200,Brighton Police Department,CO,44307
CO0640100,Broomfield Police Department,CO,79451
CO0440100,Brush Police Department,CO,5382
CO0080100,Buena Vista Police Department,CO,3197
CO0320100,Burlington Police Department,CO,3171
CO0211000,Calhan Police Department,CO,722
CO0220100,Canon City Police Department,CO,17257
CO0230400,Carbondale Police Department,CO,6834
CO0180100,Castle Rock Police Department,CO,85729
CO0150400,Cedaredge Police Department,CO,2470
CO0031100,Centennial Police Department,CO,109020
CO0550100,Center Police Department,CO,1879
CO0080000,Chaffee County Sheriff's Office,CO,11874
CO0030500,Cherry Hills Village Police Department,CO,6330
CO0090000,Cheyenne County Sheriff's Office,CO,1707
CO0100000,Clear Creek County Sheriff's Office,CO,7027
COCBI0000,Colorado Bureau of Investigation,CO,0
CO016065Y,Colorado Department of Revenue: Criminal Investigation Section,CO,0
CO007015Y,"Colorado Department of Revenue: Marijuana Enforcement Criminal Investigation, Boulder County",CO,0
CO021025Y,"Colorado Department of Revenue: Marijuana Enforcement Criminal Investigation, El Paso County",CO,0
CO030045Y,Colorado Department of Revenue: Marijuana Enforcement Division,CO,0
CO0301100,Colorado Division of Liquor Enforcement,CO,0
CODMV0000,Colorado Division of Motor Vehicle Investigations,CO,0
CO030025Y,"Colorado Division of Racing Events, Criminal Enforcement and Investigations Section",CO,0
CO0510200,Colorado Mental Health Institute,CO,0
CO0300800,Colorado School of Mines,CO,0
CO0210100,Colorado Springs Police Department,CO,496560
CO0350500,Colorado State University: Fort Collins,CO,0
CO0030800,Columbine Valley Police Department,CO,1732
CO0010300,Commerce City Police Department,CO,72244
CO0110000,Conejos County Sheriff's Office,CO,6885
CO0420100,Cortez Police Department,CO,9247
CO0120000,Costilla County Sheriff's Office,CO,3741
CO0410100,Craig Police Department,CO,8868
CO0260300,Crested Butte Police Department,CO,1640
CO0600200,Cripple Creek Police Department,CO,1115
CO0130000,Crowley County Sheriff's Office,CO,5589
CO0140000,Custer County Sheriff's Office,CO,5794
CO0620800,Dacono Police Department,CO,6851
CO0390400,De Beque Police Department,CO,475
CO0530200,Del Norte Police Department,CO,1398
CO0150000,Delta County Sheriff's Office,CO,17825
CO0438000,Delta Montrose Drug Task Force,CO,0
CO0150100,Delta Police Department,CO,9851
CODPD0000,Denver Police Department,CO,733212
CO0590200,Dillon Police Department,CO,1000
CO0410200,Dinosaur Police Department,CO,248
CO060015Y,"Division of Gaming Criminal Enforcement and Investigations Section, Cripple Creek",CO,0
CO030015Y,"Division of Gaming Criminal Enforcement and Investigations Section, Golden",CO,0
CO0170000,Dolores County Sheriff's Office,CO,2507
CO0180000,Douglas County Sheriff's Office,CO,231244
CO0340100,Durango Police Department,CO,19992
CO0190000,Eagle County Sheriff's Office,CO,24114
CO0190200,Eagle Police Department,CO,7309
CO0620300,Eaton Police Department,CO,5836
CO0300300,Edgewater Police Department,CO,4849
CO0210000,El Paso County Sheriff's Office,CO,210336
CO0200000,Elbert County Sheriff's Office,CO,26584
CO0200100,Elizabeth Police Department,CO,3126
CO0100300,Empire Police Department,CO,321
CO016085Y,Enforcement Bureau Auto Industry Division,CO,0
CO0030100,Englewood Police Department,CO,35656
CO0620700,Erie Police Department,CO,40970
CO0350200,Estes Park Police Department,CO,5769
CO0620400,Evans Police Department,CO,22420
CO0470100,Fairplay Police Department,CO,760
CO0010800,Federal Heights Police Department,CO,13867
CO0621800,Firestone Police Department,CO,20148
CO0220200,Florence Police Department,CO,3893
CO0350300,Fort Collins Police Department,CO,171159
CO034019E,Fort Lewis College,CO,0
CO0620100,Fort Lupton Police Department,CO,10504
CO0440200,Fort Morgan Police Department,CO,11907
CO0210200,Fountain Police Department,CO,29357
CO0450400,Fowler Police Department,CO,1190
CO0250400,Fraser/Winter Park Police Department,CO,2772
CO0621700,Frederick Police Department,CO,18852
CO0220000,Fremont County Sheriff's Office,CO,29339
CO0590400,Frisco Police Department,CO,2686
CO0390200,Fruita Police Department,CO,14037
CO0622700,Garden City Police Department,CO,250
CO0230000,Garfield County Sheriff's Office,CO,25666
CO0240000,Gilpin County Sheriff's Office,CO,5891
CO0030400,Glendale Police Department,CO,4432
CO0230100,Glenwood Springs Police Department,CO,10389
CO0300200,Golden Police Department,CO,20091
CO0500400,Granada Police Department,CO,447
CO0250100,Granby Police Department,CO,2364
CO0250000,Grand County Sheriff's Office,CO,9733
CO0390100,Grand Junction Police Department,CO,71807
CO0620200,Greeley Police Department,CO,115679
CO0210900,Green Mountain Falls Police Department,CO,598
CO0030700,Greenwood Village Police Department,CO,15201
CO0260000,Gunnison County Sheriff's Office,CO,7952
CO0260100,Gunnison Police Department,CO,6885
CO0191000,Gypsum Police Department,CO,9529
CO0480200,Haxtun Police Department,CO,964
CO0540200,Hayden Police Department,CO,1917
CO0270000,Hinsdale County Sheriff's Office,CO,738
CO0480100,Holyoke Police Department,CO,2284
CO0150300,Hotchkiss Police Department,CO,957
CO0622400,Hudson Police Department,CO,1610
CO0280000,Huerfano County Sheriff's Office,CO,6170
CO0370200,Hugo Police Department,CO,769
CO0100100,Idaho Springs Police Department,CO,1675
CO0340300,Ignacio Police Department,CO,846
CO0290000,Jackson County Sheriff's Office,CO,1250
CO0300000,Jefferson County Sheriff's Office,CO,197128
CO0621000,Johnstown Police Department,CO,21551
CO0621900,Keenesburg Police Department,CO,2343
CO0620900,Kersey Police Department,CO,1496
CO0590600,Keystone Police Department,CO,1375
CO0310000,Kiowa County Sheriff's Office,CO,1380
CO0320000,Kit Carson County Sheriff's Office,CO,3927
CO0250300,Kremmling Police Department,CO,1418
CO0110300,La Jara Police Department,CO,702
CO0450100,La Junta Police Department,CO,6906
CO0340000,La Plata County Sheriff's Office,CO,33439
CO0620500,La Salle Police Department,CO,2289
CO0280200,La Veta Police Department,CO,872
CO0070300,Lafayette Police Department,CO,30634
CO0330000,Lake County Sheriff's Office,CO,4746
CO0300600,Lakeside Police Department,CO,15
CO0300400,Lakewood Police Department,CO,157016
CO0500100,Lamar Police Department,CO,7626
CO0350000,Larimer County Sheriff's Office,CO,92128
CO0360000,Las Animas County Sheriff's Office,CO,6404
CO0330100,Leadville Police Department,CO,2625
CO0370100,Limon Police Department,CO,1981
CO0370000,Lincoln County Sheriff's Office,CO,2843
CO0030200,Littleton Police Department,CO,44702
CO0622000,Lochbuie Police Department,CO,8699
CO0440400,Log Lane Village Police Department,CO,948
CO0380000,Logan County Sheriff's Office,CO,7640
CO0180700,Lone Tree Police Department,CO,14022
CO0070400,Longmont Police Department,CO,99973
CO0070600,Louisville Police Department,CO,20715
CO0350400,Loveland Police Department,CO,82330
CO0420200,Mancos Police Department,CO,1291
CO0210300,Manitou Springs Police Department,CO,4542
CO0450300,Manzanola Police Department,CO,323
CO0622600,Mead Police Department,CO,7338
CO0520100,Meeker Police Department,CO,2393
CO0390000,Mesa County Sheriff's Office,CO,73959
CO0621100,Milliken Police Department,CO,9274
CO0400000,Mineral County Sheriff's Office,CO,951
CO0410000,Moffat County Sheriff's Office,CO,4018
CO0530100,Monte Vista Police Department,CO,3976
CO0420000,Montezuma County Sheriff's Office,CO,16595
CO0430000,Montrose County Sheriff's Office,CO,21463
CO0430100,Montrose Police Department,CO,21974
CO0210700,Monument Police Department,CO,14284
CO0440000,Morgan County Sheriff's Office,CO,10430
CO0260200,Mount Crested Butte Police Department,CO,957
CO0300900,Mountain View Police Department,CO,517
CO0570300,Mountain Village Police Department,CO,1235
CO0230600,New Castle Police Department,CO,4890
CO0350900,Northern Colorado Drug Task Force,CO,0
CO0010600,Northglenn Police Department,CO,38352
CO0622300,Nunn Police Department,CO,541
CO0430400,Olathe Police Department,CO,1960
CO0450000,Otero County Sheriff's Office,CO,5680
CO0460000,Ouray County Sheriff's Office,CO,3064
CO0460100,Ouray Police Department,CO,916
CO0040100,Pagosa Springs Police Department,CO,1839
CO0390300,Palisade Police Department,CO,2610
CO0210600,Palmer Lake Police Department,CO,2554
CO0150200,Paonia Police Department,CO,1467
CO0230200,Parachute Police Department,CO,1355
CO0470000,Park County Sheriff's Office,CO,17820
CO0180500,Parker Police Department,CO,67244
CO0480000,Phillips County Sheriff's Office,CO,1237
CO0210500,Pikes Peak Community College,CO,0
CO0490000,Pitkin County Sheriff's Office,CO,6064
CO0621300,Platteville Police Department,CO,3906
CO0500000,Prowers County Sheriff's Office,CO,3890
CO0510000,Pueblo County Sheriff's Office,CO,59567
CO0510100,Pueblo Police Department,CO,110981
CO0520200,Rangely Police Department,CO,2286
CO0301000,Red Rocks Community College,CO,0
CO0161200,Regional Transportation District,CO,0
CO0460200,Ridgway Police Department,CO,1308
CO0230300,Rifle Police Department,CO,10719
CO0520000,Rio Blanco County Sheriff's Office,CO,1962
CO0530000,Rio Grande County Sheriff's Office,CO,5135
CO0450200,Rocky Ford Police Department,CO,3760
CO0540000,Routt County Sheriff's Office,CO,9751
CO0550000,Saguache County Sheriff's Office,CO,4915
CO0080200,Salida Police Department,CO,6083
CO0560000,San Juan County Sheriff's Office,CO,854
CO0570000,San Miguel County Sheriff's Office,CO,4088
CO0580000,Sedgwick County Sheriff's Office,CO,2229
CO0622800,Severance Police Department,CO,12689
CO0030300,Sheridan Police Department,CO,5890
CO0230500,Silt Police Department,CO,3772
CO0590300,Silverthorne Police Department,CO,5432
CO0200200,Simla Police Department,CO,578
CO0490200,Snowmass Village Police Department,CO,2902
CO0530300,South Fork Police Department,CO,502
CO0340200,Southern Ute Tribal,CO,0
CO0348000,Southwest Drug Task Force,CO,0
CO0050100,Springfield Police Department,CO,1292
CO0510500,State Lottery Criminal Investigations,CO,0
COCSP0000,State Patrol,CO,0
CO0540100,Steamboat Springs Police Department,CO,13722
CO0380100,Sterling Police Department,CO,13040
CO0590000,Summit County Sheriff's Office,CO,14675
CO0600000,Teller County Sheriff's Office,CO,15722
CO0570100,Telluride Police Department,CO,2453
CO0010400,Thornton Police Department,CO,147837
CO0351000,Timnath Police Department,CO,12229
CO0360100,Trinidad Police Department,CO,8145
CO0070500,University of Colorado: Boulder,CO,0
CO0210400,University of Colorado: Colorado Springs,CO,0
CO0011100,University of Colorado: Denver,CO,0
CO0621600,University of Northern Colorado,CO,0
CODI01100,Ute Mountain Tribal,CO,0
CO0190100,Vail Police Department,CO,4381
CO0050700,Walsh Police Department,CO,511
CO0610000,Washington County Sheriff's Office,CO,4769
CO0628000,Weld County Drug Task Force,CO,0
CO0620000,Weld County Sheriff's Office,CO,49354
CO0010500,Westminster Police Department,CO,114969
CO0300500,Wheat Ridge Police Department,CO,31904
CO0440300,Wiggins Police Department,CO,2000
CO0620600,Windsor Police Department,CO,44183
CO0600100,Woodland Park Police Department,CO,8075
CO0630100,Wray Police Department,CO,2374
CO0630000,Yuma County Sheriff's Office,CO,4238
CO0630200,Yuma Police Department,CO,3474
CT0000200,Ansonia Police Department,CT,19271
CT0000400,Avon Police Department,CT,19164
CT0000700,Berlin Police Department,CT,20776
CT0000900,Bethel Police Department,CT,21793
CT0001100,Bloomfield Police Department,CT,22390
CT0001400,Branford Police Department,CT,28528
CT0001500,Bridgeport Police Department,CT,152588
CT0001700,Bristol Police Department,CT,62563
CT0001800,Brookfield Police Department,CT,18370
CT0002300,Canton Police Department,CT,10320
CT0019000,Central Connecticut State University,CT,0
CT0002500,Cheshire Police Department,CT,31218
CT0002700,Clinton Police Department,CT,13542
CT0018000,Connecticut Department of Motor Vehicles,CT,0
CTCSP0000,Connecticut State Police,CT,477608
CT0003200,Coventry Police Department,CT,12502
CT0003300,Cromwell Police Department,CT,14432
CT0003400,Danbury Police Department,CT,89355
CT0003500,Darien Police Department,CT,22807
CT0018300,Department of Energy and Environmental Protection,CT,0
CT0003700,Derby Police Department,CT,13072
CT0004200,East Hampton Police Department,CT,13214
CT0004300,East Hartford Police Department,CT,51190
CT0004400,East Haven Police Department,CT,27984
CT0004500,East Lyme Police Department,CT,19147
CT0004700,East Windsor Police Department,CT,11340
CT0019100,Eastern Connecticut State University,CT,0
CT0004600,Easton Police Department,CT,7874
CT0004900,Enfield Police Department,CT,41131
CT0005100,Fairfield Police Department,CT,66290
CT0005200,Farmington Police Department,CT,28594
CT0005400,Glastonbury Police Department,CT,35676
CT0005600,Granby Police Department,CT,11978
CT0005700,Greenwich Police Department,CT,64915
CT00B5900,Groton Long Point Police Department,CT,520
CT0005900,Groton Police Department,CT,10378
CT00A5900,Groton Town Police Department,CT,27977
CT0006000,Guilford Police Department,CT,22325
CT0006200,Hamden Police Department,CT,61706
CT0006400,Hartford Police Department,CT,122548
CT0007200,Ledyard Police Department,CT,15621
CT0007600,Madison Police Department,CT,17706
CT0007700,Manchester Police Department,CT,60061
CTDI00200,Mashantucket Pequot Tribal,CT,0
CT0008000,Meriden Police Department,CT,60906
CT0018500,Metropolitan Transportation Authority,CT,0
CT0008100,Middlebury Police Department,CT,8142
CT0008300,Middletown Police Department,CT,49037
CT0008400,Milford Police Department,CT,53760
CTDI00300,Mohegan Tribal,CT,0
CT0008500,Monroe Police Department,CT,19395
CT0060200,Montville Police Department,CT,17877
CT0008800,Naugatuck Police Department,CT,32273
CT0008900,New Britain Police Department,CT,76622
CT0009000,New Canaan Police Department,CT,21319
CT0009300,New Haven Police Department,CT,139715
CT0009500,New London Police Department,CT,28415
CT0009600,New Milford Police Department,CT,28939
CT0009400,Newington Police Department,CT,32021
CT0009700,Newtown Police Department,CT,28283
CT0009900,North Branford Police Department,CT,13563
CT0010100,North Haven Police Department,CT,25027
CT0010300,Norwalk Police Department,CT,94366
CT0010400,Norwich Police Department,CT,39987
CT0010600,Old Saybrook Police Department,CT,10745
CT0010700,Orange Police Department,CT,14482
CT0010900,Plainfield Police Department,CT,15401
CT0011000,Plainville Police Department,CT,17833
CT0011100,Plymouth Police Department,CT,11936
CT0011300,Portland Police Department,CT,9508
CT0011600,Putnam Police Department,CT,9455
CT0011700,Redding Police Department,CT,8855
CT0011800,Ridgefield Police Department,CT,25387
CT0011900,Rocky Hill Police Department,CT,21532
CT0012400,Seymour Police Department,CT,17248
CT0012600,Shelton Police Department,CT,43332
CT0012800,Simsbury Police Department,CT,25572
CT0013200,South Windsor Police Department,CT,27111
CT0019400,Southern Connecticut State University,CT,0
CT0013100,Southington Police Department,CT,44391
CT0013500,Stamford Police Department,CT,140066
CT0020000,State Capitol Police,CT,0
CT0013700,Stonington Police Department,CT,18900
CT0013800,Stratford Police Department,CT,53961
CT0013900,Suffield Police Department,CT,16037
CT0014000,Thomaston Police Department,CT,7598
CT0014300,Torrington Police Department,CT,35751
CT0014400,Trumbull Police Department,CT,38448
CT0017000,University of Connecticut: All Campuses,CT,0
CT0014600,Vernon Police Department,CT,31080
CT0014800,Wallingford Police Department,CT,44353
CT0015100,Waterbury Police Department,CT,116419
CT0015200,Waterford Police Department,CT,19996
CT0015300,Watertown Police Department,CT,22601
CT0015500,West Hartford Police Department,CT,64453
CT0015600,West Haven Police Department,CT,55336
CT0019300,Western Connecticut State University,CT,0
CT0015700,Weston Police Department,CT,10533
CT0015800,Westport Police Department,CT,28233
CT0015900,Wethersfield Police Department,CT,27405
CT0016300,Willimantic Police Department,CT,18463
CT0016100,Wilton Police Department,CT,19475
CT0016200,Winchester Police Department,CT,10326
CT0016500,Windsor Locks Police Department,CT,12660
CT0016400,Windsor Police Department,CT,29738
CT0016600,Wolcott Police Department,CT,16607
CT0016700,Woodbridge Police Department,CT,9148
CT005049E,Yale University,CT,0
DC0011300,District of Columbia Fire and Emergency Medical Services Arson Investigation Unit,DC,0
DCMTP0000,Metro Transit Police,DC,0
DCMPD0000,Washington Police Department,DC,693645
DE0021600,Alcohol and Tobacco Enforcement,DE,0
DE002159E,Amtrak Police,DE,0
DE001500X,Animal Welfare: Kent County,DE,0
DE002500X,Animal Welfare: New Castle County,DE,0
DE003500X,Animal Welfare: Sussex County,DE,0
DE001300X,Attorney General: Kent County,DE,0
DE0029Z0X,Attorney General: New Castle County,DE,0
DE003350X,Attorney General: Sussex County,DE,0
DE0031000,Bethany Beach Police Department,DE,1117
DE0030900,Blades Police Department,DE,1371
DE0030100,Bridgeville Police Department,DE,2999
DE0010400,Camden Police Department,DE,4324
DE0012600,Cheswold Police Department,DE,2718
DE0010600,Clayton Police Department,DE,4653
DE0031100,Dagsboro Police Department,DE,1019
DE0020900,Delaware City Police Department,DE,1946
DE0013200,Delaware State University,DE,0
DE0030200,Delmar Police Department,DE,2342
DE0032400,Dewey Beach Police Department,DE,418
DE0011900,Dover Fire Marshal,DE,0
DE0010100,Dover Police Department,DE,40389
DE0033000,Ellendale Police Department,DE,573
DE0020700,Elsmere Police Department,DE,6237
DE0011700,Environmental Control,DE,0
DE0010700,Felton Police Department,DE,1389
DE0031200,Fenwick Island Police Department,DE,401
DE0012200,Fish and Wildlife,DE,0
DE0031900,Frankford Police Department,DE,932
DE0010800,Frederica Police Department,DE,1141
DE0031300,Georgetown Police Department,DE,8342
DE0031400,Greenwood Police Department,DE,1158
DE0010200,Harrington Police Department,DE,3974
DE0010900,Kenton Police Department,DE,225
DE0030300,Laurel Police Department,DE,4529
DE0030400,Lewes Police Department,DE,3804
DE0020200,Middletown Police Department,DE,26295
DE0030500,Milford Police Department,DE,14875
DE0031500,Millsboro Police Department,DE,8113
DE0030600,Milton Police Department,DE,3891
DE0020300,New Castle County Police Department,DE,439696
DE0020400,New Castle Police Department,DE,5759
DE0020500,Newark Police Department,DE,30486
DE0020800,Newport Police Department,DE,909
DE0031700,Ocean View Police Department,DE,3120
DE0012300,Park Rangers,DE,0
DE0030700,Rehoboth Beach Police Department,DE,1295
DE0020100,River and Bay Authority,DE,0
DE0030800,Seaford Police Department,DE,9212
DE0031600,Selbyville Police Department,DE,3387
DE0010300,Smyrna Police Department,DE,13417
DE0031800,South Bethany Police Department,DE,536
DE0011800,State Capitol Police,DE,0
DE0012000,State Fire Marshal,DE,0
DEDSP0000,State Police: Headquarters,DE,0
DE301SP00,State Police: Kent County,DE,113072
DE302SP00,State Police: New Castle County,DE,0
DE303SP00,State Police: Sussex County,DE,211061
DE0022700,Townsend Police Department,DE,2993
DE0021700,University of Delaware,DE,0
DE0013300,Viola Police Department,DE,146
DE0022600,Wilmington Fire Department,DE,0
DE0020600,Wilmington Police Department,DE,73773
DE0013100,Wyoming Police Department,DE,1915
FL0010000,Alachua County Sheriff's Office,FL,121845
FL0010800,Alachua Police Department,FL,10926
FL0590100,Altamonte Springs Police Department,FL,47544
FL0070100,Altha Police Department,FL,496
FL0190100,Apalachicola Police Department,FL,2493
FL0480100,Apopka Police Department,FL,64914
FL0140100,Arcadia Police Department,FL,8113
FL0351400,Astatula Police Department,FL,2369
FL0160100,Atlantic Beach Police Department,FL,13226
FL0500900,Atlantis Police Department,FL,2170
FL0530100,Auburndale Police Department,FL,22119
FL0139100,Aventura Police Department,FL,40657
FL0020000,Baker County Sheriff's Office,FL,29160
FL0130100,Bal Harbour Village Police Department,FL,3105
FL0530200,Bartow Police Department,FL,22765
FL0031400,Bay County District Schools,FL,0
FL0030000,Bay County Sheriff's Office,FL,106785
FL0132200,Bay Harbor Islands Police Department,FL,5949
FL0500100,Belle Glade Police Department,FL,17527
FL0489300,Belle Isle Police Department,FL,7861
FL0522000,Belleair Beach Police Department,FL,1611
FL0520200,Belleair Bluffs Police Department,FL,2277
FL0520100,Belleair Police Department,FL,4699
FL0420200,Belleview Police Department,FL,6319
FL0131400,Biscayne Park Police Department,FL,3128
FL0070200,Blountstown Police Department,FL,2271
FL0500200,Boca Raton Police Department,FL,103261
FL0300100,Bonifay Police Department,FL,2857
FL0250100,Bowling Green Police Department,FL,2473
FL0500300,Boynton Beach Police Department,FL,83766
FL0410300,Bradenton Beach Police Department,FL,932
FL0410200,Bradenton Police Department,FL,58792
FL0040000,Bradford County Sheriff's Office,FL,20885
FL0050000,Brevard County Sheriff's Office,FL,249991
FL0270100,Brooksville Police Department,FL,10267
FL0063600,Broward County Schools,FL,0
FL0060000,Broward County Sheriff's Office,FL,0
FL0180100,Bunnell Police Department,FL,4348
FL0070000,Calhoun County Sheriff's Office,FL,10194
FL0360200,Cape Coral Police Department,FL,243527
FL0370900,Capitol Police,FL,0
FL0190200,Carrabelle Police Department,FL,2569
FL0590200,Casselberry Police Department,FL,32368
FL0380100,Cedar Key Police Department,FL,749
FL0600200,Center Hill Police Department,FL,1105
FL0080000,Charlotte County Sheriff's Office,FL,194478
FL0200200,Chattahoochee Police Department,FL,3055
FL0380200,Chiefland Police Department,FL,2473
FL0670100,Chipley Police Department,FL,3760
FL0090000,Citrus County Sheriff's Office,FL,171499
FL0101200,Clay County School Board,FL,0
FL0100000,Clay County Sheriff's Office,FL,218420
FL0520300,Clearwater Police Department,FL,116679
FL0350300,Clermont Police Department,FL,52925
FL0260100,Clewiston Police Department,FL,7542
FL0050300,Cocoa Beach Police Department,FL,11396
FL0050200,Cocoa Police Department,FL,20135
FL0061100,Coconut Creek Police Department,FL,59772
FL0110000,Collier County Sheriff's Office,FL,382493
FL0120000,Columbia County Sheriff's Office,FL,60966
FL0061000,Cooper City Police Department,FL,35577
FL0130200,Coral Gables Police Department,FL,50539
FL0062800,Coral Springs Police Department,FL,141436
FL0320200,Cottondale Police Department,FL,887
FL0540200,Crescent City Police Department,FL,1740
FL0460100,Crestview Police Department,FL,31585
FL0150100,Cross City Police Department,FL,1847
FL013670X,Cutler Bay Police Department,FL,45992
FL0510100,Dade City Police Department,FL,10394
FL0060100,Dania Beach Police Department,FL,33167
FL0530300,Davenport Police Department,FL,19224
FL0061200,Davie Police Department,FL,112745
FL0640100,Daytona Beach Police Department,FL,89835
FL0640500,Daytona Beach Shores Police Department,FL,5249
FL064260X,DeBary Police Department,FL,23786
FL0660100,DeFuniak Springs Police Department,FL,7345
FL0640200,DeLand Police Department,FL,47640
FL0060200,Deerfield Beach Police Department,FL,90769
FL0500400,Delray Beach Police Department,FL,71000
FL064250X,Deltona Police Department,FL,102198
FL001A00X,"Department of Agriculture and Consumer Services, Office of Agricultural Law Enforcement: Alachua",FL,0
FL002A00X,"Department of Agriculture and Consumer Services, Office of Agricultural Law Enforcement: Baker",FL,0
FL003A00X,"Department of Agriculture and Consumer Services, Office of Agricultural Law Enforcement: Bay",FL,0
FL004A00X,"Department of Agriculture and Consumer Services, Office of Agricultural Law Enforcement: Bradford",FL,0
FL005A00X,"Department of Agriculture and Consumer Services, Office of Agricultural Law Enforcement: Brevard",FL,0
FL006A00X,"Department of Agriculture and Consumer Services, Office of Agricultural Law Enforcement: Broward",FL,0
FL007A00X,"Department of Agriculture and Consumer Services, Office of Agricultural Law Enforcement: Calhoun",FL,0
FL008A00X,"Department of Agriculture and Consumer Services, Office of Agricultural Law Enforcement: Charlotte",FL,0
FL009A00X,"Department of Agriculture and Consumer Services, Office of Agricultural Law Enforcement: Citrus",FL,0
FL010A00X,"Department of Agriculture and Consumer Services, Office of Agricultural Law Enforcement: Clay",FL,0
FL011A00X,"Department of Agriculture and Consumer Services, Office of Agricultural Law Enforcement: Collier",FL,0
FL012A00X,"Department of Agriculture and Consumer Services, Office of Agricultural Law Enforcement: Columbia",FL,0
FL014A00X,"Department of Agriculture and Consumer Services, Office of Agricultural Law Enforcement: DeSoto",FL,0
FL015A00X,"Department of Agriculture and Consumer Services, Office of Agricultural Law Enforcement: Dixie",FL,0
FL016A00X,"Department of Agriculture and Consumer Services, Office of Agricultural Law Enforcement: Duval",FL,0
FL017A00X,"Department of Agriculture and Consumer Services, Office of Agricultural Law Enforcement: Escambia",FL,0
FL018A00X,"Department of Agriculture and Consumer Services, Office of Agricultural Law Enforcement: Flagler",FL,0
FL019A00X,"Department of Agriculture and Consumer Services, Office of Agricultural Law Enforcement: Franklin",FL,0
FL020A00X,"Department of Agriculture and Consumer Services, Office of Agricultural Law Enforcement: Gadsden",FL,0
FL021A00X,"Department of Agriculture and Consumer Services, Office of Agricultural Law Enforcement: Gilchrist",FL,0
FL022A00X,"Department of Agriculture and Consumer Services, Office of Agricultural Law Enforcement: Glades",FL,0
FL023A00X,"Department of Agriculture and Consumer Services, Office of Agricultural Law Enforcement: Gulf",FL,0
FL024A00X,"Department of Agriculture and Consumer Services, Office of Agricultural Law Enforcement: Hamilton",FL,0
FL025A00X,"Department of Agriculture and Consumer Services, Office of Agricultural Law Enforcement: Hardee",FL,0
FL026A00X,"Department of Agriculture and Consumer Services, Office of Agricultural Law Enforcement: Hendry",FL,0
FL027A00X,"Department of Agriculture and Consumer Services, Office of Agricultural Law Enforcement: Hernando",FL,0
FL028A00X,"Department of Agriculture and Consumer Services, Office of Agricultural Law Enforcement: Highlands",FL,0
FL029A00X,"Department of Agriculture and Consumer Services, Office of Agricultural Law Enforcement: Hillsborough",FL,0
FL030A00X,"Department of Agriculture and Consumer Services, Office of Agricultural Law Enforcement: Holmes",FL,0
FL031A00X,"Department of Agriculture and Consumer Services, Office of Agricultural Law Enforcement: Indian River",FL,0
FL032A00X,"Department of Agriculture and Consumer Services, Office of Agricultural Law Enforcement: Jackson",FL,0
FL033A00X,"Department of Agriculture and Consumer Services, Office of Agricultural Law Enforcement: Jefferson",FL,0
FL034A00X,"Department of Agriculture and Consumer Services, Office of Agricultural Law Enforcement: Lafayette",FL,0
FL035A00X,"Department of Agriculture and Consumer Services, Office of Agricultural Law Enforcement: Lake",FL,0
FL036A00X,"Department of Agriculture and Consumer Services, Office of Agricultural Law Enforcement: Lee",FL,0
FL037A00X,"Department of Agriculture and Consumer Services, Office of Agricultural Law Enforcement: Leon",FL,0
FL038A00X,"Department of Agriculture and Consumer Services, Office of Agricultural Law Enforcement: Levy",FL,0
FL039A00X,"Department of Agriculture and Consumer Services, Office of Agricultural Law Enforcement: Liberty",FL,0
FL040A00X,"Department of Agriculture and Consumer Services, Office of Agricultural Law Enforcement: Madison",FL,0
FL041A00X,"Department of Agriculture and Consumer Services, Office of Agricultural Law Enforcement: Manatee",FL,0
FL042A00X,"Department of Agriculture and Consumer Services, Office of Agricultural Law Enforcement: Marion",FL,0
FL043A00X,"Department of Agriculture and Consumer Services, Office of Agricultural Law Enforcement: Martin",FL,0
FL013A00X,"Department of Agriculture and Consumer Services, Office of Agricultural Law Enforcement: Miami-Dade",FL,0
FL044A00X,"Department of Agriculture and Consumer Services, Office of Agricultural Law Enforcement: Monroe",FL,0
FL045A00X,"Department of Agriculture and Consumer Services, Office of Agricultural Law Enforcement: Nassau",FL,0
FL046A00X,"Department of Agriculture and Consumer Services, Office of Agricultural Law Enforcement: Okaloosa",FL,0
FL047A00X,"Department of Agriculture and Consumer Services, Office of Agricultural Law Enforcement: Okeechobee",FL,0
FL048A00X,"Department of Agriculture and Consumer Services, Office of Agricultural Law Enforcement: Orange",FL,0
FL049A00X,"Department of Agriculture and Consumer Services, Office of Agricultural Law Enforcement: Osceola",FL,0
FL050A00X,"Department of Agriculture and Consumer Services, Office of Agricultural Law Enforcement: Palm Beach",FL,0
FL051A00X,"Department of Agriculture and Consumer Services, Office of Agricultural Law Enforcement: Pasco",FL,0
FL052A00X,"Department of Agriculture and Consumer Services, Office of Agricultural Law Enforcement: Pinellas",FL,0
FL053A00X,"Department of Agriculture and Consumer Services, Office of Agricultural Law Enforcement: Polk",FL,0
FL054A00X,"Department of Agriculture and Consumer Services, Office of Agricultural Law Enforcement: Putnam",FL,0
FL057A00X,"Department of Agriculture and Consumer Services, Office of Agricultural Law Enforcement: Santa Rosa",FL,0
FL058A00X,"Department of Agriculture and Consumer Services, Office of Agricultural Law Enforcement: Sarasota",FL,0
FL059A00X,"Department of Agriculture and Consumer Services, Office of Agricultural Law Enforcement: Seminole",FL,0
FL055A00X,"Department of Agriculture and Consumer Services, Office of Agricultural Law Enforcement: St. Johns",FL,0
FL056A00X,"Department of Agriculture and Consumer Services, Office of Agricultural Law Enforcement: St. Lucie",FL,0
FL060A00X,"Department of Agriculture and Consumer Services, Office of Agricultural Law Enforcement: Sumter",FL,0
FL061A00X,"Department of Agriculture and Consumer Services, Office of Agricultural Law Enforcement: Suwannee",FL,0
FL062A00X,"Department of Agriculture and Consumer Services, Office of Agricultural Law Enforcement: Taylor",FL,0
FL063A00X,"Department of Agriculture and Consumer Services, Office of Agricultural Law Enforcement: Union",FL,0
FL064A00X,"Department of Agriculture and Consumer Services, Office of Agricultural Law Enforcement: Volusia",FL,0
FL065A00X,"Department of Agriculture and Consumer Services, Office of Agricultural Law Enforcement: Wakulla",FL,0
FL066A00X,"Department of Agriculture and Consumer Services, Office of Agricultural Law Enforcement: Walton",FL,0
FL067A00X,"Department of Agriculture and Consumer Services, Office of Agricultural Law Enforcement: Washington",FL,0
FL0012900,"Department of Corrections, Office of the Inspector General: Alachua County",FL,0
FL002040X,"Department of Corrections, Office of the Inspector General: Baker County",FL,0
FL0031600,"Department of Corrections, Office of the Inspector General: Bay County",FL,0
FL0040500,"Department of Corrections, Office of the Inspector General: Bradford County",FL,0
FL0052000,"Department of Corrections, Office of the Inspector General: Brevard County",FL,0
FL0064400,"Department of Corrections, Office of the Inspector General: Broward County",FL,0
FL007030X,"Department of Corrections, Office of the Inspector General: Calhoun County",FL,0
FL0080100,"Department of Corrections, Office of the Inspector General: Charlotte County",FL,0
FL0090300,"Department of Corrections, Office of the Inspector General: Citrus County",FL,0
FL0100500,"Department of Corrections, Office of the Inspector General: Clay County",FL,0
FL0110600,"Department of Corrections, Office of the Inspector General: Collier County",FL,0
FL0120500,"Department of Corrections, Office of the Inspector General: Columbia County",FL,0
FL0162900,"Department of Corrections, Office of the Inspector General: DeSoto County",FL,0
FL0140200,"Department of Corrections, Office of the Inspector General: DeSoto County",FL,0
FL0150300,"Department of Corrections, Office of the Inspector General: Dixie County",FL,0
FL0171000,"Department of Corrections, Office of the Inspector General: Escambia County",FL,0
FL0180500,"Department of Corrections, Office of the Inspector General: Flagler County",FL,0
FL019040X,"Department of Corrections, Office of the Inspector General: Franklin County",FL,0
FL0200800,"Department of Corrections, Office of the Inspector General: Gadsden County",FL,0
FL0210700,"Department of Corrections, Office of the Inspector General: Gilchrist County",FL,0
FL0220200,"Department of Corrections, Office of the Inspector General: Glades County",FL,0
FL0230300,"Department of Corrections, Office of the Inspector General: Gulf County",FL,0
FL024130X,"Department of Corrections, Office of the Inspector General: Hamilton County",FL,0
FL0250400,"Department of Corrections, Office of the Inspector General: Hardee County",FL,0
FL0260500,"Department of Corrections, Office of the Inspector General: Hendry County",FL,0
FL0270500,"Department of Corrections, Office of the Inspector General: Hernando County",FL,0
FL0280600,"Department of Corrections, Office of the Inspector General: Highlands County",FL,0
FL0291800,"Department of Corrections, Office of the Inspector General: Hillsborough County",FL,0
FL0300200,"Department of Corrections, Office of the Inspector General: Holmes County",FL,0
FL0310600,"Department of Corrections, Office of the Inspector General: Indian River County",FL,0
FL0320800,"Department of Corrections, Office of the Inspector General: Jackson County",FL,0
FL033020X,"Department of Corrections, Office of the Inspector General: Jefferson County",FL,0
FL0340300,"Department of Corrections, Office of the Inspector General: Lafayette County",FL,0
FL035170X,"Department of Corrections, Office of the Inspector General: Lake County",FL,0
FL0361400,"Department of Corrections, Office of the Inspector General: Lee County",FL,0
FL0372900,"Department of Corrections, Office of the Inspector General: Leon County",FL,0
FL0380600,"Department of Corrections, Office of the Inspector General: Levy County",FL,0
FL0390100,"Department of Corrections, Office of the Inspector General: Liberty County",FL,0
FL040060X,"Department of Corrections, Office of the Inspector General: Madison County",FL,0
FL0410900,"Department of Corrections, Office of the Inspector General: Manatee County",FL,0
FL042090X,"Department of Corrections, Office of the Inspector General: Marion County",FL,0
FL0430600,"Department of Corrections, Office of the Inspector General: Martin County",FL,0
FL0134700,"Department of Corrections, Office of the Inspector General: Miami-Dade County",FL,0
FL0440700,"Department of Corrections, Office of the Inspector General: Monroe County",FL,0
FL0451100,"Department of Corrections, Office of the Inspector General: Nassau County",FL,0
FL0461200,"Department of Corrections, Office of the Inspector General: Okaloosa County",FL,0
FL047040X,"Department of Corrections, Office of the Inspector General: Okeechobee County",FL,0
FL0482900,"Department of Corrections, Office of the Inspector General: Orange County",FL,0
FL0490500,"Department of Corrections, Office of the Inspector General: Osceola County",FL,0
FL0505600,"Department of Corrections, Office of the Inspector General: Palm Beach County",FL,0
FL0510700,"Department of Corrections, Office of the Inspector General: Pasco County",FL,0
FL0522200,"Department of Corrections, Office of the Inspector General: Pinellas County",FL,0
FL053210X,"Department of Corrections, Office of the Inspector General: Polk County",FL,0
FL0540700,"Department of Corrections, Office of the Inspector General: Putnam County",FL,0
FL057070X,"Department of Corrections, Office of the Inspector General: Santa Rosa County",FL,0
FL0581100,"Department of Corrections, Office of the Inspector General: Sarasota County",FL,0
FL0591100,"Department of Corrections, Office of the Inspector General: Seminole County",FL,0
FL0550900,"Department of Corrections, Office of the Inspector General: St. Johns County",FL,0
FL0560600,"Department of Corrections, Office of the Inspector General: St. Lucie County",FL,0
FL060060X,"Department of Corrections, Office of the Inspector General: Sumter County",FL,0
FL0611000,"Department of Corrections, Office of the Inspector General: Suwannee County",FL,0
FL062020X,"Department of Corrections, Office of the Inspector General: Taylor County",FL,0
FL0630400,"Department of Corrections, Office of the Inspector General: Union County",FL,0
FL0642400,"Department of Corrections, Office of the Inspector General: Volusia County",FL,0
FL065040X,"Department of Corrections, Office of the Inspector General: Wakulla County",FL,0
FL0660500,"Department of Corrections, Office of the Inspector General: Walton County",FL,0
FL067050X,"Department of Corrections, Office of the Inspector General: Washington County",FL,0
FL001A20X,"Department of Environmental Protection, Law Enforcement: Alachua County",FL,0
FL002A20X,"Department of Environmental Protection, Law Enforcement: Baker County",FL,0
FL003A20X,"Department of Environmental Protection, Law Enforcement: Bay County",FL,0
FL004A20X,"Department of Environmental Protection, Law Enforcement: Bradford County",FL,0
FL005A20X,"Department of Environmental Protection, Law Enforcement: Brevard County",FL,0
FL006A20X,"Department of Environmental Protection, Law Enforcement: Broward County",FL,0
FL007A20X,"Department of Environmental Protection, Law Enforcement: Calhoun County",FL,0
FL008A20X,"Department of Environmental Protection, Law Enforcement: Charlotte County",FL,0
FL009A20X,"Department of Environmental Protection, Law Enforcement: Citrus County",FL,0
FL010A20X,"Department of Environmental Protection, Law Enforcement: Clay County",FL,0
FL011A20X,"Department of Environmental Protection, Law Enforcement: Collier County",FL,0
FL012A20X,"Department of Environmental Protection, Law Enforcement: Columbia County",FL,0
FL014A20X,"Department of Environmental Protection, Law Enforcement: DeSoto County",FL,0
FL015A20X,"Department of Environmental Protection, Law Enforcement: Dixie County",FL,0
FL016A20X,"Department of Environmental Protection, Law Enforcement: Duval County",FL,0
FL017A20X,"Department of Environmental Protection, Law Enforcement: Escambia County",FL,0
FL018A20X,"Department of Environmental Protection, Law Enforcement: Flagler County",FL,0
FL019A20X,"Department of Environmental Protection, Law Enforcement: Franklin County",FL,0
FL020A20X,"Department of Environmental Protection, Law Enforcement: Gadsden County",FL,0
FL021A20X,"Department of Environmental Protection, Law Enforcement: Gilchrist County",FL,0
FL022A20X,"Department of Environmental Protection, Law Enforcement: Glades County",FL,0
FL023A20X,"Department of Environmental Protection, Law Enforcement: Gulf County",FL,0
FL024A20X,"Department of Environmental Protection, Law Enforcement: Hamilton County",FL,0
FL025A20X,"Department of Environmental Protection, Law Enforcement: Hardee County",FL,0
FL026A20X,"Department of Environmental Protection, Law Enforcement: Hendry County",FL,0
FL027A20X,"Department of Environmental Protection, Law Enforcement: Hernando County",FL,0
FL028A20X,"Department of Environmental Protection, Law Enforcement: Highlands County",FL,0
FL029A20X,"Department of Environmental Protection, Law Enforcement: Hillsborough County",FL,0
FL030A20X,"Department of Environmental Protection, Law Enforcement: Holmes County",FL,0
FL031A20X,"Department of Environmental Protection, Law Enforcement: Indian River County",FL,0
FL032A20X,"Department of Environmental Protection, Law Enforcement: Jackson County",FL,0
FL033A20X,"Department of Environmental Protection, Law Enforcement: Jefferson County",FL,0
FL034A20X,"Department of Environmental Protection, Law Enforcement: Lafayette County",FL,0
FL035A20X,"Department of Environmental Protection, Law Enforcement: Lake County",FL,0
FL036A20X,"Department of Environmental Protection, Law Enforcement: Lee County",FL,0
FL037A20X,"Department of Environmental Protection, Law Enforcement: Leon County",FL,0
FL038A20X,"Department of Environmental Protection, Law Enforcement: Levy County",FL,0
FL039A20X,"Department of Environmental Protection, Law Enforcement: Liberty County",FL,0
FL040A20X,"Department of Environmental Protection, Law Enforcement: Madison County",FL,0
FL041A20X,"Department of Environmental Protection, Law Enforcement: Manatee County",FL,0
FL042A20X,"Department of Environmental Protection, Law Enforcement: Marion County",FL,0
FL043A20X,"Department of Environmental Protection, Law Enforcement: Martin County",FL,0
FL013A20X,"Department of Environmental Protection, Law Enforcement: Miami-Dade County",FL,0
FL044A20X,"Department of Environmental Protection, Law Enforcement: Monroe County",FL,0
FL045A20X,"Department of Environmental Protection, Law Enforcement: Nassau County",FL,0
FL046A20X,"Department of Environmental Protection, Law Enforcement: Okaloosa County",FL,0
FL047A20X,"Department of Environmental Protection, Law Enforcement: Okeechobee County",FL,0
FL048A20X,"Department of Environmental Protection, Law Enforcement: Orange County",FL,0
FL049A20X,"Department of Environmental Protection, Law Enforcement: Osceola County",FL,0
FL050A20X,"Department of Environmental Protection, Law Enforcement: Palm Beach County",FL,0
FL051A20X,"Department of Environmental Protection, Law Enforcement: Pasco County",FL,0
FL052A20X,"Department of Environmental Protection, Law Enforcement: Pinellas County",FL,0
FL053A20X,"Department of Environmental Protection, Law Enforcement: Polk County",FL,0
FL054A20X,"Department of Environmental Protection, Law Enforcement: Putnam County",FL,0
FL057A20X,"Department of Environmental Protection, Law Enforcement: Santa Rosa County",FL,0
FL058A20X,"Department of Environmental Protection, Law Enforcement: Sarasota County",FL,0
FL059A20X,"Department of Environmental Protection, Law Enforcement: Seminole County",FL,0
FL055A20X,"Department of Environmental Protection, Law Enforcement: St. Johns County",FL,0
FL056A20X,"Department of Environmental Protection, Law Enforcement: St. Lucie County",FL,0
FL060A20X,"Department of Environmental Protection, Law Enforcement: Sumter County",FL,0
FL061A20X,"Department of Environmental Protection, Law Enforcement: Suwannee County",FL,0
FL062A20X,"Department of Environmental Protection, Law Enforcement: Taylor County",FL,0
FL063A20X,"Department of Environmental Protection, Law Enforcement: Union County",FL,0
FL064A20X,"Department of Environmental Protection, Law Enforcement: Volusia County",FL,0
FL065A20X,"Department of Environmental Protection, Law Enforcement: Wakulla County",FL,0
FL066A20X,"Department of Environmental Protection, Law Enforcement: Walton County",FL,0
FL067A20X,"Department of Environmental Protection, Law Enforcement: Washington County",FL,0
FL0067000,Department of Insurance: Broward County,FL,0
FL0167000,Department of Insurance: Duval County,FL,0
FL0177000,Department of Insurance: Escambia County,FL,0
FL0297000,Department of Insurance: Hillsborough County,FL,0
FL0367000,Department of Insurance: Lee County,FL,0
FL0137000,Department of Insurance: Miami-Dade County,FL,0
FL0487000,Department of Insurance: Orange County,FL,0
FL0507000,Department of Insurance: Palm Beach County,FL,0
FL0523000,Department of Insurance: Pinellas County,FL,0
FL0160500,"Department of Law Enforcement: Duval County, Jacksonville",FL,0
FL0170300,"Department of Law Enforcement: Escambia County, Pensacola",FL,0
FL0290500,"Department of Law Enforcement: Hillsborough County, Tampa",FL,0
FL0360500,"Department of Law Enforcement: Lee County, Fort Myers",FL,0
FL0370400,"Department of Law Enforcement: Leon County, Tallahassee",FL,0
FL0133000,"Department of Law Enforcement: Miami-Dade County, Miami",FL,0
FL0481100,"Department of Law Enforcement: Orange County, Orlando",FL,0
FL0140000,Desoto County Sheriff's Office,FL,28723
FL0015000,Division of Alcoholic Beverages and Tobacco: Alachua County,FL,0
FL002500X,Division of Alcoholic Beverages and Tobacco: Baker County,FL,0
FL0035000,Division of Alcoholic Beverages and Tobacco: Bay County,FL,0
FL004500X,Division of Alcoholic Beverages and Tobacco: Bradford County,FL,0
FL0055000,Division of Alcoholic Beverages and Tobacco: Brevard County,FL,0
FL0065000,Division of Alcoholic Beverages and Tobacco: Broward County,FL,0
FL007500X,Division of Alcoholic Beverages and Tobacco: Calhoun County,FL,0
FL008500X,Division of Alcoholic Beverages and Tobacco: Charlotte County,FL,0
FL009500X,Division of Alcoholic Beverages and Tobacco: Citrus County,FL,0
FL010500X,Division of Alcoholic Beverages and Tobacco: Clay County,FL,0
FL011500X,Division of Alcoholic Beverages and Tobacco: Collier County,FL,0
FL012500X,Division of Alcoholic Beverages and Tobacco: Columbia County,FL,0
FL014500X,Division of Alcoholic Beverages and Tobacco: DeSoto County,FL,0
FL015500X,Division of Alcoholic Beverages and Tobacco: Dixie County,FL,0
FL0165000,Division of Alcoholic Beverages and Tobacco: Duval County,FL,0
FL0175000,Division of Alcoholic Beverages and Tobacco: Escambia County,FL,0
FL0185000,Division of Alcoholic Beverages and Tobacco: Flagler County,FL,0
FL019500X,Division of Alcoholic Beverages and Tobacco: Franklin County,FL,0
FL020500X,Division of Alcoholic Beverages and Tobacco: Gadsden County,FL,0
FL021500X,Division of Alcoholic Beverages and Tobacco: Gilchrist County,FL,0
FL022500X,Division of Alcoholic Beverages and Tobacco: Glades County,FL,0
FL023500X,Division of Alcoholic Beverages and Tobacco: Gulf County,FL,0
FL024500X,Division of Alcoholic Beverages and Tobacco: Hamilton County,FL,0
FL025500X,Division of Alcoholic Beverages and Tobacco: Hardee County,FL,0
FL026500X,Division of Alcoholic Beverages and Tobacco: Hendry County,FL,0
FL027500X,Division of Alcoholic Beverages and Tobacco: Hernando County,FL,0
FL028500X,Division of Alcoholic Beverages and Tobacco: Highlands County,FL,0
FL0295000,Division of Alcoholic Beverages and Tobacco: Hillsborough County,FL,0
FL030500X,Division of Alcoholic Beverages and Tobacco: Holmes County,FL,0
FL031500X,Division of Alcoholic Beverages and Tobacco: Indian River County,FL,0
FL0325000,Division of Alcoholic Beverages and Tobacco: Jackson County,FL,0
FL033500X,Division of Alcoholic Beverages and Tobacco: Jefferson County,FL,0
FL034500X,Division of Alcoholic Beverages and Tobacco: Lafayette County,FL,0
FL035500X,Division of Alcoholic Beverages and Tobacco: Lake County,FL,0
FL0365000,Division of Alcoholic Beverages and Tobacco: Lee County,FL,0
FL0375000,Division of Alcoholic Beverages and Tobacco: Leon County,FL,0
FL038500X,Division of Alcoholic Beverages and Tobacco: Levy County,FL,0
FL039500X,Division of Alcoholic Beverages and Tobacco: Liberty County,FL,0
FL040500X,Division of Alcoholic Beverages and Tobacco: Madison County,FL,0
FL041500X,Division of Alcoholic Beverages and Tobacco: Manatee County,FL,0
FL0425000,Division of Alcoholic Beverages and Tobacco: Marion County,FL,0
FL043500X,Division of Alcoholic Beverages and Tobacco: Martin County,FL,0
FL0135000,Division of Alcoholic Beverages and Tobacco: Miami-Dade County,FL,0
FL0445000,Division of Alcoholic Beverages and Tobacco: Monroe County,FL,0
FL045500X,Division of Alcoholic Beverages and Tobacco: Nassau County,FL,0
FL046500X,Division of Alcoholic Beverages and Tobacco: Okaloosa County,FL,0
FL047500X,Division of Alcoholic Beverages and Tobacco: Okeechobee County,FL,0
FL0485000,Division of Alcoholic Beverages and Tobacco: Orange County,FL,0
FL049500X,Division of Alcoholic Beverages and Tobacco: Osceola County,FL,0
FL050600X,Division of Alcoholic Beverages and Tobacco: Palm Beach County,FL,0
FL051500X,Division of Alcoholic Beverages and Tobacco: Pasco County,FL,0
FL0525000,Division of Alcoholic Beverages and Tobacco: Pinellas County,FL,0
FL0535000,Division of Alcoholic Beverages and Tobacco: Polk County,FL,0
FL054500X,Division of Alcoholic Beverages and Tobacco: Putnam County,FL,0
FL057500X,Division of Alcoholic Beverages and Tobacco: Santa Rosa County,FL,0
FL0585000,Division of Alcoholic Beverages and Tobacco: Sarasota County,FL,0
FL059500X,Division of Alcoholic Beverages and Tobacco: Seminole County,FL,0
FL055500X,Division of Alcoholic Beverages and Tobacco: St. Johns County,FL,0
FL0565000,Division of Alcoholic Beverages and Tobacco: St. Lucie County,FL,0
FL060500X,Division of Alcoholic Beverages and Tobacco: Sumter County,FL,0
FL0615000,Division of Alcoholic Beverages and Tobacco: Suwannee County,FL,0
FL062500X,Division of Alcoholic Beverages and Tobacco: Taylor County,FL,0
FL063500X,Division of Alcoholic Beverages and Tobacco: Union County,FL,0
FL0645000,Division of Alcoholic Beverages and Tobacco: Volusia County,FL,0
FL065500X,Division of Alcoholic Beverages and Tobacco: Wakulla County,FL,0
FL066500X,Division of Alcoholic Beverages and Tobacco: Walton County,FL,0
FL067500X,Division of Alcoholic Beverages and Tobacco: Washington County,FL,0
FL0150000,Dixie County Sheriff's Office,FL,15719
FL0131100,Doral Police Department,FL,85601
FL0520400,Dunedin Police Department,FL,35898
FL0420300,Dunnellon Police Department,FL,2069
FL0161100,Duval County Schools,FL,0
FL0480700,Eatonville Police Department,FL,2362
FL0640600,Edgewater Police Department,FL,24641
FL0481000,Edgewood Police Department,FL,2912
FL0131500,El Portal Police Department,FL,1981
FL0170000,Escambia County Sheriff's Office,FL,274337
FL0350100,Eustis Police Department,FL,25548
FL0310100,Fellsmere Police Department,FL,5078
FL0450100,Fernandina Beach Police Department,FL,13822
FL0180200,Flagler Beach Police Department,FL,5676
FL0180000,Flagler County Sheriff's Office,FL,130230
FL0370700,Florida A&M University,FL,0
FL0503700,Florida Atlantic University,FL,0
FL0130300,Florida City Police Department,FL,13194
FL0018000,Florida Game Commission: Alachua County,FL,0
FL0028000,Florida Game Commission: Baker County,FL,0
FL0038000,Florida Game Commission: Bay County,FL,0
FL0048000,Florida Game Commission: Bradford County,FL,0
FL0058000,Florida Game Commission: Brevard County,FL,0
FL0068000,Florida Game Commission: Broward County,FL,0
FL0078000,Florida Game Commission: Calhoun County,FL,0
FL0088000,Florida Game Commission: Charlotte County,FL,0
FL0098000,Florida Game Commission: Citrus County,FL,0
FL0108000,Florida Game Commission: Clay County,FL,0
FL0118000,Florida Game Commission: Collier County,FL,0
FL0128000,Florida Game Commission: Columbia County,FL,0
FL0148000,Florida Game Commission: DeSoto County,FL,0
FL0158000,Florida Game Commission: Dixie County,FL,0
FL0168000,Florida Game Commission: Duval County,FL,0
FL0178000,Florida Game Commission: Escambia County,FL,0
FL0188000,Florida Game Commission: Flagler County,FL,0
FL0198000,Florida Game Commission: Franklin County,FL,0
FL0208000,Florida Game Commission: Gadsden County,FL,0
FL0218000,Florida Game Commission: Gilchrist County,FL,0
FL0228000,Florida Game Commission: Glades County,FL,0
FL0238000,Florida Game Commission: Gulf County,FL,0
FL0248000,Florida Game Commission: Hamilton County,FL,0
FL0258000,Florida Game Commission: Hardee County,FL,0
FL0268000,Florida Game Commission: Hendry County,FL,0
FL0278000,Florida Game Commission: Hernando County,FL,0
FL0288000,Florida Game Commission: Highlands County,FL,0
FL0298000,Florida Game Commission: Hillsborough County,FL,0
FL0308000,Florida Game Commission: Holmes County,FL,0
FL0318000,Florida Game Commission: Indian River County,FL,0
FL0328000,Florida Game Commission: Jackson County,FL,0
FL0338000,Florida Game Commission: Jefferson County,FL,0
FL0348000,Florida Game Commission: Lafayette County,FL,0
FL0358000,Florida Game Commission: Lake County,FL,0
FL0368000,Florida Game Commission: Lee County,FL,0
FL0370800,Florida Game Commission: Leon County,FL,0
FL0388000,Florida Game Commission: Levy County,FL,0
FL0398000,Florida Game Commission: Liberty County,FL,0
FL0408000,Florida Game Commission: Madison County,FL,0
FL0418000,Florida Game Commission: Manatee County,FL,0
FL0428000,Florida Game Commission: Marion County,FL,0
FL0438000,Florida Game Commission: Martin County,FL,0
FL0138100,Florida Game Commission: Miami-Dade County,FL,0
FL0448000,Florida Game Commission: Monroe County,FL,0
FL0458000,Florida Game Commission: Nassau County,FL,0
FL0468000,Florida Game Commission: Okaloosa County,FL,0
FL0478000,Florida Game Commission: Okeechobee County,FL,0
FL0488000,Florida Game Commission: Orange County,FL,0
FL0498000,Florida Game Commission: Osceola County,FL,0
FL0508000,Florida Game Commission: Palm Beach County,FL,0
FL0518000,Florida Game Commission: Pasco County,FL,0
FL0528000,Florida Game Commission: Pinellas County,FL,0
FL0538000,Florida Game Commission: Polk County,FL,0
FL0548000,Florida Game Commission: Putnam County,FL,0
FL0578000,Florida Game Commission: Santa Rosa County,FL,0
FL0588000,Florida Game Commission: Sarasota County,FL,0
FL0598000,Florida Game Commission: Seminole County,FL,0
FL0558000,Florida Game Commission: St. Johns County,FL,0
FL0568000,Florida Game Commission: St. Lucie County,FL,0
FL0608000,Florida Game Commission: Sumter County,FL,0
FL0618000,Florida Game Commission: Suwannee County,FL,0
FL0628000,Florida Game Commission: Taylor County,FL,0
FL0638000,Florida Game Commission: Union County,FL,0
FL0648000,Florida Game Commission: Volusia County,FL,0
FL0658000,Florida Game Commission: Wakulla County,FL,0
FL0668000,Florida Game Commission: Walton County,FL,0
FL0678000,Florida Game Commission: Washington County,FL,0
FL0373800,Florida Gaming Control Commission,FL,0
FL0360700,Florida Gulf Coast University,FL,0
FL0133100,Florida International University,FL,0
FL0530600,Florida Polytechnic University,FL,0
FL0550700,Florida School for the Deaf and Blind,FL,0
FL0361300,Florida Southwestern State College,FL,0
FL0164300,Florida State College at Jacksonville,FL,0
FL0031100,Florida State University: Panama City,FL,0
FL0370600,Florida State University: Tallahassee,FL,0
FL0063200,Fort Lauderdale Airport Police,FL,0
FL0060300,Fort Lauderdale Police Department,FL,191199
FL0360100,Fort Myers Police Department,FL,103372
FL0560100,Fort Pierce Police Department,FL,51623
FL0460200,Fort Walton Beach Police Department,FL,21253
FL0190000,Franklin County Sheriff's Office,FL,7837
FL0350400,Fruitland Park Police Department,FL,9100
FL0200000,Gadsden County Sheriff's Office,FL,25877
FL0010100,Gainesville Police Department,FL,150376
FL0210000,Gilchrist County Sheriff's Office,FL,18199
FL0220000,Glades County Sheriff's Office,FL,13192
FL0132400,Golden Beach Police Department,FL,1055
FL0320300,Graceville Police Department,FL,2237
FL0100100,Green Cove Springs Police Department,FL,10143
FL0501200,Greenacres City Police Department,FL,45506
FL0200400,Gretna Police Department,FL,1284
FL0350500,Groveland Police Department,FL,26289
FL0570200,Gulf Breeze Police Department,FL,7117
FL0230000,Gulf County Sheriff's Office,FL,12055
FL0501300,Gulf Stream Police Department,FL,1004
FL0520500,Gulfport Police Department,FL,11615
FL0530900,Haines City Police Department,FL,46612
FL0060400,Hallandale Beach Police Department,FL,43204
FL0240000,Hamilton County Sheriff's Office,FL,9083
FL0250000,Hardee County Sheriff's Office,FL,18349
FL0200300,Havana Police Department,FL,1758
FL0260000,Hendry County Sheriff's Office,FL,39577
FL0270000,Hernando County Sheriff's Office,FL,210286
FL0131600,Hialeah Gardens Police Department,FL,23422
FL0130400,Hialeah Police Department,FL,238769
FL0010400,High Springs Police Department,FL,6955
FL0503800,Highland Beach Police Department,FL,4387
FL0280000,Highlands County Sheriff's Office,FL,95570
FL0019000,Highway Patrol: Alachua County,FL,0
FL0029000,Highway Patrol: Baker County,FL,0
FL0039000,Highway Patrol: Bay County,FL,0
FL0049000,Highway Patrol: Bradford County,FL,0
FL0059000,Highway Patrol: Brevard County,FL,0
FL0069000,Highway Patrol: Broward County,FL,0
FL0079000,Highway Patrol: Calhoun County,FL,0
FL0089000,Highway Patrol: Charlotte County,FL,0
FL0099000,Highway Patrol: Citrus County,FL,0
FL0109000,Highway Patrol: Clay County,FL,0
FL0119000,Highway Patrol: Collier County,FL,0
FL0129000,Highway Patrol: Columbia County,FL,0
FL0149000,Highway Patrol: DeSoto County,FL,0
FL0159000,Highway Patrol: Dixie County,FL,0
FL0169000,Highway Patrol: Duval County,FL,0
FL0179000,Highway Patrol: Escambia County,FL,0
FL0189000,Highway Patrol: Flagler County,FL,0
FL0199000,Highway Patrol: Franklin County,FL,0
FL0209000,Highway Patrol: Gadsden County,FL,0
FL0219000,Highway Patrol: Gilchrist County,FL,0
FL0229000,Highway Patrol: Glades County,FL,0
FL0239000,Highway Patrol: Gulf County,FL,0
FL0249000,Highway Patrol: Hamilton County,FL,0
FL0259000,Highway Patrol: Hardee County,FL,0
FL0269000,Highway Patrol: Hendry County,FL,0
FL0279000,Highway Patrol: Hernando County,FL,0
FL0289000,Highway Patrol: Highlands County,FL,0
FL0299000,Highway Patrol: Hillsborough County,FL,0
FL0309000,Highway Patrol: Holmes County,FL,0
FL0319000,Highway Patrol: Indian River County,FL,0
FL0329000,Highway Patrol: Jackson County,FL,0
FL0339000,Highway Patrol: Jefferson County,FL,0
FL0349000,Highway Patrol: Lafayette County,FL,0
FL0359000,Highway Patrol: Lake County,FL,0
FL0369000,Highway Patrol: Lee County,FL,0
FL0379000,Highway Patrol: Leon County,FL,0
FL0389000,Highway Patrol: Levy County,FL,0
FL0399000,Highway Patrol: Liberty County,FL,0
FL0409000,Highway Patrol: Madison County,FL,0
FL0419000,Highway Patrol: Manatee County,FL,0
FL0429000,Highway Patrol: Marion County,FL,0
FL0439000,Highway Patrol: Martin County,FL,0
FL0139000,Highway Patrol: Miami-Dade County,FL,0
FL0449000,Highway Patrol: Monroe County,FL,0
FL0459000,Highway Patrol: Nassau County,FL,0
FL0469000,Highway Patrol: Okaloosa County,FL,0
FL0479000,Highway Patrol: Okeechobee County,FL,0
FL0489000,Highway Patrol: Orange County,FL,0
FL0499000,Highway Patrol: Osceola County,FL,0
FL0509000,Highway Patrol: Palm Beach County,FL,0
FL0519000,Highway Patrol: Pasco County,FL,0
FL0529000,Highway Patrol: Pinellas County,FL,0
FL0539000,Highway Patrol: Polk County,FL,0
FL0549000,Highway Patrol: Putnam County,FL,0
FL0579000,Highway Patrol: Santa Rosa County,FL,0
FL0589000,Highway Patrol: Sarasota County,FL,0
FL0599000,Highway Patrol: Seminole County,FL,0
FL0559000,Highway Patrol: St. Johns County,FL,0
FL0569000,Highway Patrol: St. Lucie County,FL,0
FL0609000,Highway Patrol: Sumter County,FL,0
FL0619000,Highway Patrol: Suwannee County,FL,0
FL0629000,Highway Patrol: Taylor County,FL,0
FL0639000,Highway Patrol: Union County,FL,0
FL0649000,Highway Patrol: Volusia County,FL,0
FL0659000,Highway Patrol: Wakulla County,FL,0
FL0669000,Highway Patrol: Walton County,FL,0
FL0679000,Highway Patrol: Washington County,FL,0
FL0061400,Hillsboro Beach Police Department,FL,2042
FL0290000,Hillsborough County Sheriff's Office,FL,1092535
FL0640700,Holly Hill Police Department,FL,13235
FL0060500,Hollywood Police Department,FL,159452
FL0410400,Holmes Beach Police Department,FL,3059
FL0300000,Holmes County Sheriff's Office,FL,16776
FL0130500,Homestead Police Department,FL,87171
FL0350600,Howey-In-the-Hills Police Department,FL,1706
FL0501500,Hypoluxo Police Department,FL,3007
FL0050500,Indialantic Police Department,FL,3143
FL0132500,Indian Creek Village Police Department,FL,90
FL0050600,Indian Harbour Beach Police Department,FL,9003
FL0310000,Indian River County Sheriff's Office,FL,117311
FL0310400,Indian River Shores Police Department,FL,4521
FL0520600,Indian Rocks Beach Police Department,FL,3628
FL0521700,Indian Shores Police Department,FL,3355
FL0540300,Interlachen Police Department,FL,1528
FL0320900,Jackson County School District,FL,0
FL0320000,Jackson County Sheriff's Office,FL,36517
FL0160700,Jacksonville Aviation Authority,FL,0
FL0160300,Jacksonville Beach Police Department,FL,23585
FL0160000,Jacksonville Sheriff's Office,FL,1008920
FL0240100,Jasper Police Department,FL,3636
FL0570300,Jay Police Department,FL,597
FL0330000,Jefferson County Sheriff's Office,FL,13268
FL0240200,Jennings Police Department,FL,778
FL0501600,Juno Beach Police Department,FL,3999
FL0501800,Jupiter Inlet Colony Police Department,FL,470
FL0430200,Jupiter Island Police Department,FL,843
FL0501700,Jupiter Police Department,FL,63447
FL0520700,Kenneth City Police Department,FL,4945
FL0134300,Key Biscayne Police Department,FL,15205
FL0440200,Key Colony Beach Police Department,FL,740
FL0440100,Key West Police Department,FL,24968
FL0490200,Kissimmee Police Department,FL,86213
FL0351300,Lady Lake Police Department,FL,17618
FL0340000,Lafayette County Sheriff's Office,FL,8612
FL0531000,Lake Alfred Police Department,FL,9265
FL0120100,Lake City Police Department,FL,12895
FL0505000,Lake Clarke Shores Police Department,FL,3645
FL0350000,Lake County Sheriff's Office,FL,199026
FL0531100,Lake Hamilton Police Department,FL,2312
FL0640800,Lake Helen Police Department,FL,3026
FL0590700,Lake Mary Police Department,FL,17028
FL0501900,Lake Park Police Department,FL,9221
FL0280200,Lake Placid Police Department,FL,2609
FL0531300,Lake Wales Police Department,FL,18200
FL0500500,Lake Worth Police Department,FL,41673
FL0531200,Lakeland Police Department,FL,127935
FL0502000,Lantana Police Department,FL,12778
FL0520800,Largo Police Department,FL,82264
FL0061700,Lauderdale Lakes Police Department,FL,37374
FL0061600,Lauderdale-by-the-Sea Police Department,FL,6363
FL0061800,Lauderhill Police Department,FL,76625
FL0040300,Lawtey Police Department,FL,694
FL0360400,Lee County Port Authority,FL,0
FL0360000,Lee County Sheriff's Office,FL,519074
FL0350200,Leesburg Police Department,FL,41151
FL0371400,Leon County Agriculture and Consumer Services Tallahassee,FL,0
FL0370000,Leon County Sheriff's Office,FL,90342
FL0380000,Levy County Sheriff's Office,FL,41446
FL0390000,Liberty County Sheriff's Office,FL,7871
FL0062000,Lighthouse Point Police Department,FL,10899
FL0610200,Live Oak Police Department,FL,7318
FL0410500,Longboat Key Police Department,FL,7453
FL0590300,Longwood Police Department,FL,17549
FL050580X,Loxatachee Groves Police Department,FL,3612
FL0030700,Lynn Haven Police Department,FL,22866
FL0520900,Madeira Beach Police Department,FL,4046
FL0400000,Madison County Sheriff's Office,FL,15184
FL0400100,Madison Police Department,FL,3015
FL0480200,Maitland Police Department,FL,19858
FL0502100,Manalapan Police Department,FL,446
FL0410000,Manatee County Sheriff's Office,FL,386788
FL0502200,Mangonia Park Police Department,FL,2789
FL0110300,Marco Island Police Department,FL,16758
FL0062100,Margate Police Department,FL,60707
FL0320100,Marianna Police Department,FL,8467
FL0421000,Marion County School Board,FL,0
FL0420000,Marion County Sheriff's Office,FL,355347
FL0430000,Martin County Sheriff's Office,FL,141710
FL0350700,Mascotte Police Department,FL,9878
FL0132700,Medley Police Department,FL,1113
FL0050800,Melbourne Beach Police Department,FL,3284
FL0051800,Melbourne International Airport,FL,0
FL0050700,Melbourne Police Department,FL,88193
FL0051500,Melbourne Village Police Department,FL,685
FL0030400,Mexico Beach Police Department,FL,1296
FL0130700,Miami Beach Police Department,FL,83453
FL0139700,Miami Gardens Police Department,FL,117389
FL0139300,Miami Lakes Police Department,FL,33991
FL0130600,Miami Police Department,FL,498792
FL0130800,Miami Shores Police Department,FL,11974
FL0130900,Miami Springs Police Department,FL,13931
FL0130000,Miami-Dade County Police Department,FL,1200003
FL0133700,Miami-Dade County Public Schools,FL,0
FL0133900,Miccosukee Tribal,FL,0
FL0200500,Midway Police Department,FL,3472
FL0570100,Milton Police Department,FL,11419
FL0350800,Minneola Police Department,FL,21352
FL0062200,Miramar Police Department,FL,144398
FL0440000,Monroe County Sheriff's Office,FL,53422
FL0330100,Monticello Police Department,FL,2794
FL0351000,Mount Dora Police Department,FL,18757
FL0110100,Naples Police Department,FL,20434
FL0450000,Nassau County Sheriff's Office,FL,92440
FL0160400,Neptune Beach Police Department,FL,6991
FL0580700,New College of Florida,FL,0
FL0510200,New Port Richey Police Department,FL,18487
FL0640300,New Smyrna Beach Police Department,FL,33853
FL0460300,Niceville Police Department,FL,18481
FL0131700,North Bay Village Police Department,FL,8329
FL0062300,North Lauderdale Police Department,FL,46392
FL0131000,North Miami Beach Police Department,FL,46232
FL0131800,North Miami Police Department,FL,62815
FL0502300,North Palm Beach Police Department,FL,13494
FL0580300,North Port Police Department,FL,97818
FL0522600,North Redington Beach Police Department,FL,1477
FL0031300,Northwest Florida Beaches International Airport,FL,0
FL0461300,Northwest Florida State College,FL,0
FL0062400,Oakland Park Police Department,FL,45812
FL0480800,Oakland Police Department,FL,3859
FL0420100,Ocala Police Department,FL,71947
FL0502400,Ocean Ridge Police Department,FL,1903
FL0480300,Ocoee Police Department,FL,52261
FL0460000,Okaloosa County Sheriff's Office,FL,142081
FL0470000,Okeechobee County Sheriff's Office,FL,36525
FL0470100,Okeechobee Police Department,FL,5856
FL0521000,Oldsmar Police Department,FL,14809
FL0131200,Opa Locka Police Department,FL,16539
FL0641000,Orange City Police Department,FL,15959
FL0483000,Orange County Public Schools,FL,0
FL0480000,Orange County Sheriff's Office,FL,955709
FL0100200,Orange Park Police Department,FL,8969
FL0480400,Orlando Police Department,FL,341975
FL0640400,Ormond Beach Police Department,FL,44973
FL0490000,Osceola County Sheriff's Office,FL,321158
FL0590400,Oviedo Police Department,FL,42397
FL0502500,Pahokee Police Department,FL,5912
FL0540100,Palatka Police Department,FL,10968
FL0051200,Palm Bay Police Department,FL,148091
FL0504200,Palm Beach County School District,FL,0
FL0500000,Palm Beach County Sheriff's Office,FL,683572
FL0502600,Palm Beach Gardens Police Department,FL,64337
FL0500600,Palm Beach Police Department,FL,9556
FL0503300,Palm Beach Shores Police Department,FL,1365
FL0502700,Palm Springs Police Department,FL,28984
FL013950X,Palmetto Bay Police Department,FL,25682
FL0410600,Palmetto Police Department,FL,13771
FL0030600,Panama City Beach Police Department,FL,20480
FL0030100,Panama City Police Department,FL,38146
FL0032600,Parker Police Department,FL,5036
FL0063300,Parkland Police Department,FL,40687
FL0510000,Pasco County Sheriff's Office,FL,617158
FL0063000,Pembroke Park Police Department,FL,6571
FL0060800,Pembroke Pines Police Department,FL,180075
FL0170100,Pensacola Police Department,FL,53754
FL0179100,Pensacola State College,FL,0
FL0620100,Perry Police Department,FL,7423
FL0641100,Pierson Police Department,FL,1569
FL0520000,Pinellas County Sheriff's Office,FL,257198
FL0521100,Pinellas Park Police Department,FL,53531
FL0290100,Plant City Police Department,FL,43909
FL0060600,Plantation Police Department,FL,102187
FL0530000,Polk County Sheriff's Office,FL,541319
FL0060700,Pompano Beach Police Department,FL,118782
FL0641400,Ponce Inlet Police Department,FL,3514
FL006990X,Port Everglades Police Department,FL,0
FL0641200,Port Orange Police Department,FL,67550
FL0510400,Port Richey Police Department,FL,3790
FL0230100,Port St. Joe Police Department,FL,3992
FL0560200,Port St. Lucie Police Department,FL,273427
FL0080200,Punta Gorda Police Department,FL,20614
FL0540600,Putnam County School District,FL,0
FL0540000,Putnam County Sheriff's Office,FL,62038
FL0200100,Quincy Police Department,FL,8177
FL0521200,Redington Beaches Police Department,FL,1384
FL0500700,Riviera Beach Police Department,FL,40139
FL0050900,Rockledge Police Department,FL,32442
FL0502800,Royal Palm Beach Police Department,FL,42582
FL0521300,Safety Harbor Police Department,FL,16950
FL0591000,Sanford Airport,FL,0
FL0590500,Sanford Police Department,FL,68469
FL0360300,Sanibel Police Department,FL,6351
FL0012700,Santa Fe College,FL,0
FL0570000,Santa Rosa County Sheriff's Office,FL,190022
FL0580900,Sarasota County Schools,FL,0
FL0580000,Sarasota County Sheriff's Office,FL,287365
FL0580100,Sarasota Police Department,FL,58428
FL0580600,Sarasota-Manatee Airport Authority,FL,0
FL0051000,Satellite Beach Police Department,FL,11402
FL0062600,Sea Ranch Lakes Police Department,FL,580
FL0310200,Sebastian Police Department,FL,27602
FL0280300,Sebring Police Department,FL,12007
FL0590000,Seminole County Sheriff's Office,FL,226944
FL052990X,Seminole Police Department,FL,19390
FL0063400,Seminole Tribal,FL,0
FL0430300,Sewall's Point Police Department,FL,2091
FL0460500,Shalimar Police Department,FL,761
FL0320500,Sneads Police Department,FL,1800
FL0502900,South Bay Police Department,FL,5202
FL0641300,South Daytona Police Department,FL,14149
FL0131900,South Miami Police Department,FL,13539
FL0503000,South Palm Beach Police Department,FL,1497
FL0521600,South Pasadena Police Department,FL,5263
FL006380X,Southwest Ranches Police Department,FL,7828
FL0030500,Springfield Police Department,FL,8614
FL0550200,St. Augustine Beach Police Department,FL,6802
FL0550100,St. Augustine Police Department,FL,16389
FL0490100,St. Cloud Police Department,FL,74269
FL0550000,St. Johns County Sheriff's Office,FL,322319
FL0560000,St. Lucie County Sheriff's Office,FL,75430
FL0521500,St. Pete Beach Police Department,FL,8696
FL0521400,St. Petersburg Police Department,FL,269098
FL0522800,St. Petersburg-Clearwater International Airport,FL,0
FL0040100,Starke Police Department,FL,6009
FL0371700,State Treasurer's Office Division of Insurance Fraud,FL,0
FL0430100,Stuart Police Department,FL,20114
FL0600000,Sumter County Sheriff's Office,FL,137903
FL0135100,Sunny Isles Beach Police Department,FL,23068
FL0062700,Sunrise Police Department,FL,100133
FL0131300,Surfside Police Department,FL,5736
FL0610000,Suwannee County Sheriff's Office,FL,40492
FL0132900,Sweetwater Police Department,FL,21875
FL0372200,Tallahassee Community College,FL,0
FL0370300,Tallahassee Police Department,FL,206918
FL0063100,Tamarac Police Department,FL,75399
FL0290600,Tampa International Airport,FL,0
FL0290200,Tampa Police Department,FL,421313
FL0521800,Tarpon Springs Police Department,FL,26429
FL0351100,Tavares Police Department,FL,22825
FL0620000,Taylor County Sheriff's Office,FL,14098
FL0290300,Temple Terrace Police Department,FL,27808
FL0503100,Tequesta Police Department,FL,6317
FL0051100,Titusville Police Department,FL,50153
FL0521900,Treasure Island Police Department,FL,6511
FL0210200,Trenton Police Department,FL,2331
FL0351200,Umatilla Police Department,FL,4035
FL0630000,Union County Sheriff's Office,FL,15564
FL0481400,University of Central Florida,FL,0
FL0010600,University of Florida,FL,0
FL0160600,University of North Florida,FL,0
FL0522900,University of South Florida: St. Petersburg,FL,0
FL0290700,University of South Florida: Tampa,FL,0
FL0170400,University of West Florida,FL,0
FL0460400,Valparaiso Police Department,FL,4874
FL0580200,Venice Police Department,FL,31088
FL0310300,Vero Beach Police Department,FL,17851
FL0139200,Village of Pinecrest Police Department,FL,19153
FL0132000,Virginia Gardens Police Department,FL,2360
FL0641700,Volusia County Beach Management,FL,0
FL0640000,Volusia County Sheriff's Office,FL,113940
FL0650000,Wakulla County Sheriff's Office,FL,37352
FL0660000,Walton County Sheriff's Office,FL,84629
FL0670000,Washington County Sheriff's Office,FL,22622
FL0250200,Wauchula Police Department,FL,5007
FL0540400,Welaka Police Department,FL,773
FL050950X,Wellington Police Department,FL,63687
FL0051600,West Melbourne Police Department,FL,32715
FL0132100,West Miami Police Department,FL,7256
FL0500800,West Palm Beach Police Department,FL,130449
FL006410X,West Park Police Department,FL,15658
FL050570X,Westlake Police Department,FL,6173
FL006880X,Weston Police Department,FL,70814
FL0240300,White Springs Police Department,FL,766
FL0600500,Wildwood Police Department,FL,19888
FL0380400,Williston Police Department,FL,3558
FL0060900,Wilton Manors Police Department,FL,11787
FL0480900,Windermere Police Department,FL,3273
FL0480500,Winter Garden Police Department,FL,49101
FL0531600,Winter Haven Police Department,FL,62578
FL0480600,Winter Park Police Department,FL,31044
FL0590600,Winter Springs Police Department,FL,40192
FL0510300,Zephyrhills Police Department,FL,23750
GA1560100,Abbeville Police Department,GA,2873
GA1370400,Abraham Baldwin Agricultural College,GA,0
GA0330500,Acworth Police Department,GA,22673
GA0080200,Adairsville Police Department,GA,5064
GA0370100,Adel Police Department,GA,5800
GA0830200,Adrian Police Department,GA,558
GA044139E,Agnes Scott College,GA,0
GA1530100,Alamo Police Department,GA,2750
GA0100200,Alapaha Police Department,GA,496
GA0470100,Albany Police Department,GA,66132
GA0470300,Albany State University,GA,0
GA0471100,Albany Technical College,GA,0
GA0030100,Alma Police Department,GA,3348
GA0600400,Alpharetta Police Department,GA,67702
GA0680900,Alto Police Department,GA,1021
GA1290100,Americus Police Department,GA,15632
GA120059E,Andrew College ,GA,0
GA0010400,Appling County Board of Education,GA,0
GA0010000,Appling County Sheriff's Office,GA,13521
GA1150400,Aragon Police Department,GA,1517
GA0780400,Arcade Police Department,GA,2053
GA0190100,Arlington Police Department,GA,1119
GA1420100,Ashburn Police Department,GA,4228
GA0290900,Athens Technical College,GA,0
GA0290100,Athens-Clarke County Police Department,GA,129208
GA0020000,Atkinson County Sheriff's Office,GA,5292
GA0604200,Atlanta Metropolitan State College,GA,0
GAAPD0000,Atlanta Police Department,GA,525939
GA0605400,Atlanta Public Schools,GA,0
GA0609900,Atlanta Technical College,GA,0
GA0430200,Attapulgus Police Department,GA,444
GA0070200,Auburn Police Department,GA,10853
GA1212100,Augusta Technical College,GA,0
GA1210000,Augusta-Richmond County Sheriff's Office,GA,201734
GA0330100,Austell Police Department,GA,8348
GA0440300,Avondale Estates Police Department,GA,3518
GA0030300,Bacon County Schools,GA,0
GA0030000,Bacon County Sheriff's Office,GA,7684
GA0430100,Bainbridge Police Department,GA,14613
GA0040000,Baker County Sheriff's Office,GA,2151
GA0050000,Baldwin County Sheriff's Office,GA,27045
GA0680500,Baldwin Police Department,GA,4356
GA0280200,Ball Ground Police Department,GA,3567
GA0060000,Banks County Sheriff's Office,GA,18415
GA0850100,Barnesville Police Department,GA,6407
GA0070000,Barrow County Sheriff's Office,GA,61752
GA0080000,Bartow County Sheriff's Office,GA,80619
GA0810400,Bartow Police Department,GA,176
GA0010100,Baxley Police Department,GA,4957
GA0090000,Ben Hill County Sheriff's Office,GA,8129
GA0350200,Berlin Police Department,GA,532
GA0100000,Berrien County Sheriff's Office,GA,11160
GA057069E,Berry College,GA,0
GA0110400,Bibb County Board of Education,GA,0
GA0110000,Bibb County Sheriff's Office,GA,157114
GA1130100,Blackshear Police Department,GA,3699
GA1440100,Blairsville Police Department,GA,910
GA0490100,Blakely Police Department,GA,5093
GA0120000,Bleckley County Sheriff's Office,GA,7869
GA0250900,Bloomingdale Police Department,GA,3167
GA0550200,Blue Ridge Police Department,GA,1243
GA1210800,Blythe Police Department,GA,803
GA1360200,Boston Police Department,GA,1241
GA0220300,Bowdon Police Department,GA,2259
GA0130000,Brantley County Sheriff's Office,GA,17442
GA0780600,Braselton Police Department,GA,18495
GA1100400,Braswell  Police Department,GA,369
GA0710100,Bremen Police Department,GA,7755
GA0447200,Brookhaven Police Department,GA,60038
GA0160200,Brooklet Police Department,GA,2160
GA0140000,Brooks County Sheriff's Office,GA,11566
GA0340300,Broxton Police Department,GA,1083
GA0630100,Brunswick Police Department,GA,15597
GA0150000,Bryan County Sheriff's Office,GA,29271
GA0710300,Buchanan Police Department,GA,962
GA0980100,Buena Vista Police Department,GA,1585
GA0160000,Bulloch County Sheriff's Office,GA,48394
GA0170000,Burke  County Sheriff's Office,GA,17496
GA1330100,Butler Police Department,GA,1816
GA0180000,Butts County Sheriff's Office,GA,21596
GA1110200,Byron Police Department,GA,6465
GA0650100,Cairo Police Department,GA,10028
GA0190000,Calhoun County Sheriff's Office,GA,2962
GA0640100,Calhoun Police Department,GA,20280
GA0200000,Camden County Sheriff's Office,GA,18208
GA1010100,Camilla Police Department,GA,4995
GA0210000,Candler County Sheriff's Office,GA,7138
GA0590400,Canon Police Department,GA,720
GA0280100,Canton Police Department,GA,39311
GA0220000,Carroll County Sheriff's Office,GA,79894
GA0220100,Carrollton Police Department,GA,28697
GA0080100,Cartersville Police Department,GA,25574
GA0230000,Catoosa County Sheriff's Office,GA,55454
GA0570300,Cave Spring Police Department,GA,1223
GA1150100,Cedartown Police Department,GA,10352
GA0760300,Centerville Police Department,GA,9228
GA0440400,Chamblee Police Department,GA,32886
GA0240000,Charlton County Sheriff's Office,GA,7488
GA0251600,Chatham County Board of Education,GA,0
GA0250100,Chatham County Police Department,GA,0
GA0250000,Chatham County Sheriff's Office,GA,0
GA1050100,Chatsworth Police Department,GA,4957
GA0260000,Chattahoochee County Sheriff's Office,GA,8333
GA0605900,Chattahoochee Hills Police Department,GA,3588
GA0081000,Chattahoochee Technical College,GA,0
GA0270000,Chattooga County Sheriff's Office,GA,20981
GA0280700,Cherokee County Board of Education,GA,0
GA0280900,Cherokee County Marshal,GA,0
GA0280000,Cherokee County Sheriff's Office,GA,195231
GA1460400,Chickamauga Police Department,GA,3039
GA060309E,Clark Atlanta University,GA,0
GA0290000,Clarke County Sheriff's Office,GA,0
GA0680200,Clarkesville Police Department,GA,2233
GA0440500,Clarkston Police Department,GA,14338
GA0540100,Claxton Police Department,GA,2526
GA0300000,Clay County Sheriff's Office,GA,2813
GA0310100,Clayton County Police Department,GA,234269
GA0311700,Clayton County Schools,GA,0
GA1190100,Clayton Police Department,GA,2116
GA0310800,Clayton State University,GA,0
GA1540100,Cleveland Police Department,GA,3604
GA0320000,Clinch County Sheriff's Office,GA,4546
GA1480700,Coastal Pines Technical College,GA,0
GA0331300,Cobb County Board of Education,GA,0
GA0330200,Cobb County Police Department,GA,581877
GA0330000,Cobb County Sheriff's Office,GA,0
GA0120100,Cochran Police Department,GA,4788
GA0340800,Coffee County Board of Education,GA,0
GA0340000,Coffee County Sheriff's Office,GA,28268
GA1550300,Cohutta Police Department,GA,866
GA0600100,College Park Police Department,GA,13983
GA0630300,College of Coastal Georgia,GA,0
GA0350000,Colquitt  County Sheriff's Office,GA,30167
GA1000100,Colquitt Police Department,GA,1923
GA0360000,Columbia County Sheriff's Office,GA,147725
GA1060100,Columbus Police Department,GA,200622
GA1060400,Columbus State University,GA,0
GA0970200,Comer Police Department,GA,1652
GA0780100,Commerce Police Department,GA,9165
GA1220100,Conyers Police Department,GA,20865
GA0370000,Cook County Sheriff's Office,GA,9567
GA1360300,Coolidge Police Department,GA,548
GA0400100,Cordele Police Department,GA,9663
GA0680100,Cornelia Police Department,GA,5604
GA1070100,Covington Police Department,GA,15581
GA0380000,Coweta County Sheriff's Office,GA,104693
GA0390000,Crawford County Sheriff's Office,GA,11628
GA0400000,Crisp County Sheriff's Office,GA,9667
GA0580100,Cumming Police Department,GA,11069
GA1200100,Cuthbert Police Department,GA,2867
GA0410000,Dade County Sheriff's Office,GA,13823
GA1100100,Dallas Police Department,GA,15301
GA1550100,Dalton Police Department,GA,35108
GA1550500,Dalton State College,GA,0
GA0970300,Danielsville Police Department,GA,886
GA1500300,Davisboro Police Department,GA,1975
GA0420000,Dawson County Sheriff's Office,GA,35676
GA1350100,Dawson Police Department,GA,4133
GA0441200,DeKalb County Marshal,GA,0
GA0440200,DeKalb County Police Department,GA,519559
GA0445100,DeKalb County School System,GA,0
GA0440000,DeKalb County Sheriff's Office,GA,0
GA0430400,Decatur County Schools,GA,0
GA0430000,Decatur County Sheriff's Office,GA,14361
GA0440100,Decatur Police Department,GA,24379
GA0680300,Demorest Police Department,GA,2196
GA1190400,Dillard Police Department,GA,337
GA0450000,Dodge County Sheriff's Office,GA,13743
GA0350300,Doerun Police Department,GA,727
GA1250100,Donalsonville Police Department,GA,2872
GA0460000,Dooly County Sheriff's Office,GA,8287
GA0440600,Doraville Police Department,GA,12959
GA0470500,Dougherty County Board of Education,GA,0
GA0470200,Dougherty County Police Department,GA,15652
GA0470000,Dougherty County Sheriff's Office,GA,0
GA0480600,Douglas County Schools,GA,0
GA0480000,Douglas County Sheriff's Office,GA,102946
GA0340100,Douglas Police Department,GA,11858
GA0480100,Douglasville Police Department,GA,42134
GA0870100,Dublin Police Department,GA,16251
GA0670500,Duluth Police Department,GA,33465
GA0447100,Dunwoody  Police Department,GA,51850
GA0490000,Early County Sheriff's Office,GA,4966
GA0870200,East Dublin Police Department,GA,2511
GA0610300,East Ellijay Police Department,GA,2040
GA0530700,East Georgia State College,GA,0
GA0600200,East Point Police Department,GA,38291
GA0450100,Eastman Police Department,GA,5478
GA1170100,Eatonton Police Department,GA,6719
GA0500000,Echols County Sheriff's Office,GA,3693
GA0190200,Edison Police Department,GA,1142
GA0510000,Effingham County Sheriff's Office,GA,56795
GA0520000,Elbert County Sheriff's Office,GA,15492
GA0520100,Elberton Police Department,GA,4791
GA1230100,Ellaville Police Department,GA,1496
GA0610100,Ellijay Police Department,GA,1950
GA0530000,Emanuel County Sheriff's Office,GA,12764
GA0080600,Emerson Police Department,GA,2479
GA044149E,Emory University,GA,0
GA0100400,Enigma Police Department,GA,1126
GA1050200,Eton Police Department,GA,857
GA0080700,Euharlee Police Department,GA,4105
GA0540000,Evans County Sheriff's Office,GA,7415
GA0600700,Fairburn Police Department,GA,17474
GA0640200,Fairmount Police Department,GA,764
GA0550000,Fannin County Sheriff's Office,GA,24726
GA0560400,Fayette County Marshal,GA,0
GA0560000,Fayette County Sheriff's Office,GA,56306
GA0560100,Fayetteville Police Department,GA,20786
GA0090100,Fitzgerald Police Department,GA,8768
GA0690300,Flowery Branch Police Department,GA,13105
GA0570100,Floyd County Police Department,GA,61946
GA0570000,Floyd County Sheriff's Office,GA,0
GA0240100,Folkston Police Department,GA,4751
GA0310200,Forest Park Police Department,GA,19184
GA0580300,Forsyth County Fire Investigation Unit,GA,0
GA0580000,Forsyth County Sheriff's Office,GA,276364
GA1020100,Forsyth Police Department,GA,5024
GA0230100,Fort Oglethorpe Police Department,GA,10686
GA1110100,Fort Valley Police Department,GA,9082
GA1110300,Fort Valley State University,GA,0
GA0590000,Franklin County Sheriff's Office,GA,19602
GA0740100,Franklin Police Department,GA,985
GA0590500,Franklin Springs Police Department,GA,1210
GA0602700,Fulton County Marshal,GA,0
GA0601300,Fulton County Police Department,GA,0
GA0603700,Fulton County School System,GA,0
GA0600000,Fulton County Sheriff's Office,GA,0
GA0690100,Gainesville Police Department,GA,49204
GA0250200,Garden City Police Department,GA,10570
GAGBI0000,Georgia Bureau of Investigation: Headquarters,GA,0
GA0050300,Georgia College and State University,GA,0
GA0602000,"Georgia Department of Transportation, Office of Investigations",GA,0
GA0110200,Georgia Forestry Commission,GA,0
GA0671700,Georgia Gwinnett College,GA,0
GA0081100,Georgia Highlands College,GA,0
GA0601000,Georgia Institute of Technology,GA,0
GA0050400,Georgia Military College,GA,0
GA0571400,Georgia Northwestern Technical College,GA,0
GA0445400,Georgia Piedmont Technical College,GA,0
GA1020300,Georgia Public Safety Training Center,GA,0
GA1210400,Georgia Regents University,GA,0
GA0160400,Georgia Southern University,GA,0
GA1290400,Georgia Southwestern State University,GA,0
GAGSP0000,Georgia State Patrol Headquarters,GA,0
GA0600900,Georgia State University,GA,0
GA0603800,Georgia World Congress,GA,0
GA0610000,Gilmer County Sheriff's Office,GA,29842
GA0620000,Glascock County Sheriff's Office,GA,3039
GA1320100,Glennville Police Department,GA,5065
GA0630200,Glynn County Police Department,GA,71493
GA0630600,Glynn County School System,GA,0
GA0630000,Glynn County Sheriff's Office,GA,0
GA0640000,Gordon County Sheriff's Office,GA,40525
GA1580100,Gordon Police Department,GA,1707
GA0850300,Gordon State College,GA,0
GA0650500,Grady County Schools,GA,0
GA0650000,Grady County Sheriff's Office,GA,15883
GA0010300,Graham Police Department,GA,271
GA0380200,Grantville Police Department,GA,3326
GA0840100,Gray Police Department,GA,3555
GA0660000,Greene County Sheriff's Office,GA,18087
GA0660100,Greensboro Police Department,GA,3560
GA0990200,Greenville Police Department,GA,825
GA1260100,Griffin Police Department,GA,24132
GA0360100,Grovetown Police Department,GA,18359
GA0510100,Guyton Police Department,GA,3266
GA0670200,Gwinnett County Police Department,GA,858237
GA0671000,Gwinnett County Public Schools,GA,0
GA0670000,Gwinnett County Sheriff's Office,GA,0
GA0671800,Gwinnett Technical College,GA,0
GA0680000,Habersham County Sheriff's Office,GA,34760
GA0540200,Hagan Police Department,GA,951
GA0920200,Hahira Police Department,GA,3603
GA0690600,Hall County Marshal,GA,0
GA0690000,Hall County Sheriff's Office,GA,152703
GA0720400,Hamilton Police Department,GA,1828
GA0750300,Hampton Police Department,GA,9419
GA0700000,Hancock County Sheriff's Office,GA,7374
GA0600300,Hapeville Police Department,GA,6759
GA0710000,Haralson County Sheriff's Office,GA,21162
GA0360200,Harlem Police Department,GA,4205
GA0720000,Harris County Sheriff's Office,GA,32310
GA0730000,Hart County Sheriff's Office,GA,23165
GA060240X,Hartsfield-Jackson Atlanta International Airport,GA,0
GA0730100,Hartwell Police Department,GA,4764
GA0800100,Hazlehurst Police Department,GA,4133
GA0740000,Heard County Sheriff's Office,GA,11313
GA1540200,Helen Police Department,GA,656
GA0750500,Henry County Police Department,GA,172380
GA0750000,Henry County Sheriff's Office,GA,0
GA1210300,Hephzibah Police Department,GA,3828
GA1390100,Hiawassee Police Department,GA,1059
GA0890100,Hinesville Police Department,GA,36972
GA1100200,Hiram Police Department,GA,5672
GA0130200,Hoboken Police Department,GA,510
GA1410100,Hogansville Police Department,GA,3214
GA0280300,Holly Springs Police Department,GA,21102
GA0240200,Homeland Police Department,GA,912
GA0320100,Homerville Police Department,GA,2364
GA0780500,Hoschton Police Department,GA,8402
GA0760000,Houston County Sheriff's Office,GA,55678
GA0960200,Ideal Police Department,GA,391
GA0770000,Irwin County Sheriff's Office,GA,6243
GA1580200,Irwinton Police Department,GA,541
GA1580500,Ivey Police Department,GA,1003
GA0780000,Jackson County Sheriff's Office,GA,52866
GA0180100,Jackson Police Department,GA,5949
GA1340600,Jacksonville Police Department,GA,104
GA0790000,Jasper County Sheriff's Office,GA,14846
GA1120100,Jasper Police Department,GA,5634
GA0800000,Jeff Davis County Sheriff's Office,GA,11071
GA0810000,Jefferson County Sheriff's Office,GA,8474
GA0780200,Jefferson Police Department,GA,17339
GA0820000,Jenkins County Sheriff's Office,GA,5898
GA1510100,Jesup Police Department,GA,10345
GA0605800,Johns Creek Police Department,GA,80930
GA0830000,Johnson County Sheriff's Office,GA,5295
GA0840000,Jones County Sheriff's Office,GA,25667
GA0310400,Jonesboro Police Department,GA,6119
GA0330600,Kennesaw Police Department,GA,38937
GA0331200,Kennesaw State University,GA,0
GA0200100,Kingsland Police Department,GA,21465
GA0080300,Kingston Police Department,GA,1220
GA1460100,LaFayette Police Department,GA,7051
GA1410200,LaGrange Police Department,GA,34257
GA0310600,Lake City Police Department,GA,2872
GA0920300,Lake Park Police Department,GA,1757
GA0860100,Lakeland Police Department,GA,3070
GA0850000,Lamar County Sheriff's Office,GA,14047
GA0860200,Lanier County Board of Education,GA,0
GA0860000,Lanier County Sheriff's Office,GA,7536
GA0870000,Laurens County Sheriff's Office,GA,31730
GA0590200,Lavonia Police Department,GA,2173
GA0670300,Lawrenceville Police Department,GA,32222
GA0190300,Leary Police Department,GA,489
GA0880000,Lee County Sheriff's Office,GA,30705
GA0880100,Leesburg Police Department,GA,3597
GA0370200,Lenox Police Department,GA,744
GA1290200,Leslie Police Department,GA,336
GA0890000,Liberty County Sheriff's Office,GA,30114
GA0670600,Lilburn Police Department,GA,16735
GA0900000,Lincoln County Sheriff's Office,GA,6722
GA0900100,Lincolnton Police Department,GA,1419
GA0440700,Lithonia Police Department,GA,2562
GA0750400,Locust Grove Police Department,GA,12497
GA1470200,Loganville Police Department,GA,17600
GA0910000,Long County Sheriff's Office,GA,19766
GA1460300,Lookout Mountain Police Department,GA,1661
GA0810100,Louisville Police Department,GA,2186
GA0311400,Lovejoy Police Department,GA,13277
GA0920000,Lowndes County Sheriff's Office,GA,60672
GA0910100,Ludowici Police Department,GA,1883
GA1340300,Lumber City Police Department,GA,966
GA0930000,Lumpkin County Sheriff's Office,GA,36664
GA1280100,Lumpkin Police Department,GA,960
GA0990300,Luthersville Police Department,GA,854
GA1380100,Lyons Police Department,GA,4255
GA0960000,Macon County Sheriff's Office,GA,6611
GA0970000,Madison County Sheriff's Office,GA,30897
GA1040100,Madison Police Department,GA,5321
GA0990100,Manchester Police Department,GA,3631
GA0330300,Marietta Police Department,GA,63657
GA0980000,Marion County Sheriff's Office,GA,6081
GA0960300,Marshallville Police Department,GA,969
GA0780300,Maysville Police Department,GA,2337
GA0750100,McDonough Police Department,GA,33732
GA0940000,McDuffie County Sheriff's Office,GA,15019
GA0950000,McIntosh County Sheriff's Office,GA,12018
GA1580300,McIntyre Police Department,GA,551
GA1340100,McRae Police Department,GA,4903
GA1360400,Meigs Police Department,GA,948
GA011099E,Mercer University,GA,0
GA0990000,Meriwether County Sheriff's Office,GA,15064
GA0602100,Metropolitan Atlanta Rapid Transit Authority,GA,0
GA0210100,Metter Police Department,GA,4022
GA0120200,Middle Georgia State University,GA,0
GA0170200,Midville Police Department,GA,380
GA0890200,Midway Police Department,GA,2389
GA1340400,Milan Police Department,GA,607
GA0050100,Milledgeville Police Department,GA,16576
GA0820100,Millen Police Department,GA,2986
GA1000000,Miller County Sheriff's Office,GA,3862
GA0850200,Milner Police Department,GA,817
GA0605700,Milton Police Department,GA,41571
GA1010000,Mitchell County Sheriff's Office,GA,11270
GA1140300,Molena Police Department,GA,429
GA1020000,Monroe County Sheriff's Office,GA,27331
GA1470100,Monroe Police Department,GA,16597
GA0960100,Montezuma Police Department,GA,2870
GA1030000,Montgomery County Sheriff's Office,GA,6191
GA0790100,Monticello Police Department,GA,3083
GA0604400,Morehouse College,GA,0
GA0606200,Morehouse School of Medicine,GA,0
GA1040000,Morgan County Sheriff's Office,GA,17082
GA060459E,Morris Brown College,GA,0
GA0310300,Morrow Police Department,GA,6190
GA0140200,Morven Police Department,GA,507
GA0350100,Moultrie Police Department,GA,14793
GA0680400,Mount Airy Police Department,GA,1519
GA1030100,Mount Vernon Police Department,GA,1807
GA0220700,Mount Zion Police Department,GA,2131
GA1190200,Mountain City Police Department,GA,978
GA1050000,Murray County Sheriff's Office,GA,35849
GA1060000,Muscogee  County Sheriff's Office,GA,0
GA1060500,Muscogee City Marshal,GA,0
GA1061900,Muscogee County Schools,GA,0
GA0130100,Nahunta Police Department,GA,1041
GA0100100,Nashville Police Department,GA,4954
GA0280600,Nelson Police Department,GA,1176
GA1240300,Newington Police Department,GA,301
GA0380100,Newnan Police Department,GA,46253
GA1070000,Newton County Sheriff's Office,GA,107123
GA0040100,Newton Police Department,GA,553
GA0340400,Nicholls Police Department,GA,2857
GA0670700,Norcross Police Department,GA,19259
GA0350400,Norman Park Police Department,GA,1010
GA0681000,North Georgia Technical College,GA,0
GA0530600,Oak Park Police Department,GA,513
GA0690400,Oakwood Police Department,GA,7349
GA0770100,Ocilla Police Department,GA,2796
GA1500500,Oconee  Police Department,GA,182
GA1080000,Oconee County Sheriff's Office,GA,45475
GA1090000,Oglethorpe County Sheriff's Office,GA,16521
GA0960400,Oglethorpe Police Department,GA,948
GA1240400,Oliver Police Department,GA,224
GA1370200,Omega Police Department,GA,1325
GA1070200,Oxford Police Department,GA,2313
GA121159E,Paine College,GA,0
GA0600800,Palmetto Police Department,GA,5251
GA1130200,Patterson Police Department,GA,783
GA1100300,Paulding County Marshal,GA,0
GA1100000,Paulding County Sheriff's Office,GA,172495
GA1360600,Pavo Police Department,GA,601
GA1110000,Peach County Sheriff's Office,GA,13231
GA0560200,Peachtree City Police Department,GA,41378
GA0020100,Pearson Police Department,GA,1916
GA1010300,Pelham Police Department,GA,3360
GA0150100,Pembroke Police Department,GA,2804
GA0780900,Pendergrass  Police Department,GA,1896
GA0760100,Perry Police Department,GA,25866
GA1120300,Pickens County Board of Education,GA,0
GA1120000,Pickens County Sheriff's Office,GA,31249
GA068089E,Piedmont College ,GA,0
GA1130000,Pierce County Sheriff's Office,GA,16429
GA1140000,Pike County Sheriff's Office,GA,19345
GA0440800,Pine Lake Police Department,GA,748
GA0720100,Pine Mountain Police Department,GA,1305
GA1560300,Pineview Police Department,GA,473
GA1290300,Plains Police Department,GA,515
GA1150300,Polk County Police Department,GA,27703
GA1150000,Polk County Sheriff's Office,GA,0
GA0250400,Pooler Police Department,GA,32721
GA0250500,Port Wentworth Police Department,GA,16079
GA0160300,Portal Police Department,GA,689
GA1070300,Porterdale Police Department,GA,1976
GA0250800,Ports Authority Savannah,GA,0
GA1590200,Poulan Police Department,GA,717
GA0330800,Powder Springs Police Department,GA,20387
GA1160000,Pulaski County Sheriff's Office,GA,10264
GA1170000,Putnam County Sheriff's Office,GA,16987
GA1180000,Quitman County Sheriff's Office,GA,2349
GA0140100,Quitman Police Department,GA,4060
GA1190000,Rabun County Sheriff's Office,GA,13873
GA1200000,Randolph County Sheriff's Office,GA,2336
GA0100300,Ray City Police Department,GA,1068
GA1320200,Reidsville Police Department,GA,2564
GA0920400,Remerton Police Department,GA,1291
GA1330200,Reynolds Police Department,GA,888
GA1280200,Richland Police Department,GA,1474
GA1210600,Richmond County Board of Education,GA,0
GA1210700,Richmond County Marshal,GA,0
GA0150200,Richmond Hill Police Department,GA,20687
GA0510200,Rincon Police Department,GA,11878
GA0230200,Ringgold Police Department,GA,3427
GA0310500,Riverdale Police Department,GA,14482
GA0390100,Roberta Police Department,GA,788
GA1560200,Rochelle Police Department,GA,1155
GA1220000,Rockdale County Sheriff's Office,GA,77803
GA1150200,Rockmart Police Department,GA,5328
GA0570200,Rome Police Department,GA,38969
GA0990800,Roosevelt Institute Facility Police,GA,0
GA1460200,Rossville Police Department,GA,3934
GA0600500,Roswell Police Department,GA,92178
GA0590300,Royston Police Department,GA,2669
GA1010400,Sale City Police Department,GA,351
GA1500100,Sandersville Police Department,GA,5432
GA0605600,Sandy Springs Police Department,GA,104987
GA0170300,Sardis Police Department,GA,1009
GA0252700,Savannah Airport,GA,0
GA0252500,Savannah Fire and Emergency Services Arson Unit,GA,0
GA0250300,Savannah Police Department,GA,242372
GA0251000,Savannah State University,GA,0
GA0252400,Savannah Technical College,GA,0
GA1230000,Schley County Sheriff's Office,GA,2999
GA1240000,Screven  County Sheriff's Office,GA,11208
GA1510200,Screven Police Department,GA,835
GA1250000,Seminole County Sheriff's Office,GA,6441
GA0380300,Senoia Police Department,GA,6403
GA1200200,Shellman Police Department,GA,816
GA0720300,Shiloh Police Department,GA,435
GA1190500,Sky Valley Police Department,GA,493
GA0330400,Smyrna Police Department,GA,57432
GA0670800,Snellville Police Department,GA,22799
GA1470300,Social Circle Police Department,GA,5524
GA1400100,Soperton Police Department,GA,2946
GA0607200,South Fulton Police Department,GA,113122
GA0340500,South Georgia State College,GA,0
GA1260400,Southern Crescent Technical College,GA,0
GA0430900,Southern Regional Technical College,GA,0
GA1260000,Spalding County Sheriff's Office,GA,46910
GA0370300,Sparks Police Department,GA,2071
GA0700100,Sparta Police Department,GA,1307
GA060369E,Spelman College,GA,0
GA0510300,Springfield Police Department,GA,3372
GA0200200,St. Marys Police Department,GA,20537
GA0810500,Stapleton Police Department,GA,397
GA060495Y,State Board of Workers Compensation Fraud Investigation Division,GA,0
GAGSP4000,State Patrol: Albany,GA,0
GAGSP1000,State Patrol: Americus,GA,0
GAGSP3200,State Patrol: Athens,GA,0
GAGSP2700,State Patrol: Blue Ridge,GA,0
GAGSP2300,State Patrol: Brunswick,GA,0
GAGSP4300,State Patrol: Calhoun,GA,0
GAGSP2800,State Patrol: Canton,GA,0
GAGSP0300,State Patrol: Cartersville,GA,0
GAGSP2900,State Patrol: Cedartown,GA,0
GAGSP4600,State Patrol: Conyers,GA,0
GAGSP3000,State Patrol: Cordele,GA,0
GAGSP3900,State Patrol: Cuthbert,GA,0
GAGSP0500,State Patrol: Dalton,GA,0
GAGSP1400,State Patrol: Donalsonville,GA,0
GAGSP3600,State Patrol: Douglas,GA,0
GAGSP2000,State Patrol: Dublin,GA,0
GAGSP4400,State Patrol: Forsyth,GA,0
GAGSP0600,State Patrol: Gainesville,GA,0
GAGSP0100,State Patrol: Griffin,GA,0
GAGSP4700,State Patrol: Hapeville,GA,0
GAGSP1600,State Patrol: Helena,GA,0
GAGSPH300,"State Patrol: Highway Support Division, Thomaston",GA,0
GAGSP1100,State Patrol: Hinesville,GA,0
GAGSP0200,State Patrol: La Grange,GA,0
GAGSP4100,State Patrol: Lafayette,GA,0
GAGSP3700,State Patrol: Lawrenceville,GA,0
GAGSP0800,State Patrol: Madison,GA,0
GAGSP3400,State Patrol: Manchester,GA,0
GAGSP0900,State Patrol: Marietta,GA,0
GAGSP4800,"State Patrol: Metropolitan Traffic Unit, Atlanta",GA,0
GAGSP3300,State Patrol: Milledgeville,GA,0
GAGSP2400,State Patrol: Newnan,GA,0
GAGSP1500,State Patrol: Perry,GA,0
GAGSP1800,State Patrol: Reidsville,GA,0
GAGSP3800,State Patrol: Rome,GA,0
GAGSP4200,State Patrol: Savannah,GA,0
GAGSP4500,State Patrol: Statesboro,GA,0
GAGSP1900,State Patrol: Swainsboro,GA,0
GAGSP2100,State Patrol: Sylvania,GA,0
GAGSP2600,State Patrol: Thomaston,GA,0
GAGSP1200,State Patrol: Thomasville,GA,0
GAGSP2500,State Patrol: Thomson,GA,0
GAGSP1300,State Patrol: Tifton,GA,0
GAGSP0700,State Patrol: Toccoa,GA,0
GAGSP3100,State Patrol: Valdosta,GA,0
GAGSP0400,State Patrol: Villa Rica,GA,0
GAGSP1700,State Patrol: Washington,GA,0
GAGSP2200,State Patrol: Waycross,GA,0
GA0160100,Statesboro Police Department,GA,35685
GA0070300,Statham Police Department,GA,3353
GA1270000,Stephens County Sheriff's Office,GA,18232
GA1280000,Stewart County Sheriff's Office,GA,2267
GA0530500,Stillmore Police Department,GA,449
GA0750200,Stockbridge Police Department,GA,35932
GA0441100,Stone Mountain Park Police,GA,0
GA0440900,Stone Mountain Police Department,GA,6517
GA0270100,Summerville Police Department,GA,4428
GA1290000,Sumter County Sheriff's Office,GA,12363
GA0670900,Suwanee Police Department,GA,23606
GA0530100,Swainsboro Police Department,GA,7550
GA1420200,Sycamore Police Department,GA,759
GA1240100,Sylvania Police Department,GA,2660
GA1590100,Sylvester Police Department,GA,5364
GA1300000,Talbot County Sheriff's Office,GA,4929
GA1300100,Talbotton Police Department,GA,739
GA1310000,Taliaferro County Sheriff's Office,GA,1637
GA0710200,Tallapoosa Police Department,GA,3150
GA1190300,Tallulah Falls Police Department,GA,214
GA1320000,Tattnall County Sheriff's Office,GA,16642
GA1330000,Taylor County Sheriff's Office,GA,5073
GA1340000,Telfair County Sheriff's Office,GA,4439
GA0220400,Temple Police Department,GA,6791
GA1350000,Terrell County Sheriff's Office,GA,4461
GA1360000,Thomas County Sheriff's Office,GA,24530
GA1450100,Thomaston Police Department,GA,9857
GA1360100,Thomasville Police Department,GA,18540
GA0940100,Thomson Police Department,GA,6790
GA0250700,Thunderbolt Police Department,GA,2532
GA1370000,Tift County Sheriff's Office,GA,23056
GA1370100,Tifton Police Department,GA,17458
GA1270100,Toccoa Police Department,GA,9449
GA1380000,Toombs County Sheriff's Office,GA,12595
GA1580400,Toomsboro Police Department,GA,375
GA1390000,Towns County Sheriff's Office,GA,12293
GA0410100,Trenton Police Department,GA,2209
GA1400000,Treutlen County Sheriff's Office,GA,3483
GA1410000,Troup County Sheriff's Office,GA,32042
GA1550200,Tunnel Hill Police Department,GA,990
GA1420300,Turner County Schools,GA,0
GA1420000,Turner County Sheriff's Office,GA,4049
GA1430400,Twiggs County Board of Education,GA,0
GA1430000,Twiggs County Sheriff's Office,GA,7662
GA0530300,Twin City Police Department,GA,1800
GA0250600,Tybee Island Police Department,GA,3147
GA0560300,Tyrone Police Department,GA,8118
GA0600600,Union City Police Department,GA,28520
GA1440200,Union County Schools,GA,0
GA1440000,Union County Sheriff's Office,GA,27448
GA0290200,University of Georgia,GA,0
GA0930200,University of North Georgia,GA,0
GA0220600,University of West Georgia,GA,0
GA1450000,Upson County Sheriff's Office,GA,18667
GA1030200,Uvalda Police Department,GA,433
GA0920100,Valdosta Police Department,GA,55729
GA0920500,Valdosta State University,GA,0
GA1550600,Varnell Police Department,GA,2301
GA1380200,Vidalia Police Department,GA,10888
GA0460100,Vienna Police Department,GA,2914
GA0220200,Villa Rica Police Department,GA,20881
GA0810200,Wadley Police Department,GA,1560
GA1460000,Walker County Sheriff's Office,GA,53715
GA1470000,Walton County Sheriff's Office,GA,77357
GA1480000,Ware County Sheriff's Office,GA,22629
GA0990500,Warm Springs Police Department,GA,440
GA0760200,Warner Robins Police Department,GA,87667
GA1490000,Warren County Sheriff's Office,GA,3209
GA1490100,Warrenton Police Department,GA,1925
GA1590300,Warwick Police Department,GA,488
GA1500600,Washington County Board of Education,GA,0
GA1500000,Washington County Sheriff's Office,GA,12221
GA0720200,Waverly Hall Police Department,GA,671
GA1480100,Waycross Police Department,GA,13608
GA1510000,Wayne County Sheriff's Office,GA,21481
GA0170100,Waynesboro Police Department,GA,5499
GA1520000,Webster County Sheriff's Office,GA,2307
GA0710500,West Georgia Technical College,GA,0
GA1410300,West Point Police Department,GA,3581
GA1530000,Wheeler County Sheriff's Office,GA,4242
GA0650200,Whigham Police Department,GA,381
GA1540000,White County Sheriff's Office,GA,25820
GA0080500,White Police Department,GA,627
GA0220500,Whitesburg Police Department,GA,640
GA1550000,Whitfield County Sheriff's Office,GA,66418
GA1560000,Wilcox County Sheriff's Office,GA,4434
GA1570000,Wilkes County Sheriff's Office,GA,9574
GA1580000,Wilkinson County Sheriff's Office,GA,4451
GA0020200,Willacoochee Police Department,GA,1262
GA0070100,Winder Police Department,GA,21226
GA0290400,Winterville Police Department,GA,1195
GA0990400,Woodbury Police Department,GA,853
GA0280500,Woodstock Police Department,GA,40492
GA1590000,Worth County Sheriff's Office,GA,13584
GA0810300,Wrens Police Department,GA,2071
GA0830100,Wrightsville Police Department,GA,3565
GA139039E,Young Harris College,GA,0
GA1140100,Zebulon Police Department,GA,1358
GM0010000,Guam Police Department,GU,153836
HI0024700,Department of Law Enforcement: Criminal Investigations Division,HI,0
HI0021200,Department of Law Enforcement: Executive Protection Section,HI,0
HI0021100,Department of Law Enforcement: Harbors Enforcement,HI,0
HI0010200,Department of Law Enforcement: Hawaii Island,HI,0
HI0040300,Department of Law Enforcement: Kauai,HI,0
HI0050700,Department of Law Enforcement: Maui,HI,0
HI0020200,Department of Law Enforcement: Narcotics Enforcement Division,HI,0
HI0020400,Department of Law Enforcement: Oahu,HI,0
HI0020900,Department of Law Enforcement: Office of Inspector General,HI,0
HI0010000,Hawaii Police Department,HI,210328
HI0020000,Honolulu Police Department,HI,987000
HI0040000,Kauai Police Department,HI,73376
HI0050000,Maui Police Department,HI,162116
IA0010000,Adair County Sheriff's Office,IA,5410
IA0020000,Adams County Sheriff's Office,IA,3563
IA0250200,Adel Police Department,IA,6918
IA0680100,Albia Police Department,IA,3543
IA0550100,Algona Police Department,IA,5308
IA0030000,Allamakee County Sheriff's Office,IA,7257
IA0770800,Altoona Police Department,IA,23376
IA0850100,Ames Police Department,IA,69676
IA0530100,Anamosa Police Department,IA,5949
IA0770100,Ankeny Police Department,IA,78916
IA0040000,Appanoose County Sheriff's Office,IA,6672
IA0300300,Arnolds Park Police Department,IA,1240
IA0310400,Asbury Police Department,IA,6076
IA0150100,Atlantic Police Department,IA,6701
IA0050000,Audubon County Sheriff's Office,IA,3510
IA0050100,Audubon Police Department,IA,1995
IA0060100,Belle Plaine Police Department,IA,2337
IA0990200,Belmond Police Department,IA,2391
IA0060000,Benton County Sheriff's Office,IA,18424
IA0820100,Bettendorf Police Department,IA,40574
IA0070000,Black Hawk County Sheriff's Office,IA,18376
IA0260100,Bloomfield Police Department,IA,2796
IA0820500,Blue Grass Police Department,IA,1717
IA0080000,Boone County Sheriff's Office,IA,11836
IA0080100,Boone Police Department,IA,12464
IA0090000,Bremer County Sheriff's Office,IA,10682
IA0100000,Buchanan County Sheriff's Office,IA,13572
IA0110000,Buena Vista County Sheriff's Office,IA,8992
IA0820400,Buffalo Police Department,IA,1160
IA0290100,Burlington Police Department,IA,23555
IA0120000,Butler County Sheriff's Office,IA,12062
IA0130000,Calhoun County Sheriff's Office,IA,5692
IA0230200,Camanche Police Department,IA,4528
IA0910300,Carlisle Police Department,IA,4436
IA0140000,Carroll County Sheriff's Office,IA,10144
IA0140100,Carroll Police Department,IA,10080
IA0780400,Carter Lake Police Department,IA,3743
IA0150000,Cass County Sheriff's Office,IA,6234
IA0160000,Cedar County Sheriff's Office,IA,8654
IA0070100,Cedar Falls Police Department,IA,41596
IA0570100,Cedar Rapids Police Department,IA,137918
IA0040100,Centerville Police Department,IA,5329
IA0170000,Cerro Gordo County Sheriff's Office,IA,7696
IA0340100,Charles City Police Department,IA,7008
IA0180000,Cherokee County Sheriff's Office,IA,6415
IA0180100,Cherokee Police Department,IA,5184
IA0190000,Chickasaw County Sheriff's Office,IA,8176
IA0160400,Clarence Police Department,IA,979
IA0730100,Clarinda Police Department,IA,5326
IA0990300,Clarion Police Department,IA,2737
IA0200000,Clarke County Sheriff's Office,IA,3798
IA0210000,Clay County Sheriff's Office,IA,4979
IA0220000,Clayton County Sheriff's Office,IA,15396
IA0170100,Clear Lake Police Department,IA,7586
IA0230000,Clinton County Sheriff's Office,IA,11469
IA0230100,Clinton Police Department,IA,24037
IA0770200,Clive Police Department,IA,19723
IA0500200,Colfax Police Department,IA,2318
IA0520100,Coralville Police Department,IA,24383
IA0780100,Council Bluffs Police Department,IA,62635
IA0240000,Crawford County Sheriff's Office,IA,7982
IA0450100,Cresco Police Department,IA,3887
IA0880100,Creston Police Department,IA,7394
IA0250000,Dallas County Sheriff's Office,IA,15992
IA0820200,Davenport Police Department,IA,100761
IA0260000,Davis County Sheriff's Office,IA,6371
IA0250500,De Soto Police Department,IA,941
IA0230300,DeWitt Police Department,IA,5646
IA0270000,Decatur County Sheriff's Office,IA,5828
IA0960100,Decorah Police Department,IA,7423
IA0280000,Delaware County Sheriff's Office,IA,11911
IA0240100,Denison Police Department,IA,8287
IA0090600,Denver Police Department,IA,1962
IADPS1100,Department of Public Safety: Fire Marshal,IA,0
IA0290000,Des Moines County Sheriff's Office,IA,11291
IA0770300,Des Moines Police Department,IA,212933
IA0300000,Dickinson County Sheriff's Office,IA,11355
IA0560400,Donnellson Police Department,IA,852
IA0310000,Dubuque County Sheriff's Office,IA,27298
IA0310100,Dubuque Police Department,IA,58822
IA0160200,Durant Police Department,IA,1779
IA0310300,Dyersville Police Department,IA,4574
IA0860300,Dysart Police Department,IA,1263
IA0990100,Eagle Grove Police Department,IA,3618
IA0610200,Earlham Police Department,IA,1411
IA0571100,Eastern Iowa Airport Public Safety,IA,0
IA0420300,Eldora Police Department,IA,2581
IA0820600,Eldridge Police Department,IA,7027
IA0320000,Emmet County Sheriff's Office,IA,3294
IA0740100,Emmetsburg Police Department,IA,3616
IA0320100,Estherville Police Department,IA,5778
IA0070200,Evansdale Police Department,IA,4505
IA0100400,Fairbank Police Department,IA,1139
IA0510100,Fairfield Police Department,IA,9527
IA0330000,Fayette County Sheriff's Office,IA,10425
IA0340000,Floyd County Sheriff's Office,IA,7782
IA0950100,Forest City Police Department,IA,4182
IA0940100,Fort Dodge Police Department,IA,24892
IA0560100,Fort Madison Police Department,IA,9902
IA0350000,Franklin County Sheriff's Office,IA,5638
IA0360000,Fremont County Sheriff's Office,IA,6443
IA0650100,Glenwood Police Department,IA,5296
IA0940200,Gowrie Police Department,IA,940
IA0370000,Greene County Sheriff's Office,IA,4455
IA0010100,Greenfield Police Department,IA,1970
IA0790100,Grinnell Police Department,IA,9485
IA0380100,Grundy Center Police Department,IA,2824
IA0380000,Grundy County Sheriff's Office,IA,9533
IA0390000,Guthrie County Sheriff's Office,IA,9660
IA0400000,Hamilton County Sheriff's Office,IA,6993
IA0350100,Hampton Police Department,IA,4343
IA0410000,Hancock County Sheriff's Office,IA,10168
IA0420000,Hardin County Sheriff's Office,IA,8742
IA0430000,Harrison County Sheriff's Office,IA,11938
IA0840200,Hawarden Police Department,IA,2614
IA0440000,Henry County Sheriff's Office,IA,10672
IA0570300,Hiawatha Police Department,IA,7390
IA0450000,Howard County Sheriff's Office,IA,5392
IA0460000,Humboldt County Sheriff's Office,IA,4802
IA0460100,Humboldt Police Department,IA,4772
IA0850500,Huxley Police Department,IA,4851
IA0470000,Ida County Sheriff's Office,IA,6722
IA0100100,Independence Police Department,IA,6312
IA0910100,Indianola Police Department,IA,16407
IA0520200,Iowa City Police Department,IA,77166
IA0480000,Iowa County Sheriff's Office,IA,10488
IA0772700,"Iowa Department of Commerce, Insurance Fraud Law Enforcement",IA,0
IADPS0000,Iowa Department of Public Safety,IA,0
IADCI0000,Iowa Division of Criminal Investigation,IA,0
IANDE0000,Iowa Division of Narcotics Enforcement,IA,0
IA0420100,Iowa Falls Police Department,IA,4969
IAIHP0100,Iowa State Patrol ,IA,0
IA0850400,Iowa State University,IA,0
IA0490000,Jackson County Sheriff's Office,IA,11790
IA0500000,Jasper County Sheriff's Office,IA,16178
IA0510000,Jefferson County Sheriff's Office,IA,6195
IA0370100,Jefferson Police Department,IA,4141
IA0520000,Johnson County Sheriff's Office,IA,35958
IA0770700,Johnston Police Department,IA,25287
IA0530000,Jones County Sheriff's Office,IA,11070
IA0540000,Keokuk County Sheriff's Office,IA,9767
IA0560200,Keokuk Police Department,IA,9357
IA0630100,Knoxville Police Department,IA,7407
IA0550000,Kossuth County Sheriff's Office,IA,8934
IA0130100,Lake City Police Department,IA,1641
IA0810200,Lake View Police Department,IA,1120
IA0030500,Lansing Police Department,IA,959
IA0820700,Le Claire Police Department,IA,4793
IA0750100,Le Mars Police Department,IA,10691
IA0560000,Lee County Sheriff's Office,IA,11821
IA0270100,Leon Police Department,IA,1771
IA0570000,Linn County Sheriff's Office,IA,34960
IA0580000,Louisa County Sheriff's Office,IA,10529
IA0590000,Lucas County Sheriff's Office,IA,8749
IA0600000,Lyon County Sheriff's Office,IA,12431
IA0610000,Madison County Sheriff's Office,IA,10369
IA0620000,Mahaska County Sheriff's Office,IA,9060
IA0280100,Manchester Police Department,IA,5337
IA0490100,Maquoketa Police Department,IA,6050
IA0220400,Mar-Mac Police Department,IA,1158
IA0480100,Marengo Police Department,IA,2409
IA0630000,Marion County Sheriff's Office,IA,13840
IA0570200,Marion Police Department,IA,42788
IA0640000,Marshall County Sheriff's Office,IA,10895
IA0640100,Marshalltown Police Department,IA,27964
IA0170200,Mason City Police Department,IA,26866
IA0160700,Mechanicsville Police Department,IA,963
IADIT0000,Meskwaki Nation,IA,0
IA0650000,Mills County Sheriff's Office,IA,9422
IA0430100,Missouri Valley Police Department,IA,2629
IA0660000,Mitchell County Sheriff's Office,IA,5875
IA0771300,Mitchellville Police Department,IA,2738
IA0670000,Monona County Sheriff's Office,IA,8311
IA0680000,Monroe County Sheriff's Office,IA,3738
IA0500300,Monroe Police Department,IA,2035
IA0690000,Montgomery County Sheriff's Office,IA,4570
IA0530200,Monticello Police Department,IA,4107
IA0440100,Mount Pleasant Police Department,IA,8332
IA0570600,Mount Vernon Police Department,IA,4512
IA0700000,Muscatine County Sheriff's Office,IA,11675
IA0700100,Muscatine Police Department,IA,23185
IA0850200,Nevada Police Department,IA,7125
IA0190100,New Hampton Police Department,IA,3419
IA0620200,New Sharon Police Department,IA,1247
IA0500100,Newton Police Department,IA,15699
IA0520500,North Liberty Police Department,IA,22270
IA0910200,Norwalk Police Department,IA,16087
IA0710000,O'Brien County Sheriff's Office,IA,8874
IA0330100,Oelwein Police Department,IA,5759
IA0080200,Ogden Police Department,IA,1961
IA0840100,Orange City Police Department,IA,6616
IA0660100,Osage Police Department,IA,3542
IA0720000,Osceola County Sheriff's Office,IA,5966
IA0200100,Osceola Police Department,IA,5627
IA0620100,Oskaloosa Police Department,IA,11583
IA0900100,Ottumwa Police Department,IA,25696
IA0730000,Page County Sheriff's Office,IA,4728
IA0740000,Palo Alto County Sheriff's Office,IA,5104
IA0390300,Panora Police Department,IA,1098
IA0120100,Parkersburg Police Department,IA,1979
IA0630200,Pella Police Department,IA,11092
IA0310700,Peosta Police Department,IA,2266
IA0250100,Perry Police Department,IA,8091
IA0771400,Pleasant Hill Police Department,IA,12434
IA0630300,Pleasantville Police Department,IA,1699
IA0750000,Plymouth County Sheriff's Office,IA,15035
IA0760000,Pocahontas County Sheriff's Office,IA,6956
IA0771800,Polk City Police Department,IA,6657
IA0772600,Polk County Conservation Law Enforcement,IA,0
IA0770000,Polk County Sheriff's Office,IA,55862
IA0030400,Postville Police Department,IA,2397
IA0780000,Pottawattamie County Sheriff's Office,IA,26649
IA0790000,Poweshiek County Sheriff's Office,IA,8833
IA0500600,Prairie City Police Department,IA,1728
IA0490300,Preston Police Department,IA,938
IA0820800,Princeton Police Department,IA,915
IA0690100,Red Oak Police Department,IA,5377
IA0800000,Ringgold County Sheriff's Office,IA,4576
IA0570900,Robins Police Department,IA,3361
IA0840400,Rock Valley Police Department,IA,4012
IA0130200,Rockwell City Police Department,IA,2284
IA0490400,Sabula Police Department,IA,498
IA0810100,Sac City Police Department,IA,1976
IA0810000,Sac County Sheriff's Office,IA,6324
IA0820000,Scott County Sheriff's Office,IA,16470
IA0970200,Sergeant Bluff Police Department,IA,5420
IA0830000,Shelby County Sheriff's Office,IA,11785
IA0710300,Sheldon Police Department,IA,5605
IA0730200,Shenandoah Police Department,IA,4868
IA0840500,Sioux Center Police Department,IA,8786
IA0970100,Sioux City Police Department,IA,87125
IA0840000,Sioux County Sheriff's Office,IA,14244
IA0900400,Southeast Iowa Interagency Drug Task Force,IA,0
IA0290300,Southeast Iowa Narcotics Task Force Burlington,IA,0
IA0210100,Spencer Police Department,IA,11447
IA0300100,Spirit Lake Police Department,IA,5569
IA0660200,St. Ansgar Police Department,IA,1173
IA0640200,State Center Police Department,IA,1405
IA0110100,Storm Lake Police Department,IA,11721
IA0850300,Story City Police Department,IA,3462
IA0850000,Story County Sheriff's Office,IA,17848
IA0090100,Sumner Police Department,IA,2032
IA0860000,Tama County Sheriff's Office,IA,9965
IA0860200,Tama Police Department,IA,2976
IA0870000,Taylor County Sheriff's Office,IA,5787
IA0160100,Tipton Police Department,IA,3034
IA0860100,Toledo Police Department,IA,2375
IA0880000,Union County Sheriff's Office,IA,4458
IA078059E,Union Pacific Railroad Police,IA,0
IA0520600,University Heights Police Department,IA,1179
IA0520400,University of Iowa,IA,0
IA0070700,University of Northern Iowa,IA,0
IA0770400,Urbandale Police Department,IA,48321
IA0890000,Van Buren County Sheriff's Office,IA,7181
IA0250700,Van Meter Police Department,IA,1940
IA0060200,Vinton Police Department,IA,4971
IA0820900,Walcott Police Department,IA,1556
IA0900000,Wapello County Sheriff's Office,IA,9895
IA0910000,Warren County Sheriff's Office,IA,19735
IA0920000,Washington County Sheriff's Office,IA,15276
IA0920100,Washington Police Department,IA,7264
IA0070300,Waterloo Police Department,IA,67531
IA0250400,Waukee Police Department,IA,37525
IA0030100,Waukon Police Department,IA,3794
IA0090200,Waverly Police Department,IA,10616
IA0930000,Wayne County Sheriff's Office,IA,6619
IA0400100,Webster City Police Department,IA,7750
IA0940000,Webster County Sheriff's Office,IA,10872
IA0160300,West Branch Police Department,IA,2976
IA0290200,West Burlington Police Department,IA,3262
IA0770500,West Des Moines Police Department,IA,74901
IA0700200,West Liberty Police Department,IA,3693
IA0330200,West Union Police Department,IA,2425
IA0480300,Williamsburg Police Department,IA,3387
IA0700400,Wilton Police Department,IA,2913
IA0770600,Windsor Heights Police Department,IA,5074
IA0950000,Winnebago County Sheriff's Office,IA,6442
IA0960000,Winneshiek County Sheriff's Office,IA,12120
IA0610100,Winterset Police Department,IA,5429
IA0970000,Woodbury County Sheriff's Office,IA,14502
IA0250800,Woodward Police Department,IA,1392
IA0980000,Worth County Sheriff's Office,IA,7240
IA0990000,Wright County Sheriff's Office,IA,3871
ID0010000,Ada County Sheriff's Office,ID,145483
ID0020000,Adams County Sheriff's Office,ID,5122
ID0390100,American Falls Police Department,ID,4940
ID0220100,Ashton Police Department,ID,983
ID001015A,Attorney General,ID,0
ID0030000,Bannock County Sheriff's Office,ID,15915
ID0040000,Bear Lake County Sheriff's Office,ID,4135
ID0070400,Bellevue Police Department,ID,2587
ID0050000,Benewah County Sheriff's Office,ID,7045
ID0060000,Bingham County Sheriff's Office,ID,32494
ID0060200,Blackfoot Police Department,ID,13436
ID0070000,Blaine County Sheriff's Office,ID,7188
ID0080000,Boise County Sheriff's Office,ID,8222
ID0010100,Boise Police Department,ID,238450
ID0090000,Bonner County Sheriff's Office,ID,40335
ID0110100,Bonners Ferry Police Department,ID,2855
ID0100000,Bonneville County Sheriff's Office,ID,64704
ID0110000,Boundary County Sheriff's Office,ID,11619
ID0420100,Buhl Police Department,ID,4810
ID0120000,Butte County Sheriff's Office,ID,2758
ID0140100,Caldwell Police Department,ID,76553
ID0130000,Camas County Sheriff's Office,ID,1284
ID0140000,Canyon County Sheriff's Office,ID,59862
ID0150000,Caribou County Sheriff's Office,ID,4078
ID0160000,Cassia County Sheriff's Office,ID,26134
ID0190300,Challis Police Department,ID,956
ID0030100,Chubbuck Police Department,ID,16813
ID0170000,Clark County Sheriff's Office,ID,789
ID0180000,Clearwater County Sheriff's Office,ID,5900
ID0280100,Coeur d'Alene Police Department,ID,57973
IDDI00900,Coeur d'Alene Tribal,ID,0
ID0190000,Custer County Sheriff's Office,ID,3699
ID0200000,Elmore County Sheriff's Office,ID,12690
ID0230100,Emmett Police Department,ID,9096
ID0420400,Filer Police Department,ID,3107
ID0030300,Fort Hall Tribal,ID,0
ID0210000,Franklin County Sheriff's Office,ID,9599
ID0220000,Fremont County Sheriff's Office,ID,9389
ID0380100,Fruitland Police Department,ID,7343
ID0010200,Garden City Police Department,ID,13104
ID0230000,Gem County Sheriff's Office,ID,13324
ID0240000,Gooding County Sheriff's Office,ID,8321
ID0240100,Gooding Police Department,ID,3851
ID0250200,Grangeville Police Department,ID,3706
ID0240300,Hagerman Police Department,ID,996
ID0070300,Hailey Police Department,ID,10180
ID0340200,Heyburn Police Department,ID,3763
ID0370100,Homedale Police Department,ID,3209
ID0080100,Idaho City Police Department,ID,554
ID0250000,Idaho County Sheriff's Office,ID,14445
ID0100200,Idaho Falls Police Department,ID,70454
IDLOT0000,Idaho State Lottery Security Division,ID,0
IDISP0000,Idaho State Police,ID,0
ID0260000,Jefferson County Sheriff's Office,ID,29805
ID0270000,Jerome County Sheriff's Office,ID,12588
ID0270100,Jerome Police Department,ID,13776
ID0400100,Kellogg Police Department,ID,2472
ID0070100,Ketchum Police Department,ID,3622
ID0420300,Kimberly Police Department,ID,5855
ID0280000,Kootenai County Sheriff's Office,ID,69575
IDDI01100,Kootenai Tribal,ID,0
ID0290000,Latah County Sheriff's Office,ID,15336
ID0300000,Lemhi County Sheriff's Office,ID,5161
ID0310000,Lewis County Sheriff's Office,ID,3758
ID0350200,Lewiston Police Department,ID,34805
ID0320000,Lincoln County Sheriff's Office,ID,5632
ID0330000,Madison County Sheriff's Office,ID,14963
ID0430100,McCall Police Department,ID,4207
ID0010300,Meridian Police Department,ID,145320
ID0140500,Middleton Police Department,ID,12344
ID0340000,Minidoka County Sheriff's Office,ID,12638
ID0040100,Montpelier Police Department,ID,2711
ID0290500,Moscow Police Department,ID,27249
ID0200200,Mountain Home Police Department,ID,17129
ID0140200,Nampa Police Department,ID,121713
ID0350000,Nez Perce County Sheriff's Office,ID,7962
IDDI00400,Nez Perce Tribal,ID,0
ID0360000,Oneida County Sheriff's Office,ID,5055
ID0180100,Orofino Police Department,ID,3299
ID0400300,Osburn Police Department,ID,1699
ID0370000,Owyhee County Sheriff's Office,ID,9657
ID0140300,Parma Police Department,ID,2223
ID0380000,Payette County Sheriff's Office,ID,11796
ID0380300,Payette Police Department,ID,8899
ID0400400,Pinehurst Police Department,ID,1810
ID0050200,Plummer Police Department,ID,1154
ID0030200,Pocatello Police Department,ID,58690
ID0090300,Ponderay Police Department,ID,2245
ID0280200,Post Falls Police Department,ID,47603
ID0390000,Power County Sheriff's Office,ID,3519
ID0210100,Preston Police Department,ID,6302
ID0090100,Priest River Police Department,ID,1893
ID0280500,Rathdrum Police Department,ID,13635
ID0330100,Rexburg Police Department,ID,40934
ID0260100,Rigby Police Department,ID,5847
ID0340100,Rupert Police Department,ID,6415
ID0300200,Salmon Police Department,ID,3299
ID0090200,Sandpoint Police Department,ID,10924
ID0060400,Shelley Police Department,ID,5373
ID0400000,Shoshone County Sheriff's Office,ID,8234
ID0150100,Soda Springs Police Department,ID,3174
ID0280400,Spirit Lake Police Department,ID,2496
ID0220200,St. Anthony Police Department,ID,4196
ID0050100,St. Maries Police Department,ID,2519
ID0070200,Sun Valley Police Department,ID,1766
ID0410000,Teton County Sheriff's Office,ID,13172
ID0420000,Twin Falls County Sheriff's Office,ID,27254
ID0420200,Twin Falls Police Department,ID,56494
ID0430000,Valley County Sheriff's Office,ID,8738
ID0440000,Washington County Sheriff's Office,ID,5497
ID0440100,Weiser Police Department,ID,6230
ID0240200,Wendell Police Department,ID,3059
ID0140400,Wilder Police Department,ID,1759
IL0010000,Adams County Sheriff's Office,IL,24182
IL0220100,Addison Police Department,IL,35753
IL0980100,Albany Police Department,IL,849
IL0140600,Albers Police Department,IL,1121
IL0240100,Albion Police Department,IL,1850
IL0660100,Aledo Police Department,IL,3498
IL0020000,Alexander County Sheriff's Office,IL,2993
IL0940100,Alexis Police Department,IL,747
IL0560100,Algonquin Police Department,IL,30758
IL0370100,Alpha Police Department,IL,649
IL0160100,Alsip Police Department,IL,18361
IL0250100,Altamont Police Department,IL,2195
IL0600100,Alton Police Department,IL,24803
IL0824500,Alton and Southern Railway,IL,0
IL0520200,Amboy Police Department,IL,2211
IL0910100,Anna Police Department,IL,4136
IL0370200,Annawan Police Department,IL,854
IL0490100,Antioch Police Department,IL,15234
IL0430700,Apple River Police Department,IL,331
IL0210100,Arcola Police Department,IL,2911
IL0160200,Arlington Heights Police Department,IL,75155
IL0210200,Arthur Police Department,IL,2279
IL0090100,Ashland Police Department,IL,1181
IL0110500,Assumption Police Department,IL,1115
IL0650200,Athens Police Department,IL,1888
IL0370300,Atkinson Police Department,IL,924
IL0540100,Atlanta Police Department,IL,1627
IL0210300,Atwood Police Department,IL,1092
IL0840300,Auburn Police Department,IL,4430
IL0450100,Aurora Police Department,IL,180824
IL045019E,Aurora University,IL,0
IL0140700,Aviston Police Department,IL,2455
IL0290600,Avon Police Department,IL,664
IL0791100,Baldwin Police Department,IL,314
IL0492700,Bannockburn Police Department,IL,1377
IL0160400,Barrington Hills Police Department,IL,4076
IL0160300,Barrington Police Department,IL,10592
IL0160500,Bartlett Police Department,IL,40644
IL0720100,Bartonville Police Department,IL,5813
IL0450200,Batavia Police Department,IL,26566
IL0090200,Beardstown Police Department,IL,5773
IL0140100,Beckemeyer Police Department,IL,924
IL0160600,Bedford Park Police Department,IL,584
IL0990100,Beecher Police Department,IL,4733
IL0820200,Belleville Police Department,IL,40142
IL0160700,Bellwood Police Department,IL,17990
IL0162F9E,Belt Railway,IL,0
IL0040100,Belvidere Police Department,IL,25339
IL0740100,Bement Police Department,IL,1445
IL022709E,Benedictine University: Lisle,IL,0
IL0220200,Bensenville Police Department,IL,18594
IL0280100,Benton Police Department,IL,6548
IL0160800,Berkeley Police Department,IL,5115
IL0160900,Berwyn Police Department,IL,54703
IL0600200,Bethalto Police Department,IL,9151
IL0700100,Bethany Police Department,IL,1185
IL0371200,Black Hawk College: Kewanee,IL,0
IL0811300,Black Hawk College: Moline,IL,0
IL0550100,Blandinsville Police Department,IL,547
IL0220300,Bloomingdale Police Department,IL,22690
IL0570100,Bloomington Police Department,IL,79368
IL0161000,Blue Island Police Department,IL,21643
IL0580100,Blue Mound Police Department,IL,1080
IL0860400,Bluffs Police Department,IL,591
IL0990200,Bolingbrook Police Department,IL,74990
IL0030000,Bond County Sheriff's Office,IL,7976
IL0040000,Boone County Sheriff's Office,IL,26144
IL0460300,Bourbonnais Police Department,IL,18080
IL0880300,Bradford Police Department,IL,658
IL0460100,Bradley Police Department,IL,15277
IL072219E,Bradley University,IL,0
IL0990300,Braidwood Police Department,IL,6259
IL0140200,Breese Police Department,IL,4621
IL0510100,Bridgeport Police Department,IL,1658
IL0161100,Bridgeview Police Department,IL,16461
IL0590200,Brighton Police Department,IL,2151
IL0161200,Broadview Police Department,IL,7844
IL0161300,Brookfield Police Department,IL,18749
IL0821900,Brooklyn Police Department,IL,616
IL0640100,Brookport Police Department,IL,684
IL0050000,Brown County Sheriff's Office,IL,4302
IL0060100,Buda Police Department,IL,462
IL0161400,Buffalo Grove Police Department,IL,43067
IL0841000,Buffalo-Mechanicsburg Police Department,IL,1096
IL0562500,Bull Valley Police Department,IL,1136
IL0590300,Bunker Hill Police Department,IL,1582
IL0168C00,Burbank Police Department,IL,28424
IL0060000,Bureau County Sheriff's Office,IL,12932
IL0061400,Bureau Police Department,IL,276
IL0164M9E,Burlington Northern Santa Fe Railway,IL,0
IL0161500,Burnham Police Department,IL,3888
IL0223100,Burr Ridge Police Department,IL,11208
IL0550200,Bushnell Police Department,IL,2635
IL0710600,Byron Police Department,IL,3759
IL0165H9E,CSX Transportation,IL,0
IL0825200,Cahokia Heights Police Department,IL,16858
IL0020100,Cairo Police Department,IL,1478
IL0070000,Calhoun County Sheriff's Office,IL,3432
IL0161700,Calumet City Police Department,IL,34599
IL0161800,Calumet Park Police Department,IL,6725
IL1000500,Cambria Police Department,IL,1861
IL0370400,Cambridge Police Department,IL,2022
IL0010100,Camp Point Police Department,IL,1115
IL0453400,Campton Hills Police Department,IL,10899
IL0164X00,Canadian National Railway,IL,0
IL016SL00,Canadian Pacific Railway,IL,0
IL0290200,Canton Police Department,IL,12787
IL0842700,Capitol Airport Authority,IL,0
IL0390100,Carbondale Police Department,IL,22213
IL0590400,Carlinville Police Department,IL,5537
IL0140300,Carlyle Police Department,IL,3200
IL0970100,Carmi Police Department,IL,4640
IL0220400,Carol Stream Police Department,IL,39506
IL0450300,Carpentersville Police Department,IL,36955
IL0830100,Carrier Mills Police Department,IL,1585
IL0080000,Carroll County Sheriff's Office,IL,5955
IL0310100,Carrollton Police Department,IL,2349
IL1000100,Carterville Police Department,IL,5812
IL0340100,Carthage Police Department,IL,2413
IL0560200,Cary Police Department,IL,18087
IL0120100,Casey Police Department,IL,2362
IL0820400,Caseyville Police Department,IL,4396
IL0090000,Cass County Sheriff's Office,IL,3747
IL0920200,Catlin Police Department,IL,1902
IL0610100,Central City Police Department,IL,1059
IL0610200,Centralia Police Department,IL,11699
IL0080100,Chadwick Police Department,IL,475
IL0100000,Champaign County Sheriff's Office,IL,51427
IL0100100,Champaign Police Department,IL,92875
IL0090600,Chandlerville Police Department,IL,517
IL0991800,Channahon Police Department,IL,14629
IL0150200,Charleston Police Department,IL,17307
IL0840400,Chatham Police Department,IL,14696
IL0570300,Chenoa Police Department,IL,1694
IL0061600,Cherry Police Department,IL,417
IL1010100,Cherry Valley Police Department,IL,2887
IL0790100,Chester Police Department,IL,6746
IL0161L00,Chicago Fire Department Arson Investigations,IL,0
IL016PP00,Chicago Heights Park District,IL,0
IL0161900,Chicago Heights Police Department,IL,26329
ILCPD0000,Chicago Police Department,IL,2715488
IL0162000,Chicago Ridge Police Department,IL,13952
IL0166L00,Chicago State University,IL,0
IL0720300,Chillicothe Police Department,IL,6037
IL0230100,Chrisman Police Department,IL,1266
IL0110000,Christian County Sheriff's Office,IL,12802
IL0280200,Christopher Police Department,IL,2606
IL0162100,Cicero Police Department,IL,81401
IL0220500,Clarendon Hills Police Department,IL,8707
IL0120000,Clark County Sheriff's Office,IL,7750
IL0130000,Clay County Sheriff's Office,IL,8129
IL0381100,Clifton Police Department,IL,1282
IL0140000,Clinton County Sheriff's Office,IL,15075
IL0200100,Clinton Police Department,IL,6858
IL0320100,Coal City Police Department,IL,5838
IL0810300,Coal Valley Police Department,IL,3885
IL0910200,Cobden Police Department,IL,1032
IL0680800,Coffeen Police Department,IL,625
IL0550300,Colchester Police Department,IL,1076
IL0150000,Coles County Sheriff's Office,IL,12523
IL0570800,Colfax Police Department,IL,982
IL0223700,College of DuPage,IL,0
IL0493200,College of Lake County,IL,0
IL0600300,Collinsville Police Department,IL,23618
IL0370500,Colona Police Department,IL,4941
IL0670100,Columbia Police Department,IL,10890
IL0165K00,Cook County Forest Preserve,IL,0
IL0164K00,Cook County Hospital,IL,0
IL0160000,Cook County Sheriff's Office,IL,114817
IL0190700,Cortland Police Department,IL,4642
IL0790600,Coulterville Police Department,IL,825
IL0162200,Country Club Hills Police Department,IL,16122
IL0162300,Countryside Police Department,IL,6207
IL0870600,Cowden Police Department,IL,495
IL0170000,Crawford County Sheriff's Office,IL,8323
IL0990400,Crest Hill Police Department,IL,20175
IL0162400,Crestwood Police Department,IL,10473
IL0990500,Crete Police Department,IL,8355
IL0900100,Creve Coeur Police Department,IL,4809
IL0562700,Crystal Lake Park District,IL,0
IL0560300,Crystal Lake Police Department,IL,41838
IL0180000,Cumberland County Sheriff's Office,IL,7564
IL0340300,Dallas City Police Department,IL,771
IL0502400,Dana Police Department,IL,157
IL0570700,Danvers Police Department,IL,1074
IL0920300,Danville Police Department,IL,27702
IL0222700,Darien Police Department,IL,22020
IL0060200,De Pue Police Department,IL,1561
IL0390400,De Soto Police Department,IL,1408
IL0190000,DeKalb County Sheriff's Office,IL,16333
IL0190800,DeKalb Police Department,IL,40558
IL0200000,DeWitt County Sheriff's Office,IL,6647
IL0580700,Decatur Park District,IL,0
IL0580200,Decatur Police Department,IL,68221
IL0901900,Deer Creek Police Department,IL,647
IL0490300,Deerfield Police Department,IL,19140
IL0900200,Delavan Police Department,IL,1538
IL0162500,Des Plaines Police Department,IL,58435
IL0996000,Diamond Police Department,IL,2720
IL0841100,Divernon Police Department,IL,1110
IL0162600,Dixmoor Police Department,IL,2928
IL0520300,Dixon Police Department,IL,15104
IL0162700,Dolton Police Department,IL,20541
IL0910400,Dongola Police Department,IL,641
IL0681300,Donnellson Police Department,IL,149
IL0210000,Douglas County Sheriff's Office,IL,7119
IL0220600,Downers Grove Police Department,IL,50647
IL0571800,Downs Police Department,IL,1182
IL0730100,Du Quoin Police Department,IL,5563
IL0223300,DuPage County Forest Preserve,IL,0
IL0220000,DuPage County Sheriff's Office,IL,97926
IL0291600,Dunfermline Police Department,IL,250
IL0820600,Dupo Police Department,IL,3754
IL1011000,Durand Police Department,IL,1382
IL0530100,Dwight Police Department,IL,4034
IL0501100,Earlville Police Department,IL,1595
IL0600400,East Alton Police Department,IL,5585
IL0824000,East Carondelet Police Department,IL,369
IL0430100,East Dubuque Police Department,IL,1447
IL0450400,East Dundee Police Department,IL,3101
IL0162900,East Hazel Crest Police Department,IL,1245
IL0810400,East Moline Police Department,IL,20917
IL0900300,East Peoria Police Department,IL,21921
IL0820700,East St. Louis Police Department,IL,17663
IL0150600,Eastern Illinois University,IL,0
IL0630600,Easton Police Department,IL,299
IL0230000,Edgar County Sheriff's Office,IL,6393
IL0110600,Edinburg Police Department,IL,1049
IL0240000,Edwards County Sheriff's Office,IL,2702
IL0600500,Edwardsville Police Department,IL,26691
IL0250000,Effingham County Sheriff's Office,IL,18291
IL0250200,Effingham Police Department,IL,12461
IL1020100,El Paso Police Department,IL,2728
IL0450500,Elburn Police Department,IL,6990
IL0830200,Eldorado Police Department,IL,3547
IL0453300,Elgin Community College,IL,0
IL0450600,Elgin Police Department,IL,114717
IL099269E,"Elgin, Joliet and Eastern Railway",IL,0
IL0430200,Elizabeth Police Department,IL,683
IL0163000,Elk Grove Village Police Department,IL,31583
IL0792100,Ellis Grove Police Department,IL,328
IL0220700,Elmhurst Police Department,IL,46205
IL0163100,Elmwood Park Police Department,IL,23520
IL0720400,Elmwood Police Department,IL,2034
IL0991700,Elwood Police Department,IL,2254
IL1000800,Energy Police Department,IL,953
IL0970600,Enfield  Police Department,IL,774
IL0300400,Equality Police Department,IL,499
IL0980900,Erie Police Department,IL,1485
IL0460900,Essex Police Department,IL,857
IL102149E,Eureka College,IL,0
IL1020200,Eureka Police Department,IL,5182
IL0163200,Evanston Police Department,IL,75562
IL0163300,Evergreen Park Police Department,IL,19163
IL0530300,Fairbury Police Department,IL,3556
IL0960100,Fairfield Police Department,IL,4766
IL0822000,Fairmont City Police Department,IL,2148
IL0920400,Fairmount Police Department,IL,583
IL0822400,Fairview Heights Police Department,IL,15980
IL0291100,Fairview Police Department,IL,406
IL0260500,Farina Police Department,IL,528
IL0200200,Farmer City Police Department,IL,1814
IL0681600,Farmersville Police Department,IL,663
IL0290400,Farmington Police Department,IL,2273
IL0260000,Fayette County Sheriff's Office,IL,11136
IL0870700,Findlay Police Department,IL,645
IL0100800,Fisher Police Department,IL,2103
IL0921800,Fithian Police Department,IL,468
IL0130200,Flora Police Department,IL,4611
IL0163400,Flossmoor Police Department,IL,9303
IL0902200,Fon du Lac Park District,IL,0
IL0270000,Ford County Sheriff's Office,IL,5640
IL0630800,Forest City Police Department,IL,208
IL0163500,Forest Park Police Department,IL,13740
IL0163600,Forest View Police Department,IL,759
IL0710100,Forreston Police Department,IL,1395
IL0490400,Fox Lake Police Department,IL,10916
IL0560400,Fox River Grove Police Department,IL,4763
IL0452700,Fox Valley Park District,IL,0
IL0990600,Frankfort Police Department,IL,21378
IL0280000,Franklin County Sheriff's Office,IL,15690
IL0520400,Franklin Grove Police Department,IL,871
IL0163700,Franklin Park Police Department,IL,18040
IL0820800,Freeburg Police Department,IL,4497
IL0890800,Freeport Park District,IL,0
IL0890100,Freeport Police Department,IL,22939
IL0290000,Fulton County Sheriff's Office,IL,14012
IL0980200,Fulton Police Department,IL,3565
IL0430300,Galena Police Department,IL,3180
IL0480400,Galesburg Police Department,IL,29128
IL0300000,Gallatin County Sheriff's Office,IL,2361
IL0370600,Galva Police Department,IL,2381
IL0370700,Geneseo Police Department,IL,6493
IL0450700,Geneva Police Department,IL,21126
IL0190100,Genoa Police Department,IL,5567
IL0920500,Georgetown Police Department,IL,2969
IL0891300,German Valley Police Department,IL,413
IL0141300,Germantown Police Department,IL,1402
IL0270100,Gibson City Police Department,IL,3437
IL0101100,Gifford Police Department,IL,906
IL0452100,Gilberts Police Department,IL,9261
IL0590500,Gillespie Police Department,IL,4461
IL0590600,Girard Police Department,IL,1760
IL0721200,Glasford Police Department,IL,846
IL0602300,Glen Carbon Police Department,IL,13890
IL0220900,Glen Ellyn Police Department,IL,28855
IL0163800,Glencoe Police Department,IL,8694
IL0220800,Glendale Heights Police Department,IL,32808
IL0163900,Glenview Police Department,IL,47409
IL0164000,Glenwood Police Department,IL,8352
IL0996100,Godley Police Department,IL,650
IL0164100,Golf Police Department,IL,503
IL1021300,Goodfield Police Department,IL,961
IL0440200,Goreville Police Department,IL,1052
IL0992400,Governors State University,IL,0
IL0420100,Grafton Police Department,IL,807
IL0501300,Grand Ridge Police Department,IL,506
IL0390900,Grand Tower Police Department,IL,475
IL0840100,Grandview Police Department,IL,1381
IL0600700,Granite City Police Department,IL,26691
IL0461100,Grant Park Police Department,IL,1280
IL0603800,Grantfork  Police Department,IL,339
IL0780100,Granville Police Department,IL,1325
IL0490500,Grayslake Police Department,IL,24803
IL0970200,Grayville Police Department,IL,1491
IL1011400,Greater Rockford Airport,IL,0
IL0901400,Green Valley Police Department,IL,595
IL0310000,Greene County Sheriff's Office,IL,4341
IL0310200,Greenfield Police Department,IL,995
IL0180100,Greenup Police Department,IL,1342
IL0650300,Greenview Police Department,IL,718
IL0030100,Greenville Police Department,IL,7100
IL0320000,Grundy County Sheriff's Office,IL,15599
IL0360100,Gulfport Police Department,IL,38
IL0490600,Gurnee Police Department,IL,30518
IL0602800,Hamel Police Department,IL,925
IL0330000,Hamilton County Sheriff's Office,IL,5215
IL0340400,Hamilton Police Department,IL,2642
IL0450800,Hampshire Police Department,IL,9202
IL0340000,Hancock County Sheriff's Office,IL,9212
IL0164200,Hanover Park Police Department,IL,36523
IL0430400,Hanover Police Department,IL,820
IL0350000,Hardin County Sheriff's Office,IL,3534
IL0070100,Hardin Police Department,IL,758
IL0169D00,Harper College,IL,0
IL0830300,Harrisburg Police Department,IL,7860
IL0600800,Hartford Police Department,IL,1144
IL0560500,Harvard Police Department,IL,9396
IL0164300,Harvey Police Department,IL,19668
IL0164400,Harwood Heights Police Department,IL,8688
IL0630100,Havana Police Department,IL,2795
IL0493800,Hawthorn Woods Police Department,IL,9711
IL0164500,Hazel Crest Police Department,IL,12941
IL0560600,Hebron Police Department,IL,1399
IL0360000,Henderson County Sheriff's Office,IL,3975
IL0921900,Henning Police Department,IL,199
IL0370000,Henry County Sheriff's Office,IL,15108
IL0620100,Henry Police Department,IL,2288
IL1000200,Herrin Police Department,IL,12230
IL0461000,Herscher Police Department,IL,1487
IL0570400,Heyworth Police Department,IL,2906
IL0164600,Hickory Hills Police Department,IL,14035
IL0490700,Highland Park Police Department,IL,30956
IL0600900,Highland Police Department,IL,10015
IL0490800,Highwood Police Department,IL,5430
IL0680100,Hillsboro Police Department,IL,6287
IL0811400,Hillsdale Police Department,IL,413
IL0164700,Hillside Police Department,IL,7970
IL0190200,Hinckley Police Department,IL,1971
IL0221000,Hinsdale Police Department,IL,17656
IL0164900,Hodgkins Police Department,IL,1485
IL0165000,Hoffman Estates Police Department,IL,50564
IL0562100,Holiday Hills  Police Department,IL,604
IL099900X,Homer Glen Police Department,IL,24941
IL0165100,Hometown Police Department,IL,4160
IL0165200,Homewood Police Department,IL,18646
IL0920600,Hoopeston Police Department,IL,4640
IL0900400,Hopedale Police Department,IL,1100
IL0571100,Hudson Police Department,IL,1768
IL0560700,Huntley Police Department,IL,28679
IL1000900,Hurst Police Department,IL,748
IL0170400,Hutsonville Police Department,IL,470
IL016325A,"Illinois Attorney General, Medicaid Fraud Control Unit",IL,0
IL0901500,Illinois Central College,IL,0
IL0844200,Illinois Commerce Commission,IL,0
IL0849300,Illinois Department of Natural Resources,IL,0
IL0848400,Illinois Department of Revenue,IL,0
IL016G000,Illinois Liquor Control Commission,IL,0
IL0849700,Illinois State Police,IL,0
IL0571500,Illinois State University,IL,0
IL0410700,Ina Police Department,IL,1648
IL0165300,Indian Head Park Police Department,IL,3931
IL0165F9E,Indiana Harbor Belt Railroad,IL,0
IL0922000,Indianola Police Department,IL,217
IL0165400,Inverness Police Department,IL,7387
IL0380000,Iroquois County Sheriff's Office,IL,16871
IL0680700,Irving Police Department,IL,361
IL0950500,Irvington Police Department,IL,562
IL0492400,Island Lake Police Department,IL,8074
IL0221100,Itasca Police Department,IL,9497
IL0610300,Iuka Police Department,IL,486
IL0390000,Jackson County Sheriff's Office,IL,22178
IL0690100,Jacksonville Police Department,IL,17692
IL0400000,Jasper County Sheriff's Office,IL,6364
IL0410000,Jefferson County Sheriff's Office,IL,20263
IL0841700,Jerome Police Department,IL,1636
IL0420000,Jersey County Sheriff's Office,IL,11657
IL0420200,Jerseyville Police Department,IL,8357
IL0430000,Jo Daviess County Sheriff's Office,IL,12062
IL1001100,John A. Logan College,IL,0
IL0010800,John Wood Community College,IL,0
IL0561400,Johnsburg Police Department,IL,6443
IL0440000,Johnson County Sheriff's Office,IL,10950
IL1000300,Johnston City Police Department,IL,3292
IL0993100,Joliet Junior College,IL,0
IL0990700,Joliet Police Department,IL,152211
IL0910300,Jonesboro Police Department,IL,1643
IL0165500,Justice Police Department,IL,12194
IL0452600,Kane County Forest Preserve,IL,0
IL0450000,Kane County Sheriff's Office,IL,63525
IL0462100,Kankakee Community College,IL,0
IL0460000,Kankakee County Sheriff's Office,IL,32486
IL0460200,Kankakee Police Department,IL,23419
IL0230200,Kansas Police Department,IL,645
IL0141500,Kaskaskia College,IL,0
IL0470000,Kendall County Sheriff's Office,IL,28142
IL0165600,Kenilworth Police Department,IL,2420
IL0370900,Kewanee Police Department,IL,12067
IL0493600,Kildeer Police Department,IL,4681
IL0110300,Kincaid Police Department,IL,1305
IL0191300,Kingston Police Department,IL,1093
IL0190900,Kirkland Police Department,IL,1615
IL0480000,Knox County Sheriff's Office,IL,15421
IL0480500,Knoxville Police Department,IL,2827
IL0165800,La Grange Park Police Department,IL,13402
IL0165700,La Grange Police Department,IL,15856
IL0340600,La Harpe Police Department,IL,1128
IL0061000,La Moille Police Department,IL,665
IL0500000,La Salle County Sheriff's Office,IL,32851
IL0500100,La Salle Police Department,IL,9389
IL0620200,Lacon Police Department,IL,1830
IL0060300,Ladd Police Department,IL,1422
IL0490900,Lake Bluff Police Department,IL,5598
IL0494100,Lake County Forest Preserve,IL,0
IL0490000,Lake County Sheriff's Office,IL,136402
IL0491000,Lake Forest Police Department,IL,19716
IL0150900,Lake Land College,IL,0
IL0491100,Lake Villa Police Department,IL,8740
IL0491200,Lake Zurich Police Department,IL,20004
IL0560900,Lake in the Hills Police Department,IL,28651
IL0561600,Lakemoor Police Department,IL,6522
IL0561700,Lakewood Police Department,IL,4291
IL0080200,Lanark Police Department,IL,1451
IL0165900,Lansing Police Department,IL,27898
IL0510000,Lawrence County Sheriff's Office,IL,5611
IL0510200,Lawrenceville Police Department,IL,4346
IL0570500,Le Roy Police Department,IL,3489
IL0820900,Lebanon Police Department,IL,4599
IL0520000,Lee County Sheriff's Office,IL,15310
IL0841300,Leland Grove Police Department,IL,1400
IL0500200,Leland Police Department,IL,924
IL0166000,Lemont Police Department,IL,18306
IL0890200,Lena Police Department,IL,2643
IL099929E,Lewis University,IL,0
IL0290500,Lewistown Police Department,IL,1940
IL0570600,Lexington Police Department,IL,2097
IL0491300,Libertyville Police Department,IL,20663
IL0842800,Lincoln Land Community College,IL,0
IL0540200,Lincoln Police Department,IL,12998
IL0492900,Lincolnshire Police Department,IL,8025
IL0166100,Lincolnwood Police Department,IL,12968
IL0493000,Lindenhurst Police Department,IL,14612
IL0221200,Lisle Police Department,IL,23520
IL0680200,Litchfield Police Department,IL,6545
IL0530000,Livingston County Sheriff's Office,IL,16681
IL0601000,Livingston Police Department,IL,745
IL0842300,Loami Police Department,IL,794
IL0990800,Lockport Police Department,IL,27110
IL0993200,Lockport Township Park District,IL,0
IL0540000,Logan County Sheriff's Office,IL,11178
IL0221300,Lombard Police Department,IL,44509
IL1010200,Loves Park Police Department,IL,23696
IL0700200,Lovington Police Department,IL,1010
IL016AB9E,Loyola University ,IL,0
IL0101300,Ludlow Police Department,IL,300
IL0166200,Lynwood Police Department,IL,9280
IL0166300,Lyons Police Department,IL,10359
IL1011700,Machesney Park Police Department,IL,22816
IL0901100,Mackinaw Police Department,IL,1840
IL0550400,Macomb Police Department,IL,14707
IL0580000,Macon County Sheriff's Office,IL,22463
IL0590000,Macoupin County Sheriff's Office,IL,18139
IL0600000,Madison County Sheriff's Office,IL,74391
IL0601100,Madison Police Department,IL,3041
IL0100300,Mahomet Police Department,IL,10922
IL0991600,Manhattan Police Department,IL,11108
IL0630300,Manito Police Department,IL,1472
IL0740400,Mansfield Police Department,IL,914
IL0460500,Manteno Police Department,IL,9255
IL0451800,Maple Park Police Department,IL,1494
IL0561000,Marengo Police Department,IL,7736
IL0602400,Marine Police Department,IL,980
IL0610000,Marion County Sheriff's Office,IL,16161
IL1000400,Marion Police Department,IL,17069
IL0821000,Marissa Police Department,IL,1722
IL0166500,Markham Police Department,IL,11210
IL0580300,Maroa Police Department,IL,1522
IL0900500,Marquette Heights Police Department,IL,2472
IL0500300,Marseilles Police Department,IL,4766
IL0620000,Marshall County Sheriff's Office,IL,7368
IL0120200,Marshall Police Department,IL,3844
IL0120300,Martinsville Police Department,IL,1076
IL0601200,Maryville Police Department,IL,8375
IL0821100,Mascoutah Police Department,IL,9205
IL0630200,Mason City Police Department,IL,1961
IL0630000,Mason County Sheriff's Office,IL,5434
IL0640000,Massac County Sheriff's Office,IL,7117
IL0166600,Matteson Police Department,IL,18455
IL0150300,Mattoon Police Department,IL,16540
IL0166700,Maywood Police Department,IL,23351
IL0320300,Mazon Police Department,IL,983
IL0166400,McCook Police Department,IL,239
IL0561100,McCullom Lake Police Department,IL,965
IL0550000,McDonough County Sheriff's Office,IL,7648
IL0562900,McHenry County College,IL,0
IL0562800,McHenry County Conservation District,IL,0
IL0560000,McHenry County Sheriff's Office,IL,65751
IL0561200,McHenry Police Department,IL,29207
IL0570000,McLean County Sheriff's Office,IL,23434
IL0571200,McLean Police Department,IL,735
IL0330100,McLeansboro Police Department,IL,2579
IL0166800,Melrose Park Police Department,IL,23827
IL0650000,Menard County Sheriff's Office,IL,7168
IL0500400,Mendota Police Department,IL,6893
IL0660000,Mercer County Sheriff's Office,IL,9933
IL0690200,Meredosia Police Department,IL,788
IL0166900,Merrionette Park  Police Department,IL,1900
IL1020300,Metamora Police Department,IL,3863
IL0169X00,Metra Police Department,IL,0
IL0640300,Metropolis Police Department,IL,5733
IL0163H00,Metropolitan Water Reclamation District of Greater Chicago,IL,0
IL0167000,Midlothian Police Department,IL,13775
IL0810500,Milan Police Department,IL,5018
IL0380300,Milford Police Department,IL,1099
IL0080300,Milledgeville Police Department,IL,984
IL058149E,Millikin University,IL,0
IL0821200,Millstadt Police Department,IL,3929
IL0900600,Minier Police Department,IL,1132
IL0320600,Minooka Police Department,IL,12945
IL0992200,Mokena Police Department,IL,19928
IL0810600,Moline Police Department,IL,42331
IL0460400,Momence Police Department,IL,3152
IL0990900,Monee Police Department,IL,5145
IL0940300,Monmouth Police Department,IL,8571
IL0670000,Monroe County Sheriff's Office,IL,11942
IL0680000,Montgomery County Sheriff's Office,IL,9117
IL0450900,Montgomery Police Department,IL,22357
IL0740300,Monticello Police Department,IL,6026
IL0169K00,Moraine Valley Community College,IL,0
IL0690000,Morgan County Sheriff's Office,IL,9147
IL0320400,Morris Police Department,IL,14677
IL0980400,Morrison Police Department,IL,3968
IL0110700,Morrisonville Police Department,IL,970
IL0169F00,Morton College,IL,0
IL0167100,Morton Grove Police Department,IL,24287
IL0900700,Morton Police Department,IL,17653
IL0700000,Moultrie County Sheriff's Office,IL,7084
IL0770300,Mounds Police Department,IL,597
IL0930100,Mount Carmel Police Department,IL,6720
IL0080400,Mount Carroll Police Department,IL,1422
IL0710200,Mount Morris Police Department,IL,2778
IL0590700,Mount Olive Police Department,IL,1925
IL0167200,Mount Prospect Police Department,IL,55157
IL0540300,Mount Pulaski Police Department,IL,1500
IL0050100,Mount Sterling Police Department,IL,2039
IL0410100,Mount Vernon Police Department,IL,14062
IL0580400,Mount Zion Police Department,IL,5868
IL0870100,Moweaqua Police Department,IL,1717
IL0491400,Mundelein Police Department,IL,32923
IL0390200,Murphysboro Police Department,IL,7036
IL0690600,Murrayville Police Department,IL,542
IL0225000,Naperville Park District,IL,0
IL0221400,Naperville Police Department,IL,154062
IL0950200,Nashville Police Department,IL,2984
IL0340700,Nauvoo Police Department,IL,903
IL0180200,Neoga Police Department,IL,1380
IL0061500,Neponset Police Department,IL,405
IL0821500,New Athens Police Department,IL,1851
IL0140400,New Baden Police Department,IL,3388
IL0842900,New Berlin Police Department,IL,1354
IL0991500,New Lenox Police Department,IL,28798
IL0660400,New Windsor Police Department,IL,648
IL0210400,Newman Police Department,IL,772
IL0400100,Newton Police Department,IL,2710
IL0167300,Niles Police Department,IL,29705
IL0680300,Nokomis Police Department,IL,2113
IL0164Z9E,Norfolk Southern Railway: Cook County,IL,0
IL0586000,Norfolk Southern Railway: Macon County,IL,0
IL060399E,Norfolk Southern Railway: Madison County,IL,0
IL0570200,Normal Police Department,IL,53374
IL0167400,Norridge Police Department,IL,14723
IL0970300,Norris City Police Department,IL,1091
IL0451000,North Aurora Police Department,IL,19600
IL0491500,North Chicago Police Department,IL,30614
IL0900800,North Pekin Police Department,IL,1431
IL0167800,North Riverside Police Department,IL,7104
IL0501700,North Utica Police Department,IL,1348
IL0167500,Northbrook Police Department,IL,34398
IL0166M00,Northeastern Illinois University,IL,0
IL0191100,Northern Illinois University,IL,0
IL0167600,Northfield Police Department,IL,5597
IL0167700,Northlake Police Department,IL,12345
IL016AC9E,Northwestern University: Chicago,IL,0
IL0162X9E,Northwestern University: Evanston,IL,0
IL0821600,O'Fallon Police Department,IL,32108
IL0221500,Oak Brook Police Department,IL,8198
IL0161P00,Oak Forest Health Center,IL,0
IL0167900,Oak Forest Police Department,IL,26677
IL0168000,Oak Lawn Police Department,IL,56136
IL0168100,Oak Park Police Department,IL,52550
IL0222900,Oakbrook Terrace Police Department,IL,2725
IL0167E00,Oakton Community College,IL,0
IL0561800,Oakwood Hills Police Department,IL,2057
IL0921300,Oakwood Police Department,IL,1263
IL0170100,Oblong Police Department,IL,1344
IL0710000,Ogle County Sheriff's Office,IL,28127
IL0500600,Oglesby Police Department,IL,3610
IL0950300,Okawville Police Department,IL,1342
IL0800100,Olney Police Department,IL,8367
IL0168200,Olympia Fields Police Department,IL,4564
IL0380400,Onarga Police Department,IL,1283
IL0360200,Oquawka Police Department,IL,1061
IL0710300,Oregon Police Department,IL,3555
IL0371000,Orion Police Department,IL,1704
IL0168B00,Orland Hills Police Department,IL,6630
IL0168300,Orland Park Police Department,IL,57891
IL0470300,Oswego Police Department,IL,39860
IL0500700,Ottawa Police Department,IL,18764
IL0168400,Palatine Police Department,IL,65532
IL0170200,Palestine Police Department,IL,1202
IL0591200,Palmyra Police Department,IL,590
IL0168500,Palos Heights Police Department,IL,12007
IL0168600,Palos Hills Police Department,IL,17919
IL0168700,Palos Park Police Department,IL,4794
IL0110100,Pana Police Department,IL,4998
IL0230300,Paris Police Department,IL,8032
IL0492500,Park City Police Department,IL,7955
IL0168800,Park Forest Police Department,IL,20869
IL0168900,Park Ridge Police Department,IL,38187
IL0101500,Parkland College,IL,0
IL0610900,Patoka Police Department,IL,504
IL0840600,Pawnee Police Department,IL,2702
IL0270200,Paxton Police Department,IL,4392
IL1010300,Pecatonica Police Department,IL,2053
IL0901600,Pekin Park District,IL,0
IL0900900,Pekin Police Department,IL,31128
IL0720000,Peoria County Sheriff's Office,IL,47695
IL0720900,Peoria Heights Police Department,IL,5779
IL0721400,Peoria Park District,IL,0
IL0720700,Peoria Police Department,IL,111389
IL0991000,Peotone Police Department,IL,4247
IL0730000,Perry County Sheriff's Office,IL,9113
IL0500800,Peru Police Department,IL,9764
IL0650100,Petersburg Police Department,IL,2141
IL0169000,Phoenix Police Department,IL,1637
IL0740000,Piatt County Sheriff's Office,IL,7691
IL0030500,Pierron Police Department,IL,441
IL0750000,Pike County Sheriff's Office,IL,10182
IL0730200,Pinckneyville Police Department,IL,4938
IL0451100,Pingree Grove Police Department,IL,11809
IL0750300,Pittsfield Police Department,IL,4017
IL0991100,Plainfield Police Department,IL,49912
IL0470100,Plano Police Department,IL,12878
IL0842400,Pleasant Plains Police Department,IL,814
IL0030200,Pocahontas Police Department,IL,663
IL0710400,Polo Police Department,IL,2227
IL0530200,Pontiac Police Department,IL,11016
IL0602100,Pontoon Beach Police Department,IL,5842
IL0760000,Pope County Sheriff's Office,IL,3698
IL0169100,Posen Police Department,IL,5374
IL0920700,Potomac Police Department,IL,649
IL0562600,Prairie Grove  Police Department,IL,1950
IL016PS0X,Prairie State College,IL,0
IL0790800,Prairie du Rocher Police Department,IL,513
IL0060400,Princeton Police Department,IL,7623
IL0980500,Prophetstown Police Department,IL,1898
IL0169G00,Prospect Heights Police Department,IL,15462
IL0770000,Pulaski County Sheriff's Office,IL,3766
IL0780000,Putnam County Sheriff's Office,IL,4322
IL0010300,Quincy Police Department,IL,38591
IL0260100,Ramsey Police Department,IL,891
IL0790000,Randolph County Sheriff's Office,IL,12358
IL0100400,Rantoul Police Department,IL,12254
IL0680400,Raymond Police Department,IL,913
IL0790200,Red Bud Police Department,IL,3756
IL0410300,Rend Lake College,IL,0
IL0581900,Richland Community College,IL,0
IL0800000,Richland County Sheriff's Office,IL,6922
IL0561300,Richmond Police Department,IL,2133
IL0169200,Richton Park Police Department,IL,12446
IL0920900,Ridge Farm Police Department,IL,744
IL0300100,Ridgway Police Department,IL,795
IL0169400,River Forest Police Department,IL,11833
IL0169500,River Grove Police Department,IL,10387
IL0169300,Riverdale Police Department,IL,10221
IL0169600,Riverside Police Department,IL,8891
IL0840700,Riverton Police Department,IL,3475
IL0490200,Riverwoods Police Department,IL,3784
IL0169700,Robbins Police Department,IL,4554
IL0170300,Robinson Police Department,IL,7032
IL0710500,Rochelle Police Department,IL,9520
IL0840900,Rochester Police Department,IL,4091
IL0980600,Rock Falls Police Department,IL,8575
IL0810000,Rock Island County Sheriff's Office,IL,25981
IL0810800,Rock Island Police Department,IL,36292
IL1011200,Rock Valley College,IL,0
IL0991200,Rockdale Police Department,IL,1974
IL1011800,Rockford Metro Centre,IL,0
IL1011300,Rockford Park District,IL,0
IL1010400,Rockford Police Department,IL,147186
IL1010500,Rockton Police Department,IL,7862
IL0169800,Rolling Meadows Police Department,IL,23621
IL0991300,Romeoville Police Department,IL,41271
IL0310300,Roodhouse Police Department,IL,1482
IL1010600,Roscoe Police Department,IL,10986
IL0221600,Roselle Police Department,IL,22859
IL0169900,Rosemont Police Department,IL,3793
IL0921000,Rossville Police Department,IL,1149
IL0491700,Round Lake Beach Police Department,IL,27062
IL0491800,Round Lake Heights Police Department,IL,2595
IL0494300,Round Lake Park District,IL,0
IL0491900,Round Lake Park Police Department,IL,7880
IL0491600,Round Lake Police Department,IL,18645
IL0601300,Roxana Police Department,IL,1398
IL0280300,Royalton Police Department,IL,1038
IL0790900,Ruma  Police Department,IL,309
IL0850100,Rushville Police Department,IL,2889
IL0610400,Salem Police Department,IL,6953
IL0830000,Saline County Sheriff's Office,IL,9665
IL0630400,San Jose Police Department,IL,465
IL0610500,Sandoval Police Department,IL,1117
IL0190300,Sandwich Police Department,IL,7321
IL0840000,Sangamon County Sheriff's Office,IL,34407
IL0822200,Sauget Police Department,IL,133
IL0161A00,Sauk Village Police Department,IL,9563
IL0080500,Savanna Police Department,IL,2693
IL0162A00,Schaumburg Police Department,IL,76773
IL0163A00,Schiller Park Police Department,IL,11242
IL0850000,Schuyler County Sheriff's Office,IL,3847
IL0860000,Scott County Sheriff's Office,IL,2759
IL0848900,Secretary of State Police,IL,0
IL0500900,Seneca Police Department,IL,2301
IL0280400,Sesser Police Department,IL,1872
IL0080600,Shannon Police Department,IL,852
IL0300200,Shawneetown Police Department,IL,985
IL0870000,Shelby County Sheriff's Office,IL,13038
IL0870200,Shelbyville Police Department,IL,4513
IL0380500,Sheldon Police Department,IL,921
IL0501500,Sheridan Police Department,IL,2410
IL0841400,Sherman Police Department,IL,4625
IL0822500,Shiloh Police Department,IL,14912
IL0992100,Shorewood Police Department,IL,18608
IL0921600,Sidell Police Department,IL,462
IL0810900,Silvis Police Department,IL,8005
IL0164A00,Skokie Police Department,IL,65401
IL0451200,Sleepy Hollow Police Department,IL,3121
IL0822800,Smithton Police Department,IL,3860
IL0190400,Somonauk Police Department,IL,1756
IL0030300,Sorento Police Department,IL,406
IL0165A00,South Barrington Police Department,IL,5060
IL1010700,South Beloit Police Department,IL,7983
IL0166A00,South Chicago Heights Police Department,IL,3859
IL0451300,South Elgin Police Department,IL,25198
IL0167A00,South Holland Police Department,IL,20625
IL0690400,South Jacksonville Police Department,IL,3174
IL0901200,South Pekin Police Department,IL,960
IL0601900,South Roxana Police Department,IL,1840
IL0169C00,South Suburban College,IL,0
IL0390300,Southern Illinois University: Carbondale,IL,0
IL0601700,Southern Illinois University: Edwardsville,IL,0
IL0844600,Southern Illinois University: School of Medicine,IL,0
IL0841500,Southern View Police Department,IL,1542
IL0824400,Southwestern Illinois College,IL,0
IL0790300,Sparta Police Department,IL,4780
IL0561900,Spring Grove Police Department,IL,5573
IL0060600,Spring Valley Police Department,IL,5362
IL0841800,Springfield Park District,IL,0
IL0840200,Springfield Police Department,IL,112595
IL0460600,St. Anne Police Department,IL,1124
IL0451400,St. Charles Police Department,IL,33584
IL0820000,St. Clair County Sheriff's Office,IL,51361
IL0260200,St. Elmo Police Department,IL,1237
IL0510400,St. Francisville Police Department,IL,517
IL0602500,St. Jacob Police Department,IL,1366
IL0571400,Stanford Police Department,IL,586
IL0880000,Stark County Sheriff's Office,IL,2177
IL0840C00,State Fire Marshal,IL,0
IL0590900,Staunton Police Department,IL,4907
IL0168A00,Steger Police Department,IL,9326
IL0890000,Stephenson County Sheriff's Office,IL,16832
IL0980700,Sterling Police Department,IL,14461
IL0169A00,Stickney Police Department,IL,6856
IL0430500,Stockton Police Department,IL,1653
IL0161B00,Stone Park Police Department,IL,4451
IL0110400,Stonington Police Department,IL,794
IL0162B00,Streamwood Police Department,IL,38094
IL0501000,Streator Police Department,IL,12242
IL0360600,Stronghurst  Police Department,IL,762
IL0451500,Sugar Grove Police Department,IL,9359
IL0700300,Sullivan Police Department,IL,4273
IL0822600,Summerfield Police Department,IL,328
IL0163B00,Summit Police Department,IL,10675
IL0510300,Sumner Police Department,IL,2586
IL0822300,Swansea Police Department,IL,14470
IL0190500,Sycamore Police Department,IL,19042
IL0980800,Tampico Police Department,IL,671
IL0110200,Taylorville Police Department,IL,10205
IL0900000,Tazewell County Sheriff's Office,IL,24260
IL060949E,Terminal Railroad Association,IL,0
IL0250600,Teutopolis Police Department,IL,1711
IL0843000,Thayer Police Department,IL,612
IL0080700,Thomson Police Department,IL,1591
IL0164B00,Thornton Police Department,IL,2281
IL0921100,Tilton Police Department,IL,2508
IL0165M00,Tinley Park Police Department,IL,54618
IL0100500,Tolono Police Department,IL,3581
IL0501600,Tonica Police Department,IL,733
IL0880100,Toulon Police Department,IL,1160
IL0493300,Tower Lakes  Police Department,IL,1211
IL0901300,Tremont Police Department,IL,2240
IL0140500,Trenton Police Department,IL,2649
IL0502200,Tri-County Drug Enforcement Narcotics Team,IL,0
IL0169E00,Triton College,IL,0
IL0601400,Troy Police Department,IL,11901
IL0210500,Tuscola Police Department,IL,4661
IL0770400,Ullin Police Department,IL,455
IL0910000,Union County Sheriff's Office,IL,9373
IL0165N00,Union Pacific Railroad: Cook County,IL,0
IL0825100,Union Pacific Railroad: St. Clair County,IL,0
IL0562400,Union Police Department,IL,732
IL0992000,University Park Police Department,IL,7021
IL0169W9E,University of Chicago: Cook County,IL,0
IL0166C00,University of Illinois: Chicago,IL,0
IL0841600,University of Illinois: Springfield,IL,0
IL0100700,University of Illinois: Urbana,IL,0
IL0100600,Urbana Police Department,IL,40076
IL0670300,Valmeyer Police Department,IL,1211
IL0260400,Vandalia Police Department,IL,7334
IL0601500,Venice Police Department,IL,1443
IL0920000,Vermilion County Sheriff's Office,IL,22108
IL0492600,Vernon Hills Police Department,IL,27046
IL0440100,Vienna Police Department,IL,1350
IL0210600,Villa Grove Police Department,IL,2442
IL0221700,Villa Park Police Department,IL,21974
IL0660700,Viola Police Department,IL,837
IL0591000,Virden Police Department,IL,3129
IL0090300,Virginia Police Department,IL,1461
IL0930000,Wabash County Sheriff's Office,IL,4203
IL0060700,Walnut Police Department,IL,1255
IL0610600,Wamac Police Department,IL,960
IL0940000,Warren County Sheriff's Office,IL,7114
IL0430600,Warren Police Department,IL,1263
IL0580900,Warrensburg Police Department,IL,1080
IL0222500,Warrenville Police Department,IL,15685
IL1020600,Washburn Police Department,IL,1007
IL0950000,Washington County Sheriff's Office,IL,8507
IL0821700,Washington Park Police Department,IL,2459
IL0901000,Washington Police Department,IL,15806
IL0670200,Waterloo Police Department,IL,11206
IL0190600,Waterman Police Department,IL,1574
IL0380100,Watseka Police Department,IL,4453
IL0451900,Waubonsee Community College,IL,0
IL0492000,Wauconda Police Department,IL,14052
IL0492100,Waukegan Police Department,IL,88433
IL0690300,Waverly Police Department,IL,1137
IL0960200,Wayne City Police Department,IL,989
IL0960000,Wayne County Sheriff's Office,IL,10153
IL0221800,Wayne Police Department,IL,2286
IL0221900,West Chicago Police Department,IL,25446
IL0280900,West City Police Department,IL,637
IL0451700,West Dundee Police Department,IL,7912
IL0280500,West Frankfort Police Department,IL,7100
IL0240400,West Salem Police Department,IL,738
IL0166B00,Westchester Police Department,IL,16187
IL0550500,Western Illinois University,IL,0
IL0167B00,Western Springs Police Department,IL,13515
IL0222000,Westmont Police Department,IL,24282
IL0921200,Westville Police Department,IL,3003
IL0222100,Wheaton Police Department,IL,53702
IL0169B00,Wheeling Police Department,IL,38111
IL0970000,White County Sheriff's Office,IL,5981
IL0310400,White Hall Police Department,IL,2151
IL0980000,Whiteside County Sheriff's Office,IL,19089
IL0993000,Will County Forest Preserve,IL,0
IL0990000,Will County Sheriff's Office,IL,103299
IL0480800,Williamsfield Police Department,IL,554
IL1000000,Williamson County Sheriff's Office,IL,25245
IL0840800,Williamsville Police Department,IL,1441
IL0730600,Willisville Police Department,IL,555
IL0161C00,Willow Springs Police Department,IL,5779
IL0223000,Willowbrook Police Department,IL,9169
IL0162C00,Wilmette Police Department,IL,27288
IL0991400,Wilmington Police Department,IL,5624
IL0860200,Winchester Police Department,IL,1495
IL0222200,Winfield Police Department,IL,10300
IL1010000,Winnebago County Sheriff's Office,IL,56375
IL1010900,Winnebago Police Department,IL,2903
IL0163C00,Winnetka Police Department,IL,12445
IL0492200,Winthrop Harbor Police Department,IL,6560
IL0680500,Witt Police Department,IL,761
IL0562200,Wonder Lake Police Department,IL,5697
IL0222300,Wood Dale Police Department,IL,13971
IL0601600,Wood River Police Department,IL,10205
IL1020000,Woodford County Sheriff's Office,IL,24897
IL0371100,Woodhull Police Department,IL,728
IL0222400,Woodridge Police Department,IL,34100
IL0561500,Woodstock Police Department,IL,25952
IL0602600,Worden Police Department,IL,1064
IL0164C00,Worth Police Department,IL,10593
IL0880200,Wyoming Police Department,IL,1262
IL0480700,Yates City Police Department,IL,634
IL0470200,Yorkville Police Department,IL,27164
IL0280600,Zeigler Police Department,IL,1461
IL0494800,Zion Park District,IL,0
IL0492300,Zion Police Department,IL,24546
IN0010000,Adams County Sheriff's Office,IN,22394
IN0570300,Albion Police Department,IN,2263
IN0480100,Alexandria Police Department,IN,5228
IN0020000,Allen County Sheriff's Office,IN,110067
IN0320500,Amo Police Department,IN,429
IN0480200,Anderson Police Department,IN,56112
IN0760100,Angola Police Department,IN,9449
IN0290500,Arcadia Police Department,IN,1452
IN0500600,Argos Police Department,IN,1745
IN0230100,Attica Police Department,IN,3298
IN0170100,Auburn Police Department,IN,14104
IN0150100,Aurora Police Department,IN,3525
IN0720200,Austin Police Department,IN,4183
IN0321100,Avon Police Department,IN,25574
IN0180500,Ball State University,IN,0
IN0410800,Bargersville Police Department,IN,11713
IN0030000,Bartholomew County Sheriff's Office,IN,32824
IN0690100,Batesville Police Department,IN,7390
IN0470100,Bedford Police Department,IN,13866
IN0490100,Beech Grove Police Department,IN,14535
IN0040000,Benton County Sheriff's Office,IN,6511
IN0010100,Berne Police Department,IN,4342
IN0420100,Bicknell Police Department,IN,2991
IN0050000,Blackford County Sheriff's Office,IN,5751
IN0280100,Bloomfield Police Department,IN,2299
IN0530100,Bloomington Police Department,IN,79948
IN0900100,Bluffton Police Department,IN,10618
IN0060000,Boone County Sheriff's Office,IN,13503
IN0870100,Boonville Police Department,IN,6687
IN0100500,Borden Police Department,IN,824
IN0110100,Brazil Police Department,IN,8259
IN0500100,Bremen Police Department,IN,4582
IN0200400,Bristol Police Department,IN,1807
IN0240100,Brookville Police Department,IN,2663
IN0070000,Brown County Sheriff's Office,IN,15725
IN0321200,Brownsburg Community School,IN,0
IN0320100,Brownsburg Police Department,IN,34589
IN0360100,Brownstown Police Department,IN,3090
IN0080400,Burlington Police Department,IN,533
IN0640400,Burns Harbor Police Department,IN,2165
IN0170200,Butler Police Department,IN,2679
IN049409E,Butler University,IN,0
IN0890200,Cambridge City Police Department,IN,1732
IN0620200,Cannelton Police Department,IN,1494
IN0290100,Carmel Police Department,IN,104553
IN0080000,Carroll County Sheriff's Office,IN,17331
IN0090000,Cass County Sheriff's Office,IN,19454
IN0450100,Cedar Lake Police Department,IN,17007
IN0100100,Charlestown Police Department,IN,8749
IN0480700,Chesterfield Police Department,IN,2527
IN0640100,Chesterton Police Department,IN,14752
IN0740600,Chrisney Police Department,IN,476
IN0290600,Cicero Police Department,IN,5681
IN0100000,Clark County Sheriff's Office,IN,32383
IN0411000,Clark-Pleasant Community Schools Corporation,IN,0
IN0790600,Clarks Hill Police Department,IN,625
IN0100200,Clarksville Police Department,IN,21973
IN0110000,Clay County Sheriff's Office,IN,17526
IN0431000,Claypool Police Department,IN,395
IN0320700,Clayton Police Department,IN,957
IN0760600,Clear Lake Police Department,IN,359
IN0120000,Clinton County Sheriff's Office,IN,16493
IN0830100,Clinton Police Department,IN,4801
IN0320600,Coatesville Police Department,IN,577
IN0920100,Columbia City Police Department,IN,10241
IN0030100,Columbus Police Department,IN,52346
IN0210100,Connersville Police Department,IN,13271
IN0310100,Corydon Police Department,IN,3153
IN0230200,Covington Police Department,IN,2768
IN0130000,Crawford County Sheriff's Office,IN,9440
IN0540100,Crawfordsville Police Department,IN,16657
IN0450200,Crown Point Police Department,IN,35378
IN0500500,Culver Police Department,IN,1242
IN0491900,Cumberland Police Department,IN,7562
IN0650500,Cynthiana Police Department,IN,554
IN0740200,Dale Police Department,IN,1530
IN0320200,Danville Police Department,IN,13049
IN0140000,Daviess County Sheriff's Office,IN,21254
IN0790500,Dayton Police Department,IN,1383
IN0170000,DeKalb County Sheriff's Office,IN,19039
IN0150000,Dearborn County Sheriff's Office,IN,38378
IN0160000,Decatur County Sheriff's Office,IN,14148
IN0010200,Decatur Police Department,IN,10106
IN0180000,Delaware County Sheriff's Office,IN,35304
IN0080100,Delphi Police Department,IN,3031
IN067079E,Depauw University,IN,0
IN0190000,Dubois County Sheriff's Office,IN,20145
IN0770400,Dugger Police Department,IN,795
IN0380100,Dunkirk Police Department,IN,2093
IN0451300,Dyer Police Department,IN,16302
IN0450300,East Chicago Police Department,IN,25626
IN0410100,Edinburgh Police Department,IN,4488
IN0200000,Elkhart County Sheriff's Office,IN,111501
IN0200100,Elkhart Police Department,IN,53640
IN0530300,Ellettsville Police Department,IN,6875
IN0480300,Elwood Police Department,IN,8517
IN0820100,Evansville Police Department,IN,114905
IN0270300,Fairmount Police Department,IN,2664
IN0210000,Fayette County Sheriff's Office,IN,10107
IN0290700,Fishers Police Department,IN,105143
IN0220000,Floyd County Sheriff's Office,IN,41002
IN0020100,Fort Wayne Police Department,IN,275451
IN0300200,Fortville Police Department,IN,4958
IN0230000,Fountain County Sheriff's Office,IN,10888
IN0040100,Fowler Police Department,IN,2397
IN0120100,Frankfort Police Department,IN,16401
IN0240000,Franklin County Sheriff's Office,IN,18600
IN0410200,Franklin Police Department,IN,26356
IN0760300,Fremont Police Department,IN,2073
IN0250000,Fulton County Sheriff's Office,IN,13861
IN0170300,Garrett Police Department,IN,6692
IN0450500,Gary Police Department,IN,67197
IN0270100,Gas City Police Department,IN,6080
IN0180300,Gaston Police Department,IN,808
IN0220300,Georgetown Police Department,IN,3842
IN0260000,Gibson County Sheriff's Office,IN,22313
IN0200200,Goshen Police Department,IN,34446
IN0270000,Grant County Sheriff's Office,IN,29632
IN0670100,Greencastle Police Department,IN,9929
IN0150300,Greendale Police Department,IN,4575
IN0280000,Greene County Sheriff's Office,IN,20378
IN0300100,Greenfield Police Department,IN,26996
IN0160100,Greensburg Police Department,IN,12314
IN0410300,Greenwood Police Department,IN,69268
IN0450600,Griffith Police Department,IN,16110
IN0890400,Hagerstown Police Department,IN,1683
IN0290000,Hamilton County Sheriff's Office,IN,23830
IN0450700,Hammond Police Department,IN,75605
IN0300000,Hancock County Sheriff's Office,IN,37201
IN0310000,Harrison County Sheriff's Office,IN,36985
IN0050100,Hartford City Police Department,IN,5889
IN0641000,Hebron Police Department,IN,3744
IN0320000,Hendricks County Sheriff's Office,IN,75555
IN0330000,Henry County Sheriff's Office,IN,31629
IN0450800,Highland Police Department,IN,23382
IN0450900,Hobart Police Department,IN,29343
IN0340000,Howard County Sheriff's Office,IN,22843
IN0840600,Hulman Regional Airport Authority,IN,0
IN0190100,Huntingburg Police Department,IN,6540
IN0350000,Huntington County Sheriff's Office,IN,18273
IN0350100,Huntington Police Department,IN,17039
IN0494700,Indiana Gaming Commission,IN,0
IN045249E,Indiana Harbor Belt Railroad,IN,0
IN0494800,Indiana Office of Inspector General,IN,0
INIEP0000,Indiana State Excise Police,IN,0
INISP0000,Indiana State Police,IN,0
IN0840300,Indiana State University,IN,0
IN0530200,Indiana University: Bloomington,IN,0
IN0030700,Indiana University: Columbus,IN,0
IN0891100,Indiana University: East,IN,0
IN0820600,Indiana University: Evansville,IN,0
IN0490400,Indiana University: Indianapolis,IN,0
IN0340500,Indiana University: Kokomo,IN,0
IN0451800,Indiana University: Northwest,IN,0
IN0710800,Indiana University: South Bend,IN,0
IN0220200,Indiana University: Southeast,IN,0
IN0490600,Indianapolis International Airport,IN,0
INIPD0000,Indianapolis Police Department,IN,903574
IN0495300,Indianapolis Public Schools,IN,0
IN0360000,Jackson County Sheriff's Office,IN,22025
IN0280200,Jasonville Police Department,IN,2007
IN0370000,Jasper County Sheriff's Office,IN,26598
IN0190200,Jasper Police Department,IN,17030
IN0380000,Jay County Sheriff's Office,IN,11954
IN0390000,Jefferson County Sheriff's Office,IN,20892
IN0100300,Jeffersonville Police Department,IN,53783
IN0400000,Jennings County Sheriff's Office,IN,21149
IN0410000,Johnson County Sheriff's Office,IN,47195
IN0570100,Kendallville Police Department,IN,10340
IN0461100,Kingsbury Police Department,IN,185
IN0460400,Kingsford Heights Police Department,IN,1321
IN0110600,Knightsville Police Department,IN,693
IN0420000,Knox County Sheriff's Office,IN,16416
IN0750100,Knox Police Department,IN,3621
IN0340100,Kokomo Police Department,IN,60224
IN0430000,Kosciusko County Sheriff's Office,IN,52158
IN0641100,Kouts Police Department,IN,2065
IN0460000,La Porte County Sheriff's Office,IN,47639
IN0461500,La Porte Metro Operations Drug Task Force,IN,0
IN0460100,La Porte Police Department,IN,22452
IN0440000,LaGrange County Sheriff's Office,IN,36505
IN0440100,LaGrange Police Department,IN,2767
IN0790100,Lafayette Police Department,IN,72009
IN0450000,Lake County Sheriff's Office,IN,52201
IN0450400,Lake Station Police Department,IN,12975
IN0470000,Lawrence County Sheriff's Office,IN,27490
IN0490200,Lawrence Police Department,IN,49937
IN0150200,Lawrenceburg Police Department,IN,5235
IN0130300,Leavenworth Police Department,IN,285
IN0060100,Lebanon Police Department,IN,17839
IN0570200,Ligonier Police Department,IN,4671
IN0280300,Linton Police Department,IN,5294
IN0280600,Linton-Stockton School Corporation,IN,0
IN0320900,Lizton Police Department,IN,507
IN0090100,Logansport Police Department,IN,18124
IN0460300,Long Beach Police Department,IN,1163
IN0510100,Loogootee Police Department,IN,2622
IN0451200,Lowell Police Department,IN,11643
IN0680400,Lynn Police Department,IN,944
IN0480000,Madison County Sheriff's Office,IN,57117
IN0390100,Madison Police Department,IN,12052
IN0130200,Marengo Police Department,IN,820
IN049359E,Marian University,IN,0
IN0270200,Marion Police Department,IN,28207
IN0350300,Markle Police Department,IN,1093
IN0500000,Marshall County Sheriff's Office,IN,27829
IN0510000,Martin County Sheriff's Office,IN,7276
IN0550100,Martinsville Police Department,IN,11959
IN0300700,McCordsville Police Department,IN,12593
IN0451400,Merrillville Police Department,IN,37124
IN0520000,Miami County Sheriff's Office,IN,24595
IN0460200,Michigan City Police Department,IN,31329
IN0430500,Milford Police Department,IN,1684
IN0710100,Mishawaka Police Department,IN,51013
IN0470200,Mitchell Police Department,IN,3975
IN0910300,Monon Police Department,IN,1932
IN0530000,Monroe County Sheriff's Office,IN,54185
IN0540000,Montgomery County Sheriff's Office,IN,22231
IN0910100,Monticello Police Department,IN,5521
IN0550200,Mooresville Police Department,IN,10178
IN0550000,Morgan County Sheriff's Office,IN,52346
IN0650100,Mount Vernon Police Department,IN,6306
IN0180100,Muncie Police Department,IN,65375
IN0451000,Munster Police Department,IN,23571
IN0200300,Nappanee Police Department,IN,6890
IN0220100,New Albany Police Department,IN,37616
IN0710500,New Carlisle Police Department,IN,1919
IN0330200,New Castle Police Department,IN,17377
IN0451700,New Chicago Police Department,IN,1970
IN0020200,New Haven Police Department,IN,16344
IN0300300,New Palestine Police Department,IN,3871
IN0410400,New Whiteland Police Department,IN,5913
IN0560000,Newton County Sheriff's Office,IN,14246
IN0570000,Noble County Sheriff's Office,IN,30722
IN0290200,Noblesville Police Department,IN,76565
IN0750200,North Judson Police Department,IN,1804
IN0710600,North Liberty Police Department,IN,1634
IN0850100,North Manchester Police Department,IN,5229
IN0321000,North Salem Police Department,IN,477
IN0400100,North Vernon Police Department,IN,6556
IN0430600,North Webster Police Department,IN,999
IN046139E,Northern Indiana Commuter Transportation District,IN,0
IN0260200,Oakland City Police Department,IN,2264
IN0640700,Ogden Dunes Police Department,IN,1170
IN0580000,Ohio County Sheriff's Office,IN,6026
IN0590000,Orange County Sheriff's Office,IN,19858
IN0710900,Osceola Police Department,IN,2604
IN0900200,Ossian Police Department,IN,3459
IN0600000,Owen County Sheriff's Office,IN,22030
IN0610000,Parke County Sheriff's Office,IN,16629
IN002129E,Parkview Health,IN,0
IN0480500,Pendleton Police Department,IN,6047
IN0620000,Perry County Sheriff's Office,IN,10017
IN0520100,Peru Police Department,IN,11019
IN0630100,Petersburg Police Department,IN,2263
IN0630000,Pike County Sheriff's Office,IN,9844
IN0320800,Pittsboro Police Department,IN,4432
IN0320300,Plainfield Police Department,IN,38557
IN0500200,Plymouth Police Department,IN,11260
IN0640200,Portage Police Department,IN,38731
IN0640000,Porter County Sheriff's Office,IN,73754
IN0640600,Porter Police Department,IN,5187
IN0380200,Portland Police Department,IN,6208
IN0650000,Posey County Sheriff's Office,IN,18230
IN0440600,Prairie Heights Community Schools Corporation,IN,0
IN0410500,Prince's Lakes Police Department,IN,1372
IN0260100,Princeton Police Department,IN,8524
IN0660000,Pulaski County Sheriff's Office,IN,12423
IN0790300,Purdue University,IN,0
IN0020300,Purdue University: Fort Wayne,IN,0
IN0670000,Putnam County Sheriff's Office,IN,27361
IN0680000,Randolph County Sheriff's Office,IN,15197
IN0370300,Remington Police Department,IN,1372
IN0370100,Rensselaer Police Department,IN,5611
IN0890100,Richmond Police Department,IN,35520
IN0690000,Ripley County Sheriff's Office,IN,23951
IN0670300,Roachdale Police Department,IN,879
IN0250100,Rochester Police Department,IN,6070
IN0740100,Rockport Police Department,IN,1989
IN0710700,Roseland Police Department,IN,854
IN0700000,Rush County Sheriff's Office,IN,10580
IN0700100,Rushville Police Department,IN,6212
IN0340200,Russiaville Police Department,IN,1313
IN0880100,Salem Police Department,IN,6440
IN0740300,Santa Claus Police Department,IN,2674
IN0451600,Schererville Police Department,IN,29809
IN0720000,Scott County Sheriff's Office,IN,13282
IN0720100,Scottsburg Police Department,IN,7432
IN0493000,"Secretary of State, Securities Division",IN,0
IN0100400,Sellersburg Police Department,IN,10236
IN0360200,Seymour Police Department,IN,22642
IN0770200,Shelburn Police Department,IN,1113
IN0730000,Shelby County Sheriff's Office,IN,24675
IN0730100,Shelbyville Police Department,IN,21029
IN0290300,Sheridan Police Department,IN,3588
IN0440300,Shipshewana Police Department,IN,855
IN0300500,Shirley Police Department,IN,845
IN0430800,Silver Lake Police Department,IN,874
IN0710200,South Bend Police Department,IN,103804
IN0920300,South Whitley Police Department,IN,1856
IN0490300,Speedway Police Department,IN,14350
IN0740000,Spencer County Sheriff's Office,IN,13656
IN0451500,St. John Police Department,IN,25285
IN0711100,St. Joseph County Airport Authority,IN,0
IN0710000,St. Joseph County Sheriff's Office,IN,110648
IN0750000,Starke County Sheriff's Office,IN,18102
IN0760000,Steuben County Sheriff's Office,IN,23158
IN0320400,Stilesville Police Department,IN,278
IN0770000,Sullivan County Sheriff's Office,IN,14655
IN0770100,Sullivan Police Department,IN,4235
IN0780000,Switzerland County Sheriff's Office,IN,8303
IN0430300,Syracuse Police Department,IN,3235
IN0620100,Tell City Police Department,IN,7518
IN0840100,Terre Haute Police Department,IN,58565
IN0790000,Tippecanoe County Sheriff's Office,IN,72602
IN0800000,Tipton County Sheriff's Office,IN,10054
IN0800100,Tipton Police Department,IN,5281
IN0440200,Topeka Police Department,IN,1229
IN0410700,Trafalgar Police Department,IN,1652
IN0460500,Trail Creek  Police Department,IN,1998
IN0620300,Troy Police Department,IN,372
IN0810000,Union  County Sheriff's Office,IN,6850
IN0680100,Union City Police Department,IN,3433
IN049399E,University of Indianapolis,IN,0
IN071139E,University of Notre Dame,IN,0
IN0100600,Utica Police Department,IN,1371
IN0640300,Valparaiso Police Department,IN,35293
IN0820000,Vanderburgh County Sheriff's Office,IN,65866
IN0830000,Vermillion County Sheriff's Office,IN,10776
IN0780100,Vevay Police Department,IN,1769
IN0840000,Vigo County Sheriff's Office,IN,45676
IN0420200,Vincennes Police Department,IN,16444
IN0850000,Wabash County Sheriff's Office,IN,15337
IN0850200,Wabash Police Department,IN,10237
IN0710300,Walkerton Police Department,IN,2099
IN0860000,Warren County Sheriff's Office,IN,8475
IN0350200,Warren Police Department,IN,1203
IN0870000,Warrick County Sheriff's Office,IN,60390
IN0430100,Warsaw Police Department,IN,16188
IN0880000,Washington County Sheriff's Office,IN,21992
IN0140100,Washington Police Department,IN,13099
IN0170400,Waterloo Police Department,IN,2168
IN0890000,Wayne County Sheriff's Office,IN,27586
IN0900000,Wells County Sheriff's Office,IN,14431
IN0790200,West Lafayette Police Department,IN,46768
IN0840200,West Terre Haute Police Department,IN,2152
IN0290400,Westfield Police Department,IN,67775
IN0440700,Westview Schools,IN,0
IN0460600,Westville Police Department,IN,5257
IN0910000,White County Sheriff's Office,IN,17471
IN0410600,Whiteland Police Department,IN,5752
IN0060500,Whitestown Police Department,IN,15864
IN0451100,Whiting Police Department,IN,4472
IN0920000,Whitley County Sheriff's Office,IN,22998
IN0680200,Winchester Police Department,IN,4794
IN0430200,Winona Lake Police Department,IN,5119
IN0021000,Woodburn Police Department,IN,1628
IN0280500,Worthington Police Department,IN,1410
IN0180400,Yorktown Police Department,IN,11993
IN0060300,Zionsville Police Department,IN,33770
KS0210100,Abilene Police Department,KS,6514
KS0010000,Allen County Sheriff's Office,KS,4341
KS0990100,Alma Police Department,KS,847
KS0990300,Alta Vista Police Department,KS,413
KS0500400,Altamont Police Department,KS,1042
KS0560300,Americus Police Department,KS,780
KS0872000,Andale Police Department,KS,927
KS0020000,Anderson County Sheriff's Office,KS,4333
KS0080500,Andover Police Department,KS,17555
KS0390100,Anthony Police Department,KS,2043
KS0190800,Arcadia Police Department,KS,257
KS0960700,Argonia Police Department,KS,445
KS0180100,Arkansas City Police Department,KS,11711
KS0190200,Arma Police Department,KS,1386
KS0850200,Assaria Police Department,KS,424
KS0030000,Atchison County Sheriff's Office,KS,5420
KS0030100,Atchison Police Department,KS,10800
KS0390200,Attica Police Department,KS,504
KS0770100,Atwood Police Department,KS,1207
KS0890700,Auburn Police Department,KS,1271
KS0080100,Augusta Police Department,KS,9069
KS0230300,Baldwin City Police Department,KS,5028
KS0040000,Barber County Sheriff's Office,KS,1478
KS0050000,Barton County Sheriff's Office,KS,5377
KS0520500,Basehor Police Department,KS,8287
KS0110300,Baxter Springs Police Department,KS,3835
KS0871800,Bel Aire Police Department,KS,10564
KS0960200,Belle Plaine Police Department,KS,1439
KS0790100,Belleville Police Department,KS,1970
KS0620100,Beloit Police Department,KS,3402
KS0872500,Bentley Police Department,KS,578
KS0080800,Benton Police Department,KS,927
KS0590200,Blue Rapids Police Department,KS,920
KS0462600,Blue Valley School District,KS,0
KS1050100,Bonner Springs Police Department,KS,7832
KS0060000,Bourbon County Sheriff's Office,KS,6868
KS0070000,Brown County Sheriff's Office,KS,4490
KS0290200,Bucklin Police Department,KS,690
KS0780600,Buhler Police Department,KS,1313
KS0180300,Burden Police Department,KS,505
KS0700200,Burlingame Police Department,KS,932
KS0160100,Burlington Police Department,KS,2587
KS0580600,Burns Police Department,KS,230
KS0400500,Burrton Police Department,KS,842
KS0800300,Bushton Police Department,KS,196
KS0081200,Butler Community College,KS,0
KS0080000,Butler County Sheriff's Office,KS,24377
KS0960400,Caldwell Police Department,KS,994
KS0630400,Caney Police Department,KS,1713
KS0570900,Canton Police Department,KS,659
KS0700300,Carbondale Police Department,KS,1295
KS0100200,Cedar Vale Police Department,KS,473
KS0670100,Chanute Police Department,KS,8487
KS0210300,Chapman Police Department,KS,1391
KS0090000,Chase County Sheriff's Office,KS,2489
KS0800600,Chase Police Department,KS,388
KS0100000,Chautauqua County Sheriff's Office,KS,1872
KS0870900,Cheney Police Department,KS,2173
KS0110000,Cherokee County Sheriff's Office,KS,9605
KS0190500,Cherokee Police Department,KS,597
KS0630300,Cherryvale Police Department,KS,2098
KS0500300,Chetopa Police Department,KS,899
KS0120000,Cheyenne County Sheriff's Office,KS,2653
KS0050400,Claflin Police Department,KS,539
KS0130000,Clark County Sheriff's Office,KS,1847
KS0140100,Clay Center Police Department,KS,4038
KS0140000,Clay County Sheriff's Office,KS,3053
KS0871000,Clearwater Police Department,KS,2706
KS0150000,Cloud County Sheriff's Office,KS,3759
KS0160000,Coffey County Sheriff's Office,KS,3793
KS0630100,Coffeyville Police Department,KS,8481
KS0970100,Colby Police Department,KS,5522
KS0170100,Coldwater Police Department,KS,688
KS0020200,Colony Police Department,KS,384
KS0110100,Columbus Police Department,KS,2869
KS0870700,Colwich Police Department,KS,1452
KS0170000,Comanche  County Sheriff's Office,KS,512
KS0150100,Concordia Police Department,KS,4887
KS0960500,Conway Springs Police Department,KS,1145
KS0640100,Council Grove Police Department,KS,2094
KS0180000,Cowley County Sheriff's Office,KS,9572
KS0190000,Crawford County Sheriff's Office,KS,9804
KS0200000,Decatur County Sheriff's Office,KS,1101
KS0720100,Delphos Police Department,KS,301
KS089045Y,Department of Labor Special Investigations Criminal Fraud Unit,KS,0
KS0870100,Derby Police Department,KS,26831
KS0210000,Dickinson County Sheriff's Office,KS,8651
KS0290100,Dodge City Police Department,KS,27645
KS0220000,Doniphan County Sheriff's Office,KS,3268
KS0230000,Douglas County Sheriff's Office,KS,13235
KS0870800,Eastborough Police Department,KS,740
KS0240000,Edwards County Sheriff's Office,KS,2692
KS1050300,Edwardsville Police Department,KS,4756
KS0080200,El Dorado Police Department,KS,12675
KS0081300,El Dorado School District,KS,0
KS0250000,Elk County Sheriff's Office,KS,1867
KS0650100,Elkhart Police Department,KS,1690
KS0050100,Ellinwood Police Department,KS,1960
KS0260000,Ellis County Sheriff's Office,KS,4739
KS0260200,Ellis Police Department,KS,1907
KS0270000,Ellsworth County Sheriff's Office,KS,1531
KS0270100,Ellsworth Police Department,KS,3128
KS0220100,Elwood Police Department,KS,1143
KS0560100,Emporia Police Department,KS,24419
KS0560200,Emporia State University,KS,0
KS0670200,Erie Police Department,KS,1031
KS0230400,Eudora Police Department,KS,6602
KS0460100,Fairway Police Department,KS,4158
KS0280000,Finney County Sheriff's Office,KS,8114
KS0580400,Florence Police Department,KS,379
KS0290000,Ford County Sheriff's Office,KS,4903
KS0260400,Fort Hays State University,KS,0
KS0060100,Fort Scott Police Department,KS,7570
KS0590300,Frankfort Police Department,KS,726
KS0300700,Franklin County Drug Enforcement,KS,0
KS0300000,Franklin County Sheriff's Office,KS,11634
KS1030100,Fredonia Police Department,KS,2054
KS0190400,Frontenac Police Department,KS,3419
KS0110200,Galena Police Department,KS,2770
KS0570300,Galva Police Department,KS,823
KS0280300,Garden City Community College,KS,0
KS0280100,Garden City Police Department,KS,27988
KS0871300,Garden Plain Police Department,KS,998
KS0461200,Gardner Police Department,KS,26479
KS0020100,Garnett Police Department,KS,3203
KS0310000,Geary County Sheriff's Office,KS,11651
KS0800400,Geneseo Police Department,KS,225
KS0190300,Girard Police Department,KS,2470
KS0871100,Goddard Police Department,KS,6250
KS0580500,Goessel Police Department,KS,551
KS0910100,Goodland Police Department,KS,4375
KS0320000,Gove County Sheriff's Office,KS,1722
KS0330000,Graham County Sheriff's Office,KS,991
KS0310200,Grandview Plaza Police Department,KS,1634
KS0340000,Grant County Sheriff's Office,KS,1501
KS0350000,Gray County Sheriff's Office,KS,4750
KS0050200,Great Bend Police Department,KS,14211
KS0360000,Greeley County Sheriff's Office,KS,1122
KS0490200,Greensburg Police Department,KS,732
KS0370000,Greenwood County Sheriff's Office,KS,5841
KS0400300,Halstead Police Department,KS,2137
KS0380000,Hamilton County Sheriff's Office,KS,2486
KS0390000,Harper County Sheriff's Office,KS,2850
KS0400000,Harvey County Sheriff's Office,KS,5428
KS0410000,Haskell County Sheriff's Office,KS,3548
KS0780300,Haven Police Department,KS,1168
KS0750600,Havensville Police Department,KS,132
KS0260100,Hays Police Department,KS,21228
KS0870200,Haysville Police Department,KS,11439
KS0210200,Herington Police Department,KS,2118
KS0400200,Hesston Police Department,KS,3478
KS0070100,Hiawatha Police Department,KS,3110
KS0220400,Highland Police Department,KS,935
KSKHP0800,Highway Patrol: Capitol,KS,0
KSKHPQ000,Highway Patrol: Headquarters,KS,0
KSKHP0100,Highway Patrol: Troop A,KS,0
KSKHP0200,Highway Patrol: Troop C,KS,0
KSKHP0300,Highway Patrol: Troop D,KS,0
KSKHP0600,Highway Patrol: Troop E,KS,0
KSKHP0500,Highway Patrol: Troop F,KS,0
KSKHP0700,Highway Patrol: Troop G,KS,0
KSKHP0400,Highway Patrol: Troop H,KS,0
KSKHP1100,Highway Patrol: Troop N,KS,0
KSKHP1000,Highway Patrol: Troop S,KS,0
KSKHP0900,Highway Patrol: Troop T,KS,0
KS0330100,Hill City Police Department,KS,1369
KS0580100,Hillsboro Police Department,KS,2659
KS0420000,Hodgeman County Sheriff's Office,KS,1656
KS0050300,Hoisington Police Department,KS,2587
KS0280200,Holcomb Police Department,KS,2242
KS0430100,Holton Police Department,KS,3427
KS0270400,Holyrood Police Department,KS,382
KS0070200,Horton Police Department,KS,1447
KS0250100,Howard Police Department,KS,559
KS0900100,Hoxie Police Department,KS,1170
KS0430200,Hoyt  Police Department,KS,597
KS0950100,Hugoton Police Department,KS,3543
KS0010100,Humboldt Police Department,KS,1810
KS0780100,Hutchinson Police Department,KS,39451
KS0630200,Independence Police Department,KS,8222
KS1051200,Independent School District: Kansas City,KS,0
KS0570800,Inman Police Department,KS,1325
KS0010200,Iola Police Department,KS,5287
KSDI05100,Iowa Tribal,KS,0
KS0430000,Jackson County Sheriff's Office,KS,9205
KS0440000,Jefferson County Sheriff's Office,KS,12162
KS0450000,Jewell County Sheriff's Office,KS,2890
KS0462700,Johnson County Community College,KS,0
KS0462000,Johnson County Park,KS,0
KS0460000,Johnson County Sheriff's Office,KS,22646
KS0310100,Junction City Police Department,KS,21835
KS0270300,Kanopolis Police Department,KS,429
KS0890500,Kansas Alcoholic Beverage Control,KS,0
KS0892700,Kansas Attorney General Criminal Investigation Unit,KS,0
KSKBI0000,Kansas Bureau of Investigation,KS,0
KS1050900,Kansas City Fire Department Fire Investigation Division,KS,0
KS1050700,Kansas City Kansas Community College,KS,0
KS1050200,Kansas City Police Department,KS,156815
KS0760200,Kansas Department of Wildlife and Parks,KS,0
KSKHP0000,Kansas Highway Patrol,KS,0
KS0891200,Kansas Lottery Security Division,KS,0
KS0891300,Kansas Racing Commission Security Division,KS,0
KS0961100,Kansas Racing and Gaming Commission Law Enforcement,KS,0
KS0290500,Kansas Racing and Gaming Commission: Boothill Casino,KS,0
KS0872900,Kansas Racing and Gaming Commission: Gilley's Park City,KS,0
KS1051100,Kansas Racing and Gaming Commission: Hollywood Casino,KS,0
KS0191200,Kansas Racing and Gaming Commission: Kansas Crossing Casino,KS,0
KS089280X,"Kansas State Gaming Agency, Enforcement Division",KS,0
KS0810200,Kansas State University,KS,0
KS0470000,Kearny County Sheriff's Office,KS,3769
KS0872100,Kechi Police Department,KS,2425
KSDI05000,Kickapoo Tribal,KS,0
KS0480000,Kingman County Sheriff's Office,KS,4014
KS0480100,Kingman Police Department,KS,2814
KS0490000,Kiowa County Sheriff's Office,KS,1699
KS0040100,Kiowa Police Department,KS,864
KS0540300,La Cygne Police Department,KS,1014
KS0010400,La Harpe Police Department,KS,489
KS0500000,Labette County Sheriff's Office,KS,6743
KS0462400,Lake Quivira Police Department,KS,1005
KS0510000,Lane County Sheriff's Office,KS,1460
KS0520300,Lansing Police Department,KS,11336
KS0730100,Larned Police Department,KS,3557
KS0230100,Lawrence Police Department,KS,97863
KS0160500,Le Roy Police Department,KS,445
KS0520000,Leavenworth County Sheriff's Office,KS,21939
KS0520100,Leavenworth Police Department,KS,37383
KS0460200,Leawood Police Department,KS,34047
KS0160300,Lebo Police Department,KS,887
KS0461000,Lenexa Police Department,KS,59913
KS0080700,Leon Police Department,KS,647
KS0880100,Liberal Police Department,KS,19048
KS0530000,Lincoln County Sheriff's Office,KS,2922
KS0570200,Lindsborg Police Department,KS,3850
KS0540000,Linn County Sheriff's Office,KS,5916
KS0540500,Linn Valley Police Department,KS,1153
KS0800500,Little River Police Department,KS,466
KS0550000,Logan County Sheriff's Office,KS,743
KS0610300,Louisburg Police Department,KS,5342
KS0700400,Lyndon Police Department,KS,1037
KS0560000,Lyon County Sheriff's Office,KS,7404
KS0800100,Lyons Police Department,KS,3475
KS0930300,Macksville Police Department,KS,451
KS0871500,Maize Police Department,KS,7411
KS0580000,Marion County Sheriff's Office,KS,5022
KS0580200,Marion Police Department,KS,1882
KS0570600,Marquette Police Department,KS,595
KS0590000,Marshall County Sheriff's Office,KS,4216
KS0590100,Marysville Police Department,KS,3416
KS0430400,Mayetta Police Department,KS,361
KS0440400,McLouth Police Department,KS,833
KS0570000,McPherson County Sheriff's Office,KS,7071
KS0570100,McPherson Police Department,KS,14067
KS0600000,Meade County Sheriff's Office,KS,2428
KS0600100,Meade Police Department,KS,1421
KS0040200,Medicine Lodge Police Department,KS,1694
KS0700800,Melvern Police Department,KS,343
KS0440300,Meriden Police Department,KS,713
KS0460300,Merriam Police Department,KS,11679
KS0890600,Metropolitan Topeka Airport Authority,KS,0
KS0610000,Miami County Sheriff's Office,KS,16654
KS0720200,Minneapolis Police Department,KS,1939
KS0461300,Mission Hills Police Department,KS,3504
KS0460400,Mission Police Department,KS,10031
KS0462200,Mission Woods Police Department,KS,198
KS0620000,Mitchell County Sheriff's Office,KS,2403
KS0350300,Montezuma Police Department,KS,1000
KS0630000,Montgomery County Sheriff's Office,KS,9696
KS0010300,Moran Police Department,KS,462
KS0640000,Morris County Sheriff's Office,KS,3160
KS0650000,Morton County Sheriff's Office,KS,743
KS0540100,Mound City Police Department,KS,638
KS0570400,Moundridge Police Department,KS,1964
KS0871400,Mount Hope Police Department,KS,803
KS0190900,Mulberry Police Department,KS,411
KS0960300,Mulvane Police Department,KS,7208
KS0660000,Nemaha County Sheriff's Office,KS,5411
KS1030200,Neodesha Police Department,KS,2197
KS0670000,Neosho County Sheriff's Office,KS,5938
KS0680000,Ness County Sheriff's Office,KS,2600
KS0400100,Newton Police Department,KS,18257
KS0400600,North Newton Police Department,KS,1794
KS0690000,Norton County Sheriff's Office,KS,2639
KS0690100,Norton Police Department,KS,2664
KS0440500,Nortonville Police Department,KS,582
KS0550100,Oakley Police Department,KS,1987
KS0200100,Oberlin Police Department,KS,1606
KS0460500,Olathe Police Department,KS,150965
KS0750500,Onaga Police Department,KS,681
KS0700100,Osage City Police Department,KS,2785
KS0700000,Osage County Sheriff's Office,KS,7705
KS0610200,Osawatomie Police Department,KS,4188
KS0710000,Osborne County Sheriff's Office,KS,2056
KS0710100,Osborne Police Department,KS,1262
KS0440600,Oskaloosa Police Department,KS,1067
KS0500200,Oswego Police Department,KS,1616
KS0720000,Ottawa County Sheriff's Office,KS,3640
KS0300100,Ottawa Police Department,KS,12758
KS0700500,Overbrook Police Department,KS,991
KS0460600,Overland Park Police Department,KS,204173
KS0960600,Oxford Police Department,KS,1035
KS0440900,Ozawkie Police Department,KS,620
KS0610100,Paola Police Department,KS,5855
KS0871600,Park City Police Department,KS,9296
KS0500100,Parsons Police Department,KS,9265
KS0730000,Pawnee County Sheriff's Office,KS,2393
KS0580300,Peabody Police Department,KS,911
KS0440800,Perry Police Department,KS,845
KS0740000,Phillips County Sheriff's Office,KS,4675
KS0190100,Pittsburg Police Department,KS,20525
KS0190700,Pittsburg State University,KS,0
KS0820100,Plainville Police Department,KS,1682
KS0540200,Pleasanton Police Department,KS,1178
KSDI00200,Potawatomi Tribal,KS,0
KS0750000,Pottawatomie County Sheriff's Office,KS,17560
KS0460700,Prairie Village Police Department,KS,22909
KS0760000,Pratt County Sheriff's Office,KS,2544
KS0760100,Pratt Police Department,KS,6587
KS0170200,Protection Police Department,KS,496
KS0320100,Quinter Police Department,KS,915
KS0770000,Rawlins County Sheriff's Office,KS,1190
KS0780900,Reno County Drug Enforcement Unit,KS,0
KS0780000,Reno County Sheriff's Office,KS,16829
KS0790000,Republic County Sheriff's Office,KS,2625
KS0800000,Rice County Sheriff's Office,KS,2178
KS0810000,Riley County Police Department,KS,72652
KS0460800,Roeland Park Police Department,KS,6646
KS0820000,Rooks County Sheriff's Office,KS,3029
KS0080600,Rose Hill Police Department,KS,4316
KS0890200,Rossville Police Department,KS,1085
KS0830000,Rush County Sheriff's Office,KS,2776
KS0840000,Russell County Sheriff's Office,KS,2294
KS0840100,Russell Police Department,KS,4309
KS0660100,Sabetha Police Department,KS,2461
KSDI05200,Sac and Fox Tribal,KS,0
KS0850100,Salina Police Department,KS,45928
KS0850000,Saline County Sheriff's Office,KS,6880
KS0860100,Scott City Police Department,KS,3886
KS0860000,Scott County Sheriff's Office,KS,972
KS0700600,Scranton Police Department,KS,638
KS0891000,Securities Office Investigation Section,KS,0
KS0100100,Sedan Police Department,KS,982
KS0870000,Sedgwick County Sheriff's Office,KS,38502
KS0400400,Sedgwick Police Department,KS,1578
KS0871900,Sedwick County Fire Department Arson Investigation,KS,0
KS0660200,Seneca Police Department,KS,2141
KS0880000,Seward County Sheriff's Office,KS,2073
KS0890000,Shawnee County Sheriff's Office,KS,48754
KS0462500,Shawnee Mission Public Schools,KS,0
KS0460900,Shawnee Police Department,KS,70311
KS0900000,Sheridan County Sheriff's Office,KS,1215
KS0910000,Sherman County Sheriff's Office,KS,1391
KS0890300,Silver Lake Police Department,KS,1305
KS0920100,Smith Center Police Department,KS,1568
KS0920000,Smith County Sheriff's Office,KS,1967
KS0780200,South Hutchinson Police Department,KS,2501
KS0290300,Spearville Police Department,KS,777
KS0461700,Spring Hill Police Department,KS,10632
KS0750400,St. George Police Department,KS,1173
KS0930200,St. John Police Department,KS,1161
KS0750100,St. Marys Police Department,KS,2790
KS0930000,Stafford County Sheriff's Office,KS,1339
KS0930100,Stafford Police Department,KS,911
KS0940000,Stanton County Sheriff's Office,KS,2067
KS0890400,State Fire Marshal,KS,0
KS0800200,Sterling Police Department,KS,2325
KS0950000,Stevens County Sheriff's Office,KS,1438
KS0960000,Sumner County Sheriff's Office,KS,8685
KS0970000,Thomas County Sheriff's Office,KS,2198
KS0520200,Tonganoxie Police Department,KS,6357
KS0890900,Topeka Fire Department Arson Investigation,KS,0
KS0890100,Topeka Police Department,KS,125228
KS0980000,Trego County Sheriff's Office,KS,1004
KS0220200,Troy Police Department,KS,987
KS0180400,Udall Police Department,KS,636
KS0340100,Ulysses Police Department,KS,5536
KS0892000,Unified School District: Auburn-Washburn,KS,0
KS0081000,Unified School District: Bluestem,KS,0
KS0100400,Unified School District: Chautauqua,KS,0
KS0872400,Unified School District: Goddard,KS,0
KS0781100,Unified School District: Nickerson/South Hutchinson,KS,0
KS0891700,Unified School District: Seaman,KS,0
KS0891900,Unified School District: Shawnee Heights,KS,0
KS0230200,University of Kansas: Main Campus,KS,0
KS1050400,University of Kansas: Medical Center,KS,0
KS0870500,Valley Center Police Department,KS,7429
KS0440200,Valley Falls Police Department,KS,1060
KS0260300,Victoria Police Department,KS,1129
KS0980100,WaKeeney Police Department,KS,1761
KS0990000,Wabaunsee County Sheriff's Office,KS,5905
KS0140200,Wakefield Police Department,KS,834
KS1000000,Wallace County Sheriff's Office,KS,1461
KS0400700,Walton Police Department,KS,217
KS0750200,Wamego Police Department,KS,4900
KS0891800,Washburn University,KS,0
KS1010000,Washington County Sheriff's Office,KS,5581
KS0590400,Waterville Police Department,KS,648
KS0220300,Wathena Police Department,KS,1264
KS0160400,Waverly Police Department,KS,569
KS0960100,Wellington Police Department,KS,7531
KS0300200,Wellsville Police Department,KS,1930
KS0462300,Westwood Hills Police Department,KS,394
KS0461100,Westwood Police Department,KS,1712
KS1020000,Wichita County Sheriff's Office,KS,2052
KS0870300,Wichita Police Department,KS,401730
KS0870600,Wichita State University,KS,0
KS1030000,Wilson County Sheriff's Office,KS,4096
KS0270200,Wilson Police Department,KS,829
KS0440700,Winchester Police Department,KS,441
KS0180200,Winfield Police Department,KS,11655
KS1040000,Woodson County Sheriff's Office,KS,1804
KS1050000,Wyandotte County Sheriff's Office,KS,0
KS1040100,Yates Center Police Department,KS,1308
KY0010000,Adair County Sheriff's Office,KY,14670
KY0710300,Adairville Police Department,KY,890
KY0270100,Albany Police Department,KY,1741
KY0371400,Alcohol Beverage Control: Enforcement Division,KY,0
KY0566100,Alcohol Beverage Control: Investigative Division,KY,0
KY0190700,Alexandria Police Department,KY,10934
KY0020000,Allen County Sheriff's Office,KY,17760
KY0360500,Allen Police Department,KY,164
KY0560500,Anchorage Police Department,KY,2548
KY0030000,Anderson County Sheriff's Office,KY,12818
KY0630600,Appalachia HIDTA,KY,0
KY0100100,Ashland Police Department,KY,20937
KY037015A,Attorney General,KY,0
KY0710200,Auburn Police Department,KY,1696
KY0561900,Audubon Park Police Department,KY,1452
KY0120100,Augusta Police Department,KY,1102
KY0040000,Ballard County Sheriff's Office,KY,7600
KY0565300,Bancroft Police Department,KY,517
KY0610100,Barbourville Police Department,KY,3048
KY0900100,Bardstown Police Department,KY,14238
KY0900700,Bardstown Schools,KY,0
KY0200100,Bardwell Police Department,KY,708
KY0051100,Barren County Drug Task Force,KY,0
KY0050000,Barren County Sheriff's Office,KY,27978
KY0060000,Bath County Sheriff's Office,KY,11414
KY0650100,Beattyville Police Department,KY,2114
KY0920200,Beaver Dam Police Department,KY,3535
KY0071000,Bell County School District,KY,0
KY0070000,Bell County Sheriff's Office,KY,12477
KY0451000,Bellefonte Police Department,KY,876
KY0190100,Bellevue Police Department,KY,5786
KY0480600,Benham Police Department,KY,456
KY0790100,Benton Police Department,KY,4717
KY0760100,Berea Police Department,KY,16656
KY0900200,Bloomfield Police Department,KY,1003
KY0491000,Bluegrass Narcotics Task Force,KY,0
KY0080000,Boone County Sheriff's Office,KY,111845
KY0950100,Booneville Police Department,KY,157
KY0090800,Bourbon County Schools,KY,0
KY0090000,Bourbon County Sheriff's Office,KY,9418
KY1141100,"Bowling Green Fire Department, Arson Investigation",KY,0
KY1140100,Bowling Green Police Department,KY,80821
KY0100000,Boyd County Sheriff's Office,KY,24993
KY0110000,Boyle County Sheriff's Office,KY,10772
KY0120000,Bracken County Sheriff's Office,KY,6748
KY0820100,Brandenburg Police Department,KY,2992
KY0130000,Breathitt County Sheriff's Office,KY,10513
KY0140000,Breckinridge County Sheriff's Office,KY,16358
KY1020300,Brodhead Police Department,KY,1110
KY0120200,Brooksville Police Department,KY,665
KY0310100,Brownsville Police Department,KY,899
KY0151300,Bullitt County Public Schools,KY,0
KY0150000,Bullitt County Sheriff's Office,KY,38931
KY0840900,Burgin Independent School District,KY,0
KY0840200,Burgin Police Department,KY,1026
KY0290100,Burkesville Police Department,KY,1392
KY1000200,Burnside Police Department,KY,721
KY0160000,Butler County Sheriff's Office,KY,10089
KY0960200,Butler Police Department,KY,637
KY118039P,CSX Railroad,KY,0
KY1110100,Cadiz Police Department,KY,2792
KY0170000,Caldwell County Sheriff's Office,KY,6384
KY0180000,Calloway County Sheriff's Office,KY,20536
KY0790200,Calvert City Police Department,KY,2517
KY0190200,Campbell County Police Department,KY,21369
KY0190000,Campbell County Sheriff's Office,KY,0
KY0520400,Campbellsburg Police Department,KY,872
KY1091100,Campbellsville Independent Public Schools,KY,0
KY1090100,Campbellsville Police Department,KY,11919
KY0430200,Caneyville Police Department,KY,538
KY0200000,Carlisle County Sheriff's Office,KY,4059
KY0910100,Carlisle Police Department,KY,2165
KY0210000,Carroll County Sheriff's Office,KY,7204
KY0210100,Carrollton Police Department,KY,3971
KY0220900,Carter County School District,KY,0
KY0220000,Carter County Sheriff's Office,KY,20766
KY0230000,Casey County Sheriff's Office,KY,13953
KY0100200,Catlettsburg Police Department,KY,1715
KY0050200,Cave City Police Department,KY,2403
KY0890200,Central City Police Department,KY,5735
KY0241500,Christian County Schools,KY,0
KY0240000,Christian County Sheriff's Office,KY,30955
KY0080500,Cincinnati-Northern Kentucky International Airport,KY,0
KY0250400,Clark County School System,KY,0
KY0250000,Clark County Sheriff's Office,KY,18340
KY0430300,Clarkson Police Department,KY,974
KY0990200,Clay City Police Department,KY,1173
KY0260200,Clay County Schools,KY,0
KY0260000,Clay County Sheriff's Office,KY,17995
KY1170300,Clay Police Department,KY,999
KY0270200,Clinton County Schools,KY,0
KY0270000,Clinton County Sheriff's Office,KY,7426
KY0530100,Clinton Police Department,KY,1171
KY0140200,Cloverport Police Department,KY,1150
KY0980500,Coal Run Village Police Department,KY,1580
KY0190900,Cold Spring Police Department,KY,6569
KY0010100,Columbia Police Department,KY,4650
KY1180300,Corbin Independent School Police,KY,0
KY1180100,Corbin Police Department,KY,7908
KY0590100,Covington Police Department,KY,41781
KY0690300,Crab Orchard Police Department,KY,761
KY0280000,Crittenden County Sheriff's Office,KY,6106
KY0290000,Cumberland County Sheriff's Office,KY,4700
KY0480100,Cumberland Police Department,KY,1752
KY0490100,Cynthiana Police Department,KY,6612
KY0110100,Danville Police Department,KY,17623
KY0300700,Daviess County Public Schools,KY,0
KY0300000,Daviess County Sheriff's Office,KY,43894
KY0540200,Dawson Springs Police Department,KY,2209
KY0190300,Dayton Police Department,KY,5903
KY0371800,Department of Agriculture Animal Health Enforcement Division,KY,0
KY037035Y,Department of Insurance Fraud Unit,KY,0
KY0410200,Dry Ridge Police Department,KY,2217
KY0760300,Eastern Kentucky University,KY,0
KY0720200,Eddyville Police Department,KY,2332
KY0591700,Edgewood Police Department,KY,8547
KY0310000,Edmonson County Sheriff's Office,KY,11854
KY0850100,Edmonton Police Department,KY,1712
KY0470100,Elizabethtown Police Department,KY,35407
KY0980200,Elkhorn City Police Department,KY,965
KY1100100,Elkton Police Department,KY,2402
KY0320000,Elliott County Sheriff's Office,KY,7241
KY0590200,Elsmere Police Department,KY,9380
KY0520200,Eminence Police Department,KY,2806
KY0590300,Erlanger Police Department,KY,20295
KY0330700,Estill County Schools,KY,0
KY0330000,Estill County Sheriff's Office,KY,11135
KY1000300,Eubank Police Department,KY,335
KY0480500,Evarts Police Department,KY,591
KY0960100,Falmouth Police Department,KY,2204
KY0340400,Fayette County Schools,KY,0
KY0340000,Fayette County Sheriff's Office,KY,0
KY1000500,Ferguson Police Department,KY,866
KY0371200,Fish and Wildlife Enforcement,KY,0
KY0450100,Flatwoods Police Department,KY,7237
KY0350000,Fleming County Sheriff's Office,KY,12694
KY0670300,Fleming-Neon Police Department,KY,538
KY0350100,Flemingsburg Police Department,KY,3015
KY0080200,Florence Police Department,KY,34194
KY0360000,Floyd County Sheriff's Office,KY,28285
KY0370800,Forestry Enforcement,KY,0
KY0591300,Fort Mitchell Police Department,KY,8781
KY0190400,Fort Thomas Police Department,KY,16790
KY0590400,Fort Wright Police Department,KY,6174
KY0860300,Fountain Run Police Department,KY,219
KY0370100,Frankfort Police Department,KY,28610
KY0370000,Franklin County Sheriff's Office,KY,24017
KY1070100,Franklin Police Department,KY,10605
KY0380000,Fulton County Sheriff's Office,KY,1714
KY0380100,Fulton Police Department,KY,2246
KY0390000,Gallatin County Sheriff's Office,KY,7074
KY0400000,Garrard County Sheriff's Office,KY,14181
KY0870600,Gateway Area Drug Task Force,KY,0
KY1050100,Georgetown Police Department,KY,41231
KY0050100,Glasgow Police Department,KY,15482
KY0410000,Grant County Sheriff's Office,KY,19684
KY0420700,Graves County Schools,KY,0
KY0420000,Graves County Sheriff's Office,KY,27111
KY0430000,Grayson County Sheriff's Office,KY,18774
KY0220100,Grayson Police Department,KY,3670
KY0471500,Greater Hardin County Narcotics Task Force,KY,0
KY0440000,Green County Sheriff's Office,KY,9393
KY0440100,Greensburg Police Department,KY,2261
KY0450800,Greenup County Schools,KY,0
KY0450000,Greenup County Sheriff's Office,KY,17535
KY0450200,Greenup Police Department,KY,1071
KY0890100,Greenville Police Department,KY,4322
KY1100300,Guthrie Police Department,KY,1369
KY0460000,Hancock County Sheriff's Office,KY,6241
KY0470000,Hardin County Sheriff's Office,KY,47318
KY0140100,Hardinsburg Police Department,KY,2511
KY0481300,Harlan County Schools,KY,0
KY0480000,Harlan County Sheriff's Office,KY,18864
KY0481400,Harlan Independent School District,KY,0
KY0480200,Harlan Police Department,KY,1796
KY0490000,Harrison County Sheriff's Office,KY,13109
KY0840100,Harrodsburg Police Department,KY,9573
KY0500000,Hart County Sheriff's Office,KY,16059
KY0920100,Hartford Police Department,KY,2649
KY0460100,Hawesville Police Department,KY,1009
KY0970100,Hazard Police Department,KY,4706
KY0510000,Henderson County Sheriff's Office,KY,16373
KY0510100,Henderson Police Department,KY,27655
KY0520000,Henry County Sheriff's Office,KY,12640
KY0561800,Heritage Creek Police Department,KY,1249
KY0530200,Hickman County Schools,KY,0
KY0530000,Hickman County Sheriff's Office,KY,3187
KY0380200,Hickman Police Department,KY,2263
KY0190500,Highland Heights  Police Department,KY,6210
KY0150500,Hillview Police Department,KY,9042
KY0620100,Hodgenville Police Department,KY,3387
KY0540000,Hopkins County Sheriff's Office,KY,23480
KY0240100,Hopkinsville Police Department,KY,30709
KY0500100,Horse Cave Police Department,KY,2283
KY0566400,Hurstbourne Acres Police Department,KY,2017
KY0690200,Hustonville Police Department,KY,398
KY0660100,Hyden Police Department,KY,274
KY0591900,Independence Police Department,KY,30559
KY0564400,Indian Hills Police Department,KY,2945
KY0330100,Irvine Police Department,KY,2269
KY0140300,Irvington Police Department,KY,1390
KY0550000,Jackson County Sheriff's Office,KY,12617
KY0130100,Jackson Police Department,KY,2069
KY1040100,Jamestown Police Department,KY,1891
KY0565200,Jefferson County School District,KY,0
KY0560000,Jefferson County Sheriff's Office,KY,0
KY0561000,Jeffersontown Police Department,KY,29418
KY0671000,Jenkins Independent School,KY,0
KY0670200,Jenkins Police Department,KY,1724
KY0570000,Jessamine County Sheriff's Office,KY,16966
KY0580600,Johnson County Schools,KY,0
KY0580000,Johnson County Sheriff's Office,KY,17866
KY0110200,Junction City Police Department,KY,2342
KY0590500,Kenton County Police Department,KY,21816
KY0590000,Kenton County Sheriff's Office,KY,0
KY0561700,Kentucky Fairgrounds Security,KY,0
KY0340800,Kentucky Horse Park,KY,0
KY0370300,Kentucky State Park Rangers Division,KY,0
KY0370500,Kentucky State University,KY,0
KY0600500,Knott County Police Department,KY,0
KY0600000,Knott County Sheriff's Office,KY,12637
KY0610000,Knox County Sheriff's Office,KY,24628
KY0930100,La Grange Police Department,KY,10663
KY0591000,Lakeside Park-Crestview Hills Police Department,KY,6218
KY0400100,Lancaster Police Department,KY,4129
KY0620000,Larue County Sheriff's Office,KY,11797
KY0630900,Laurel County Public Schools,KY,0
KY0630000,Laurel County Sheriff's Office,KY,55902
KY0640000,Lawrence County Sheriff's Office,KY,13195
KY0030100,Lawrenceburg Police Department,KY,12306
KY0150200,Lebanon Junction Police Department,KY,1835
KY0780100,Lebanon Police Department,KY,6627
KY0650600,Lee County Schools,KY,0
KY0650000,Lee County Sheriff's Office,KY,5183
KY0430100,Leitchfield Police Department,KY,6925
KY0660000,Leslie County Sheriff's Office,KY,9273
KY0671100,Letcher County Schools,KY,0
KY0670000,Letcher County Sheriff's Office,KY,15955
KY0680000,Lewis County Sheriff's Office,KY,11441
KY0710400,Lewisburg Police Department,KY,782
KY0460200,Lewisport Police Department,KY,1736
KY0340500,Lexington Bluegrass Airport,KY,0
KY0340200,Lexington Police Department,KY,330994
KY0230100,Liberty Police Department,KY,1993
KY0690000,Lincoln County Sheriff's Office,KY,20145
KY0700000,Livingston County Sheriff's Office,KY,8796
KY1020100,Livingston Police Department,KY,165
KY0710000,Logan County Sheriff's Office,KY,17835
KY0630100,London Police Department,KY,7573
KY0640100,Louisa Police Department,KY,2472
KY0568000,Louisville Metro Police Department,KY,691630
KY0568100,Louisville Parks Police,KY,0
KY0566900,Louisville Regional Airport Authority,KY,0
KY0480300,Loyall Police Department,KY,582
KY0590700,Ludlow Police Department,KY,4390
KY0480400,Lynch Police Department,KY,589
KY0565000,Lyndon Police Department,KY,11276
KY0720000,Lyon County Sheriff's Office,KY,6852
KY0761000,Madison County Public Schools,KY,0
KY0760000,Madison County Sheriff's Office,KY,43858
KY0540100,Madisonville Police Department,KY,19469
KY0770000,Magoffin County Sheriff's Office,KY,9516
KY0260100,Manchester Police Department,KY,1412
KY0780000,Marion County Sheriff's Office,KY,13278
KY0280100,Marion Police Department,KY,2866
KY0790000,Marshall County Sheriff's Office,KY,24495
KY0800800,Martin County Schools,KY,0
KY0800000,Martin County Sheriff's Office,KY,10556
KY0360300,Martin Police Department,KY,470
KY0810000,Mason County Sheriff's Office,KY,8226
KY0420100,Mayfield Police Department,KY,9763
KY0810100,Maysville Police Department,KY,8676
KY0730700,McCracken County Public Schools,KY,0
KY0730000,McCracken County Sheriff's Office,KY,40813
KY0741300,McCreary County Schools,KY,0
KY0740000,McCreary County Sheriff's Office,KY,16809
KY0550100,McKee Police Department,KY,834
KY0750000,McLean County Sheriff's Office,KY,9119
KY0820000,Meade County Sheriff's Office,KY,26529
KY0562300,Meadow Vale Police Department,KY,739
KY0830400,Menifee County Schools,KY,0
KY0830000,Menifee County Sheriff's Office,KY,6389
KY0840800,Mercer County Schools,KY,0
KY0840000,Mercer County Sheriff's Office,KY,13124
KY0850400,Metcalfe County Schools,KY,0
KY0850000,Metcalfe County Sheriff's Office,KY,8909
KY0071100,Middlesboro Independent Schools,KY,0
KY0070100,Middlesboro Police Department,KY,8791
KY0566700,Middletown Police Department,KY,9957
KY0090200,Millersburg Police Department,KY,746
KY0860000,Monroe County Sheriff's Office,KY,8674
KY0870200,Montgomery County School District,KY,0
KY0870000,Montgomery County Sheriff's Office,KY,21323
KY1160100,Monticello Police Department,KY,5719
KY1030100,Morehead Police Department,KY,6701
KY1030200,Morehead State University,KY,0
KY0880000,Morgan County Sheriff's Office,KY,11167
KY1130100,Morganfield Police Department,KY,3101
KY0160100,Morgantown Police Department,KY,2514
KY0370200,Motor Vehicle Enforcement,KY,0
KY1010100,Mount Olivet Police Department,KY,378
KY0870100,Mount Sterling Police Department,KY,7601
KY1020200,Mount Vernon Police Department,KY,2458
KY0150300,Mount Washington Police Department,KY,19052
KY0890000,Muhlenberg County Sheriff's Office,KY,19558
KY0820200,Muldraugh Police Department,KY,1010
KY0500200,Munfordville Police Department,KY,1730
KY0180100,Murray Police Department,KY,18769
KY0180200,Murray State University,KY,0
KY0900600,Nelson County Schools,KY,0
KY0900000,Nelson County Sheriff's Office,KY,33933
KY0190600,Newport Police Department,KY,13705
KY0910300,Nicholas County Schools,KY,0
KY0910000,Nicholas County Sheriff's Office,KY,5705
KY0570100,Nicholasville Police Department,KY,34067
KY056659E,Norfolk Southern Railway,KY,0
KY0100900,Northeast Kentucky Drug Task Force,KY,0
KY0592600,Northern Kentucky Drug Strike Force,KY,0
KY0191500,Northern Kentucky University,KY,0
KY0563800,Northfield Police Department,KY,1018
KY0240500,Oak Grove Police Department,KY,7983
KY0920000,Ohio County Sheriff's Office,KY,17784
KY0930400,Oldham County Police Department,KY,58810
KY0930000,Oldham County Sheriff's Office,KY,0
KY0220200,Olive Hill Police Department,KY,1521
KY0940000,Owen County Sheriff's Office,KY,9783
KY0300100,Owensboro Police Department,KY,60774
KY0940100,Owenton Police Department,KY,1680
KY0060100,Owingsville Police Department,KY,1589
KY0950000,Owsley County Sheriff's Office,KY,3744
KY0730900,Paducah Independent Schools,KY,0
KY0730100,Paducah Police Department,KY,26608
KY0580100,Paintsville Police Department,KY,4085
KY0090100,Paris Police Department,KY,10183
KY0590600,Park Hills Police Department,KY,3196
KY0240300,Pembroke Police Department,KY,894
KY0960000,Pendleton County Sheriff's Office,KY,12045
KY0240600,Pennyrile Narcotics Task Force,KY,0
KY0970000,Perry County Sheriff's Office,KY,21627
KY0110300,Perryville Police Department,KY,807
KY0930300,Pewee Valley Police Department,KY,1677
KY0980000,Pike County Sheriff's Office,KY,44848
KY0981100,Pikeville Independent Schools,KY,0
KY0980100,Pikeville Police Department,KY,7279
KY0070900,Pineville Independent Schools,KY,0
KY0070200,Pineville Police Department,KY,1544
KY0150600,Pioneer Village Police Department,KY,2787
KY0600200,Pippa Passes Police Department,KY,619
KY0890400,Powderly Police Department,KY,787
KY0990600,Powell County Schools,KY,0
KY0990000,Powell County Sheriff's Office,KY,8553
KY0360100,Prestonsburg Police Department,KY,3575
KY0170100,Princeton Police Department,KY,6214
KY0564500,Prospect Police Department,KY,4722
KY1170200,Providence Police Department,KY,2847
KY1001500,Pulaski County Schools,KY,0
KY1000000,Pulaski County Sheriff's Office,KY,52209
KY057099E,R.J. Corman Railroad,KY,0
KY0450300,Raceland Police Department,KY,2292
KY0470200,Radcliff Police Department,KY,22628
KY0330200,Ravenna Police Department,KY,552
KY0760200,Richmond Police Department,KY,40736
KY1010200,Robertson County Schools,KY,0
KY1010000,Robertson County Sheriff's Office,KY,2056
KY1020000,Rockcastle County Sheriff's Office,KY,12525
KY1030000,Rowan County Sheriff's Office,KY,17950
KY1040000,Russell County Sheriff's Office,KY,13846
KY0450500,Russell Police Department,KY,3614
KY1040200,Russell Springs Police Department,KY,2828
KY0710100,Russellville Police Department,KY,7492
KY1050300,Sadieville Police Department,KY,348
KY0770100,Salyersville Police Department,KY,1478
KY1000400,Science Hill Police Department,KY,662
KY1050000,Scott County Sheriff's Office,KY,20327
KY0020100,Scottsville Police Department,KY,4648
KY1170400,Sebree Police Department,KY,1520
KY1060000,Shelby County Sheriff's Office,KY,29198
KY1060100,Shelbyville Police Department,KY,18227
KY0150100,Shepherdsville Police Department,KY,14991
KY0560400,Shively Police Department,KY,15904
KY1070000,Simpson County Sheriff's Office,KY,9918
KY1060900,Simpsonville Police Department,KY,3151
KY1140300,Smiths Grove Police Department,KY,848
KY1000100,Somerset Police Department,KY,12493
KY0710900,South Central Kentucky Drug Task Force,KY,0
KY0450400,South Shore Police Department,KY,1036
KY0190800,Southgate Police Department,KY,3840
KY1080000,Spencer County Sheriff's Office,KY,19822
KY1150100,Springfield Police Department,KY,2999
KY0560300,St. Matthews Police Department,KY,17868
KY1050200,Stamping Ground Police Department,KY,848
KY0690100,Stanford Police Department,KY,3716
KY0990100,Stanton Police Department,KY,3153
KYKSP1400,State Police: Ashland,KY,0
KYKSP0300,State Police: Bowling Green,KY,0
KYKSP0500,State Police: Campbellsburg,KY,0
KYKSP2500,State Police: Cannabis Suppression Section,KY,0
KYKSP1500,State Police: Columbia,KY,0
KYKSP0600,State Police: Dry Ridge,KY,0
KYKSP3300,State Police: East Drug Enforcement Branch,KY,0
KYKSP3500,State Police: Electronic Crimes,KY,0
KYKSP0400,State Police: Elizabethtown,KY,0
KYKSP1200,State Police: Frankfort,KY,0
KYKSP1000,State Police: Harlan,KY,0
KYKSP1300,State Police: Hazard,KY,0
KYKSP0000,State Police: Headquarters,KY,0
KYKSP1600,State Police: Henderson,KY,0
KYKSP1100,State Police: London,KY,0
KYKSP0200,State Police: Madisonville,KY,0
KYKSP0100,State Police: Mayfield,KY,0
KYKSP0800,State Police: Morehead,KY,0
KYKSP0900,State Police: Pikeville,KY,0
KYKSP0700,State Police: Richmond,KY,0
KYKSP2900,State Police: Special Operations,KY,0
KYKSP2800,State Police: Vehicle Investigations,KY,0
KYKSP3200,State Police: West Drug Enforcement Branch,KY,0
KY0563600,Strathmoor Village Police Department,KY,692
KY1091000,Taylor County Schools,KY,0
KY1090000,Taylor County Sheriff's Office,KY,15084
KY0591100,Taylor Mill Police Department,KY,7176
KY1080100,Taylorsville Police Department,KY,1334
KY1100000,Todd County Sheriff's Office,KY,8765
KY0860100,Tompkinsville Police Department,KY,2225
KY034019P,Transylvania University,KY,0
KY1100400,Trenton Police Department,KY,335
KY1110000,Trigg County Sheriff's Office,KY,11881
KY1120000,Trimble County Sheriff's Office,KY,8619
KY1130000,Union County Sheriff's Office,KY,9071
KY1130300,Uniontown Police Department,KY,885
KY0340300,University of Kentucky,KY,0
KY0561500,University of Louisville,KY,0
KY1001200,Unlawful Narcotics Investigation Treatment and Education,KY,0
KY0680100,Vanceburg Police Department,KY,1374
KY1200100,Versailles Police Department,KY,27922
KY0591200,Villa Hills Police Department,KY,7881
KY0470300,Vine Grove Police Department,KY,7016
KY1140500,Warren County Drug Task Force,KY,0
KY1140000,Warren County Sheriff's Office,KY,69263
KY0390100,Warsaw Police Department,KY,1759
KY1150000,Washington County Sheriff's Office,KY,9322
KY0360400,Wayland Police Department,KY,353
KY1160000,Wayne County Sheriff's Office,KY,13921
KY1170000,Webster County Sheriff's Office,KY,7440
KY0560600,West Buechel Police Department,KY,1399
KY0880100,West Liberty Police Department,KY,3272
KY0470400,West Point Police Department,KY,899
KY1140200,Western Kentucky University,KY,0
KY0360200,Wheelwright Police Department,KY,1358
KY0670100,Whitesburg Police Department,KY,1592
KY1180800,Whitley County Police Department,KY,0
KY1180000,Whitley County Sheriff's Office,KY,25942
KY0191200,Wilder Police Department,KY,3071
KY1180200,Williamsburg Police Department,KY,5334
KY0410100,Williamstown Police Department,KY,3987
KY0570200,Wilmore Police Department,KY,6336
KY0250100,Winchester Police Department,KY,19472
KY1190000,Wolfe County Sheriff's Office,KY,6314
KY1140400,Woodburn Police Department,KY,338
KY1200900,Woodford County Public Schools,KY,0
KY1200000,Woodford County Sheriff's Office,KY,0
KY0561400,Woodlawn Park Police Department,KY,961
KY0450600,Worthington Police Department,KY,1441
LA0570100,Abbeville Police Department,LA,10837
LA0010000,Acadia Parish Sheriff's Office,LA,34485
LA0610300,Addis Police Department,LA,7739
LA0400100,Alexandria Police Department,LA,42654
LA0020000,Allen Parish Sheriff's Office,LA,12818
LA0530400,Amite Police Department,LA,4103
LA0490300,Arnaudville Police Department,LA,999
LA0030000,Ascension Parish Sheriff's Office,LA,121933
LA0040000,Assumption Parish Sheriff's Office,LA,19970
LA0050000,Avoyelles Parish Sheriff's Office,LA,25982
LA0170100,Baker Police Department,LA,12074
LA0510500,Baldwin Police Department,LA,1645
LA0401000,Ball Police Department,LA,3765
LA0200100,Basile Police Department,LA,1181
LA0340100,Bastrop Police Department,LA,8758
LA0170200,Baton Rouge Police Department,LA,219587
LA0060000,Beauregard Parish Sheriff's Office,LA,27031
LA0080200,Benton Police Department,LA,2111
LA0560200,Bernice Police Department,LA,1291
LA0510100,Berwick Police Department,LA,4435
LA0070000,Bienville Parish Sheriff's Office,LA,12377
LA0090400,Blanchard Police Department,LA,3329
LA0590100,Bogalusa Police Department,LA,10305
LA0080100,Bossier City Police Department,LA,63346
LA0080000,Bossier Parish Sheriff's Office,LA,58889
LA0500100,Breaux Bridge Police Department,LA,7608
LA0280100,Broussard Police Department,LA,15790
LA0610200,Brusly Police Department,LA,2595
LA0050100,Bunkie Police Department,LA,3145
LA0090000,Caddo Parish Sheriff's Office,LA,45681
LA0100000,Calcasieu Parish Sheriff's Office,LA,91876
LA0110000,Caldwell Parish Sheriff's Office,LA,9405
LA0120000,Cameron Parish Sheriff's Office,LA,4502
LA0280200,Carencro Police Department,LA,13973
LA0130000,Catahoula Parish Sheriff's Office,LA,8202
LA0173400,Central Police Department,LA,30312
LA0200600,Chataignier Police Department,LA,259
LA0510600,Chitimacha Tribal,LA,0
LA0010300,Church Point Police Department,LA,3997
LA0140000,Claiborne Parish Sheriff's Office,LA,11616
LA0190100,Clinton Police Department,LA,1288
LA0150000,Concordia Parish Sheriff's Office,LA,10922
LA0050400,Cottonport Police Department,LA,1932
LA0410100,Coushatta Police Department,LA,1614
LADI00600,Coushatta Tribal,LA,0
LA0520100,Covington Police Department,LA,11716
LA0010100,Crowley Police Department,LA,11103
LA0600400,Cullen Police Department,LA,670
LA0100100,De Quincy Police Department,LA,2813
LA0060100,De Ridder Police Department,LA,9429
LA0160000,De Soto Parish Sheriff's Office,LA,23074
LA0360200,Delgado Community College,LA,0
LA0320100,Denham Springs Police Department,LA,9325
LA0171100,Department of Public Safety State Capitol Detail,LA,0
LA036219E,Dillard University,LA,0
LA0600800,Dixie Inn Police Department,LA,274
LA0170000,East Baton Rouge Parish Sheriff's Office,LA,172971
LA0180000,East Carroll Parish Sheriff's Office,LA,3665
LA0190000,East Feliciana Parish Sheriff's Office,LA,17250
LA0570400,Erath Police Department,LA,1940
LA0490100,Eunice Police Department,LA,8961
LA0200000,Evangeline Parish Sheriff's Office,LA,21498
LA0050800,Evergreen Police Department,LA,206
LA0560100,Farmerville Police Department,LA,3356
LA0150100,Ferriday Police Department,LA,2949
LA0430700,Fisher Police Department,LA,187
LA0430500,Florien Police Department,LA,541
LA0520700,Folsom Police Department,LA,843
LA0210000,Franklin Parish Sheriff's Office,LA,19094
LA0510200,Franklin Police Department,LA,6191
LA0590200,Franklinton Police Department,LA,3581
LA0290100,Golden Meadow Police Department,LA,1606
LA0030200,Gonzales Police Department,LA,14258
LA0310300,Grambling Police Department,LA,5263
LA0310600,Grambling State University,LA,0
LA0470200,Gramercy Police Department,LA,2672
LA0220000,Grant Parish Sheriff's Office,LA,22257
LA0460100,Greensburg Police Department,LA,622
LA0091000,Greenwood Police Department,LA,3075
LA0260100,Gretna Police Department,LA,17044
LA0530100,Hammond Police Department,LA,24460
LA0260200,Harahan Police Department,LA,8751
LA0080400,Haughton Police Department,LA,4589
LA0140100,Haynesville Police Department,LA,1878
LA0600900,Heflin Police Department,LA,204
LA0550100,Houma Police Department,LA,31268
LA0230000,Iberia Parish Sheriff's Office,LA,36430
LA0240000,Iberville Parish Sheriff's Office,LA,14785
LA0090800,Ida Police Department,LA,206
LA0530500,Independence Police Department,LA,1657
LA0100700,Iowa Police Department,LA,3087
LA0250000,Jackson Parish Sheriff's Office,LA,14853
LA0260600,Jean Lafitte Police Department,LA,1817
LA0230200,Jeanerette Police Department,LA,4499
LA0270000,Jefferson Davis Parish Sheriff's Office,LA,16497
LA0260000,Jefferson Parish Sheriff's Office,LA,327213
LA0300100,Jena Police Department,LA,4124
LA0270200,Jennings Police Department,LA,9155
LA0570200,Kaplan Police Department,LA,4123
LA0260300,Kenner Police Department,LA,64250
LA0530200,Kentwood Police Department,LA,2205
LA0020100,Kinder Police Department,LA,2075
LA0490800,Krotz Springs Police Department,LA,869
LA0300000,La Salle Parish Sheriff's Office,LA,9358
LA0280000,Lafayette Parish Sheriff's Office,LA,77451
LA0280300,Lafayette Police Department,LA,122489
LA0290000,Lafourche Parish Sheriff's Office,LA,78411
LA0270300,Lake Arthur Police Department,LA,2557
LA0100200,Lake Charles Police Department,LA,80280
LA0180100,Lake Providence Police Department,LA,3156
LA0580100,Leesville Police Department,LA,5262
LA0310000,Lincoln Parish Sheriff's Office,LA,20935
LA0320000,Livingston Parish Sheriff's Office,LA,138874
LA0320200,Livingston Police Department,LA,2007
LA0170400,Louisiana State University: Baton Rouge,LA,0
LA0491300,Louisiana State University: Eunice,LA,0
LA0361700,"Louisiana State University: Health Sciences Center, New Orleans",LA,0
LA0080500,"Louisiana State University: Health Sciences Center, Shreveport",LA,0
LA0080600,Louisiana State University: Shreveport,LA,0
LA0310700,Louisiana Tech University,LA,0
LA0470100,Lutcher Police Department,LA,2826
LA0330000,Madison Parish Sheriff's Office,LA,3420
LA0200200,Mamou Police Department,LA,2790
LA0520300,Mandeville Police Department,LA,13010
LA0160100,Mansfield Police Department,LA,4503
LA0430100,Many Police Department,LA,2448
LA0560400,Marion Police Department,LA,596
LA0050200,Marksville Police Department,LA,4744
LA0100800,McNeese State University,LA,0
LA0490700,Melville Police Department,LA,736
LA0060200,Merryville Police Department,LA,943
LA0600100,Minden Police Department,LA,11034
LA0370100,Monroe Police Department,LA,46376
LA0460200,Montpelier Police Department,LA,196
LA0050600,Moreauville Police Department,LA,928
LA0340000,Morehouse Parish Sheriff's Office,LA,14795
LA0510300,Morgan City Police Department,LA,10669
LA0350000,Natchitoches Parish Sheriff's Office,LA,18950
LA0350100,Natchitoches Police Department,LA,16943
LA0230300,New Iberia Police Department,LA,26474
LA0580200,New Llano Police Department,LA,2029
LANPD0000,New Orleans Police Department,LA,360272
LA0390100,New Roads Police Department,LA,4237
LA0290600,Nicholls State University,LA,0
LA0351000,Northwestern State University,LA,0
LA0190500,Norwood Police Department,LA,267
LA0620100,Oak Grove Police Department,LA,1330
LA0020200,Oakdale Police Department,LA,6446
LA0020300,Oberlin Police Department,LA,1277
LA0300200,Olla Police Department,LA,1293
LA0490200,Opelousas Police Department,LA,15031
LA0370000,Ouachita Parish Sheriff's Office,LA,97012
LA0510400,Patterson Police Department,LA,5543
LA0520500,Pearl River Police Department,LA,2675
LA0400200,Pineville Police Department,LA,13864
LA0080300,Plain Dealing Police Department,LA,872
LA0240200,Plaquemine Police Department,LA,5927
LA0380000,Plaquemines Parish Sheriff's Office,LA,22164
LA0390000,Pointe Coupee Parish Sheriff's Office,LA,15547
LA0530300,Ponchatoula Police Department,LA,7712
LA0610100,Port Allen Police Department,LA,5005
LA0490600,Port Barre Police Department,LA,1737
LA0400000,Rapides Parish Sheriff's Office,LA,63837
LA0010200,Rayne Police Department,LA,6920
LA0420200,Rayville Police Department,LA,3160
LA0410000,Red River Parish Sheriff's Office,LA,5591
LA0420000,Richland Parish Sheriff's Office,LA,16527
LA0240500,Rosedale Police Department,LA,639
LA0530600,Roseland Police Department,LA,895
LA0580300,Rosepine Police Department,LA,1428
LA0310200,Ruston Police Department,LA,22374
LA0430000,Sabine Parish Sheriff's Office,LA,18636
LA0280600,Scott Police Department,LA,9824
LA0090100,Shreveport Police Department,LA,174114
LA0600700,Sibley Police Department,LA,1065
LA0050300,Simmesport Police Department,LA,1398
LA0520200,Slidell Police Department,LA,28393
LA0282000,South Louisiana Community College,LA,0
LA0530900,Southeastern Louisiana University,LA,0
LA0170600,Southern University and A&M College: Baton Rouge,LA,0
LA0361200,Southern University and A&M College: New Orleans,LA,0
LA0080700,Southern University and A&M College: Shreveport,LA,0
LA0600200,Springhill Police Department,LA,4415
LA0440000,St. Bernard Parish Sheriff's Office,LA,45339
LA0450000,St. Charles Parish Sheriff's Office,LA,50244
LA0240600,St. Gabriel Police Department,LA,6964
LA0460000,St. Helena Parish Sheriff's Office,LA,10106
LA0470000,St. James Parish Sheriff's Office,LA,13503
LA0480000,St. John the Baptist Parish Sheriff's Office,LA,39342
LA0490000,St. Landry Parish Sheriff's Office,LA,52375
LA0500000,St. Martin Parish Sheriff's Office,LA,38442
LA0500200,St. Martinville Police Department,LA,5190
LA0510000,St. Mary Parish Sheriff's Office,LA,18076
LA0520000,St. Tammany Parish Sheriff's Office,LA,226235
LALSP0000,State Police,LA,0
LA0370300,Sterlington Police Department,LA,2721
LA0100300,Sulphur Police Department,LA,20277
LA0330100,Tallulah Police Department,LA,5542
LA0530000,Tangipahoa Parish Sheriff's Office,LA,100704
LA0370900,Tensas Basin Levee District,LA,0
LA0540000,Tensas Parish Sheriff's Office,LA,3808
LA0550000,Terrebonne Parish Sheriff's Office,LA,71999
LA0290500,Thibodaux Police Department,LA,15488
LA0530800,Tickfaw Police Department,LA,689
LA036209E,Tulane University,LA,0
LADI00500,Tunica-Biloxi Tribal,LA,0
LA0560000,Union Parish Sheriff's Office,LA,15402
LA0280700,University of Louisiana: Lafayette,LA,0
LA0370400,University of Louisiana: Monroe,LA,0
LA0360300,University of New Orleans,LA,0
LA0570000,Vermilion Parish Sheriff's Office,LA,41328
LA0580000,Vernon Parish Sheriff's Office,LA,36325
LA0150200,Vidalia Police Department,LA,3864
LA0200300,Ville Platte Police Department,LA,6106
LA0100400,Vinton Police Department,LA,3040
LA0320300,Walker Police Department,LA,6411
LA0590000,Washington Parish Sheriff's Office,LA,31460
LA0490500,Washington Police Department,LA,703
LA0600000,Webster Parish Sheriff's Office,LA,17359
LA0270400,Welsh Police Department,LA,3261
LA0610000,West Baton Rouge Parish Sheriff's Office,LA,13590
LA0620000,West Carroll Parish Sheriff's Office,LA,7882
LA0630000,West Feliciana Parish Sheriff's Office,LA,15237
LA0370200,West Monroe Police Department,LA,12336
LA0100500,Westlake Police Department,LA,4683
LA0260400,Westwego Police Department,LA,8156
LA0240300,White Castle Police Department,LA,1588
LA0190300,Wilson Police Department,LA,362
LA0640000,Winn Parish Sheriff's Office,LA,9482
LA0640100,Winnfield Police Department,LA,3942
LA0400700,Woodworth Police Department,LA,1751
LA0280500,Youngsville Police Department,LA,19873
LA0170300,Zachary Police Department,LA,20597
MA0120100,Abington Police Department,MA,17052
MA0090100,Acton Police Department,MA,24622
MA0030100,Acushnet Police Department,MA,10708
MA0020100,Adams Police Department,MA,7954
MA0070100,Agawam Police Department,MA,28705
MA0050100,Amesbury Police Department,MA,17607
MA008289E,Amherst College,MA,0
MA0080100,Amherst Police Department,MA,45764
MA0050200,Andover Police Department,MA,36920
MA0040300,Aquinnah Police Department,MA,453
MA0090200,Arlington Police Department,MA,47223
MA0140100,Ashburnham Police Department,MA,6559
MA0090300,Ashby Police Department,MA,3284
MA0060100,Ashfield Police Department,MA,1685
MA0090400,Ashland Police Department,MA,19485
MA014709E,Assumption College,MA,0
MA0140200,Athol Police Department,MA,12117
MA0030200,Attleboro Police Department,MA,47111
MA0140300,Auburn Police Department,MA,17394
MA0110100,Avon Police Department,MA,4795
MA0090500,Ayer Police Department,MA,9125
MA011309E,Babson College,MA,0
MA0010100,Barnstable Police Department,MA,49944
MA0140400,Barre Police Department,MA,5643
MA0020300,Becket Police Department,MA,1920
MA0090600,Bedford Police Department,MA,14988
MA0080200,Belchertown Police Department,MA,15380
MA0110200,Bellingham Police Department,MA,18222
MA0090700,Belmont Police Department,MA,27425
MA009589E,Bentley University,MA,0
MA013729E,Berklee College of Music,MA,0
MA0030300,Berkley Police Department,MA,6904
MA0140500,Berlin Police Department,MA,3524
MA0060200,Bernardston Police Department,MA,2847
MA013459E,Beth Israel Deaconess Medical Center,MA,0
MA0050300,Beverly Police Department,MA,43268
MA0090800,Billerica Police Department,MA,43159
MA0140600,Blackstone Police Department,MA,9395
MA0070200,Blandford Police Department,MA,1206
MA0140700,Bolton Police Department,MA,5830
MA009619E,Boston College,MA,0
MA0130100,Boston Police Department,MA,671262
MA013309E,Boston University,MA,0
MA013A79P,Boston University Medical Center,MA,0
MA0010200,Bourne Police Department,MA,20692
MA0090900,Boxborough Police Department,MA,5569
MA0050400,Boxford Police Department,MA,8348
MA0140800,Boylston Police Department,MA,5104
MA0110300,Braintree Police Department,MA,39044
MA009579E,Brandeis University,MA,0
MA0010300,Brewster Police Department,MA,10453
MA0120200,Bridgewater Police Department,MA,29721
MA0122900,Bridgewater State University,MA,0
MA0070300,Brimfield Police Department,MA,3734
MA0032300,Bristol Community College,MA,0
MA0120300,Brockton Police Department,MA,105571
MA0140900,Brookfield Police Department,MA,3507
MA0110400,Brookline Police Department,MA,63981
MA0060300,Buckland Police Department,MA,1820
MA0134100,Bunker Hill Community College,MA,0
MA0091000,Burlington Police Department,MA,27159
MA0091100,Cambridge Police Department,MA,121634
MA0110500,Canton Police Department,MA,25290
MA0011800,Cape Cod Community College,MA,0
MA0130200,Capitol Police,MA,0
MA0091200,Carlisle Police Department,MA,5324
MA0120400,Carver Police Department,MA,11831
MA0060400,Charlemont Police Department,MA,1177
MA0141000,Charlton Police Department,MA,13647
MA0010400,Chatham Police Department,MA,6723
MA0091300,Chelmsford Police Department,MA,37003
MA0130300,Chelsea Police Department,MA,40069
MA0020400,Cheshire Police Department,MA,3174
MA0070400,Chester Police Department,MA,1217
MA0080300,Chesterfield Police Department,MA,1171
MA0070500,Chicopee Police Department,MA,55222
MA0040100,Chilmark Police Department,MA,1258
MA014689E,Clark University,MA,0
MA0141100,Clinton Police Department,MA,15781
MA0110600,Cohasset Police Department,MA,8548
MA014659E,College of the Holy Cross,MA,0
MA0060500,Colrain Police Department,MA,1653
MA0091400,Concord Police Department,MA,17979
MA0060600,Conway Police Department,MA,1751
MA0080400,Cummington Police Department,MA,817
MA011409E,Curry College,MA,0
MA0020600,Dalton Police Department,MA,6167
MA0050500,Danvers Police Department,MA,28648
MA0030400,Dartmouth Police Department,MA,34759
MA011319E,Dean College,MA,0
MA0110700,Dedham Police Department,MA,25484
MA0060700,Deerfield Police Department,MA,5198
MA0010500,Dennis Police Department,MA,14870
MA0030500,Dighton Police Department,MA,8291
MA0131900,Division of Law Enforcement Environmental Police,MA,0
MA0141200,Douglas Police Department,MA,9544
MA0110800,Dover Police Department,MA,6077
MA0091500,Dracut Police Department,MA,32999
MA0141300,Dudley Police Department,MA,11971
MA0091600,Dunstable Police Department,MA,3526
MA0120500,Duxbury Police Department,MA,16407
MA0120600,East Bridgewater Police Department,MA,14502
MA0141400,East Brookfield Police Department,MA,2235
MA0070600,East Longmeadow Police Department,MA,16499
MA0010600,Eastham Police Department,MA,5829
MA0080500,Easthampton Police Department,MA,16018
MA0030600,Easton Police Department,MA,25625
MA0040200,Edgartown Police Department,MA,5370
MA0020700,Egremont Police Department,MA,1376
MA013989E,Emerson College,MA,0
MA005429E,Endicott College,MA,0
MA0060800,Erving Police Department,MA,1662
MA0050600,Essex Police Department,MA,3771
MA0091700,Everett Police Department,MA,52437
MA0030700,Fairhaven Police Department,MA,15986
MA0030800,Fall River Police Department,MA,94628
MA0010700,Falmouth Police Department,MA,33315
MA0135400,Fisher College,MA,0
MA0141500,Fitchburg Police Department,MA,42153
MA0146200,Fitchburg State University,MA,0
MA0110900,Foxborough Police Department,MA,18788
MA0091800,Framingham Police Department,MA,73485
MA0095900,Framingham State University,MA,0
MA0111000,Franklin Police Department,MA,34015
MA0030900,Freetown Police Department,MA,9400
MA0141600,Gardner Police Department,MA,21365
MA0050700,Georgetown Police Department,MA,8558
MA0060900,Gill Police Department,MA,1555
MA0050800,Gloucester Police Department,MA,30595
MA005609E,Gordon College,MA,0
MA0080600,Goshen Police Department,MA,938
MA0141700,Grafton Police Department,MA,20477
MA0080700,Granby Police Department,MA,6055
MA0070700,Granville Police Department,MA,1537
MA0020900,Great Barrington Police Department,MA,7263
MA0062700,Greenfield Community College,MA,0
MA0061000,Greenfield Police Department,MA,17457
MA0091900,Groton Police Department,MA,11615
MA0050900,Groveland Police Department,MA,6856
MA0080800,Hadley Police Department,MA,5276
MA0120700,Halifax Police Department,MA,7775
MA0051000,Hamilton Police Department,MA,7677
MA0070800,Hampden Police Department,MA,4953
MA0120800,Hanover Police Department,MA,14863
MA0120900,Hanson Police Department,MA,10712
MA0141800,Hardwick Police Department,MA,2730
MA0141900,Harvard Police Department,MA,7025
MA009629E,Harvard University ,MA,0
MA0010800,Harwich Police Department,MA,13632
MA0080900,Hatfield Police Department,MA,3317
MA0051100,Haverhill Police Department,MA,68267
MA0121000,Hingham Police Department,MA,24385
MA0021100,Hinsdale Police Department,MA,1886
MA0111100,Holbrook Police Department,MA,11467
MA0142000,Holden Police Department,MA,20379
MA0070900,Holland Police Department,MA,2570
MA0092000,Holliston Police Department,MA,15399
MA0073200,Holyoke Community College,MA,0
MA0071000,Holyoke Police Department,MA,37666
MA0142100,Hopedale Police Department,MA,6061
MA0092100,Hopkinton Police Department,MA,20233
MA0142200,Hubbardston Police Department,MA,4450
MA0092200,Hudson Police Department,MA,20397
MA0121100,Hull Police Department,MA,10302
MA0051200,Ipswich Police Department,MA,14159
MA0121200,Kingston Police Department,MA,14615
MA0121300,Lakeville Police Department,MA,12414
MA0142300,Lancaster Police Department,MA,9119
MA0021200,Lanesboro Police Department,MA,2996
MA009679E,Lasell College,MA,0
MA0051300,Lawrence Police Department,MA,89201
MA0021300,Lee Police Department,MA,5659
MA0142400,Leicester Police Department,MA,11234
MA0021400,Lenox Police Department,MA,5067
MA0142500,Leominster Police Department,MA,44206
MA0061300,Leverett Police Department,MA,1864
MA0092300,Lexington Police Department,MA,34738
MA0092400,Lincoln Police Department,MA,6983
MA0092500,Littleton Police Department,MA,10561
MA0071100,Longmeadow Police Department,MA,15646
MA0092600,Lowell Police Department,MA,121283
MA0071200,Ludlow Police Department,MA,21153
MA0142600,Lunenburg Police Department,MA,12029
MA0051400,Lynn Police Department,MA,103819
MA0051500,Lynnfield Police Department,MA,13256
MA013739E,MCPHS University,MA,0
MA0092700,Malden Police Department,MA,66677
MA0051600,Manchester-by-the-Sea Police Department,MA,5473
MA0031000,Mansfield Police Department,MA,24070
MA0051700,Marblehead Police Department,MA,20563
MA0121400,Marion Police Department,MA,5328
MA0092800,Marlborough Police Department,MA,42184
MA0121500,Marshfield Police Department,MA,26033
MA0010900,Mashpee Police Department,MA,15547
MADIT0000,Mashpee Wampanoag Tribal Police,MA,0
MA0113800,Massachusetts Bay Community College,MA,0
MA003BA00,Massachusetts Bay Transportation Authority: Bristol County,MA,0
MA005BA00,Massachusetts Bay Transportation Authority: Essex County,MA,0
MA009BA00,Massachusetts Bay Transportation Authority: Middlesex County,MA,0
MA011BA00,Massachusetts Bay Transportation Authority: Norfolk County,MA,0
MA012BA00,Massachusetts Bay Transportation Authority: Plymouth County,MA,0
MA0132500,Massachusetts Bay Transportation Authority: Suffolk County,MA,0
MA014BA00,Massachusetts Bay Transportation Authority: Worcester County,MA,0
MA0131200,Massachusetts College of Art,MA,0
MA0023500,Massachusetts College of Liberal Arts,MA,0
MA013529E,Massachusetts General Hospital,MA,0
MA009639E,Massachusetts Institute of Technology,MA,0
MA0123200,Massasoit Community College,MA,0
MA0121600,Mattapoisett Police Department,MA,6809
MA0092900,Maynard Police Department,MA,10815
MA0111200,Medfield Police Department,MA,13434
MA0093000,Medford Police Department,MA,59842
MA0111300,Medway Police Department,MA,13993
MA0093100,Melrose Police Department,MA,29912
MA0142700,Mendon Police Department,MA,6479
MA0051800,Merrimac Police Department,MA,6814
MA005389E,Merrimack College,MA,0
MA0051900,Methuen Police Department,MA,54591
MA0121700,Middleboro Police Department,MA,24927
MA0052000,Middleton Police Department,MA,10020
MA0142800,Milford Police Department,MA,30634
MA0142900,Millbury Police Department,MA,14227
MA0111400,Millis Police Department,MA,9534
MA0143000,Millville Police Department,MA,3184
MA0111500,Milton Police Department,MA,28787
MA0071300,Monson Police Department,MA,8151
MA0061600,Montague Police Department,MA,8405
MA0021500,Monterey Police Department,MA,1084
MA0071400,Montgomery Police Department,MA,840
MA008049E,Mount Holyoke College,MA,0
MA0147100,Mount Wachusett Community College,MA,0
MA0052100,Nahant Police Department,MA,3331
MA0100100,Nantucket Police Department,MA,14742
MA0093200,Natick Police Department,MA,37320
MA0111600,Needham Police Department,MA,33018
MA0031100,New Bedford Police Department,MA,101139
MA0143100,New Braintree Police Department,MA,1012
MA0021800,New Marlborough Police Department,MA,1497
MA0061700,New Salem Police Department,MA,1034
MA0052200,Newbury Police Department,MA,6902
MA0052300,Newburyport Police Department,MA,19333
MA0093300,Newton Police Department,MA,90939
MA0111700,Norfolk Police Department,MA,12033
MA0021900,North Adams Police Department,MA,12427
MA0052400,North Andover Police Department,MA,32340
MA0031200,North Attleboro Police Department,MA,31227
MA0143200,North Brookfield Police Department,MA,4796
MA0093400,North Reading Police Department,MA,16563
MA005989E,North Shore Community College,MA,0
MA0081200,Northampton Police Department,MA,31862
MA0143300,Northborough Police Department,MA,15865
MA0143400,Northbridge Police Department,MA,16776
MA013339E,Northeastern University,MA,0
MA0054400,Northern Essex Community College,MA,0
MA0061800,Northfield Police Department,MA,2884
MA0031300,Norton Police Department,MA,19383
MA0121800,Norwell Police Department,MA,11480
MA0111800,Norwood Police Department,MA,31727
MA0040500,Oak Bluffs Police Department,MA,5429
MA0143500,Oakham Police Department,MA,1925
MA0061900,Orange Police Department,MA,7587
MA0011000,Orleans Police Department,MA,6514
MA0022000,Otis Police Department,MA,1615
MA0143600,Oxford Police Department,MA,13509
MA0071500,Palmer Police Department,MA,12348
MA0143700,Paxton Police Department,MA,5055
MA0052500,Peabody Police Department,MA,55523
MA0081300,Pelham Police Department,MA,1359
MA0121900,Pembroke Police Department,MA,18398
MA0093500,Pepperell Police Department,MA,11924
MA0143800,Petersham Police Department,MA,1256
MA0143900,Phillipston Police Department,MA,1763
MA0022200,Pittsfield Police Department,MA,42944
MA0111900,Plainville Police Department,MA,10074
MA0122000,Plymouth Police Department,MA,67967
MA0122100,Plympton Police Department,MA,2965
MA0144000,Princeton Police Department,MA,3614
MA0011100,Provincetown Police Department,MA,3737
MA0112000,Quincy Police Department,MA,103649
MA014669E,Quinsigamond Community College,MA,0
MA0112100,Randolph Police Department,MA,35056
MA0031400,Raynham Police Department,MA,15992
MA0093600,Reading Police Department,MA,26103
MA009019E,Regis College,MA,0
MA0031500,Rehoboth Police Department,MA,13766
MA0130400,Revere Police Department,MA,60265
MA0022300,Richmond Police Department,MA,1404
MA0122200,Rochester Police Department,MA,5973
MA0122300,Rockland Police Department,MA,17643
MA0052600,Rockport Police Department,MA,7097
MA0062000,Rowe Police Department,MA,418
MA0052700,Rowley Police Department,MA,6361
MA0136500,Roxbury Community College,MA,0
MA0144100,Royalston Police Department,MA,1298
MA0071600,Russell Police Department,MA,1636
MA0144200,Rutland Police Department,MA,9754
MA0052800,Salem Police Department,MA,46067
MA0053600,Salem State University,MA,0
MA0052900,Salisbury Police Department,MA,9440
MA0011200,Sandwich Police Department,MA,20517
MA0053000,Saugus Police Department,MA,29056
MA0022500,Savoy Police Department,MA,658
MA0122400,Scituate Police Department,MA,19677
MA0031600,Seekonk Police Department,MA,15965
MA0112200,Sharon Police Department,MA,18765
MA0022600,Sheffield Police Department,MA,3324
MA0062100,Shelburne Police Department,MA,1872
MA0093700,Sherborn Police Department,MA,4496
MA0093800,Shirley Police Department,MA,6980
MA0144300,Shrewsbury Police Department,MA,39861
MA0062200,Shutesbury Police Department,MA,1716
MA013519E,Simmons College,MA,0
MA008269E,Smith College,MA,0
MA0031700,Somerset Police Department,MA,18347
MA0093900,Somerville Police Department,MA,82255
MA0081500,South Hadley Police Department,MA,18513
MA0081600,Southampton Police Department,MA,6171
MA0144400,Southborough Police Department,MA,10572
MA0144500,Southbridge Police Department,MA,18160
MA0071700,Southwick Police Department,MA,9268
MA0144600,Spencer Police Department,MA,12090
MA007049E,Springfield College,MA,0
MA0071800,Springfield Police Department,MA,154390
MA0073300,Springfield Technical Community College,MA,0
MAMSP0000,State Police,MA,0
MA301SP00,State Police: Barnstable County,MA,0
MA302SP00,State Police: Berkshire County,MA,7994
MA303SP00,State Police: Bristol County,MA,0
MA304SP00,State Police: Dukes County,MA,0
MA305SP00,State Police: Essex County,MA,0
MA306SP00,State Police: Franklin County,MA,2065
MA307SP00,State Police: Hampden County,MA,0
MA308SP00,State Police: Hampshire County,MA,1537
MA309SP00,State Police: Middlesex County,MA,0
MA310SP00,State Police: Nantucket County,MA,0
MA311SP00,State Police: Norfolk County,MA,0
MA312SP00,State Police: Plymouth County,MA,0
MA313SP00,State Police: Suffolk County,MA,0
MA314SP00,State Police: Worcester County,MA,0
MA0144700,Sterling Police Department,MA,8374
MA0022700,Stockbridge Police Department,MA,1983
MA0094000,Stoneham Police Department,MA,24849
MA003229E,Stonehill College,MA,0
MA0112300,Stoughton Police Department,MA,29430
MA0094100,Stow Police Department,MA,7362
MA0144800,Sturbridge Police Department,MA,10129
MA0094200,Sudbury Police Department,MA,19994
MA013019E,Suffolk University,MA,0
MA0062300,Sunderland Police Department,MA,3621
MA0144900,Sutton Police Department,MA,9637
MA0053100,Swampscott Police Department,MA,15761
MA0031800,Swansea Police Department,MA,17582
MA0031900,Taunton Police Department,MA,62418
MA0145000,Templeton Police Department,MA,8427
MA0094300,Tewksbury Police Department,MA,31883
MA0040600,Tisbury Police Department,MA,4958
MA0071900,Tolland Police Department,MA,474
MA0053200,Topsfield Police Department,MA,6618
MA0094400,Townsend Police Department,MA,9225
MA0011300,Truro Police Department,MA,2488
MA009649E,Tufts University: Medford,MA,0
MA013390X,Tufts University: Suffolk,MA,0
MA014640X,Tufts University: Worcester,MA,0
MA014649E,Tufts University: Worcester,MA,0
MA0094500,Tyngsboro Police Department,MA,12843
MA0022800,Tyringham Police Department,MA,417
MA0082200,University of Massachusetts: Amherst,MA,0
MA0032100,University of Massachusetts: Dartmouth,MA,0
MA0132000,"University of Massachusetts: Harbor Campus, Boston",MA,0
MA0096000,University of Massachusetts: Lowell,MA,0
MA0146100,"University of Massachusetts: Medical Center, Worcester",MA,0
MA0145100,Upton Police Department,MA,8574
MA0145200,Uxbridge Police Department,MA,14793
MA0094600,Wakefield Police Department,MA,29706
MA0072000,Wales Police Department,MA,1823
MA0112400,Walpole Police Department,MA,26289
MA0094700,Waltham Police Department,MA,66089
MADI01000,Wampanoag Tribe of Gay Head,MA,0
MA0081700,Ware Police Department,MA,10169
MA0122500,Wareham Police Department,MA,23525
MA0145300,Warren Police Department,MA,5103
MA0062400,Warwick Police Department,MA,772
MA0094800,Watertown Police Department,MA,35871
MA0094900,Wayland Police Department,MA,14051
MA0145400,Webster Police Department,MA,17790
MA011019E,Wellesley College,MA,0
MA0112500,Wellesley Police Department,MA,31811
MA0011400,Wellfleet Police Department,MA,3655
MA0053300,Wenham Police Department,MA,4934
MA013559E,Wentworth Institute of Technology,MA,0
MA0145500,West Boylston Police Department,MA,7994
MA0122600,West Bridgewater Police Department,MA,7764
MA0145600,West Brookfield Police Department,MA,3929
MA0053400,West Newbury Police Department,MA,4712
MA0072100,West Springfield Police Department,MA,29018
MA0040700,West Tisbury Police Department,MA,3662
MA0145700,Westborough Police Department,MA,22871
MA007029E,Western New England University,MA,0
MA0072200,Westfield Police Department,MA,40357
MA0072400,Westfield State University,MA,0
MA0095000,Westford Police Department,MA,25043
MA0081800,Westhampton Police Department,MA,1633
MA0145800,Westminster Police Department,MA,8557
MA0095100,Weston Police Department,MA,11975
MA0032000,Westport Police Department,MA,16751
MA0112600,Westwood Police Department,MA,16565
MA0112700,Weymouth Police Department,MA,60691
MA0062600,Whately Police Department,MA,1628
MA003269E,Wheaton College,MA,0
MA0122700,Whitman Police Department,MA,15501
MA0072300,Wilbraham Police Department,MA,14645
MA0081900,Williamsburg Police Department,MA,2469
MA0023100,Williamstown Police Department,MA,9315
MA0095200,Wilmington Police Department,MA,23869
MA0145900,Winchendon Police Department,MA,10621
MA0095300,Winchester Police Department,MA,24154
MA0130500,Winthrop Police Department,MA,18566
MA0095400,Woburn Police Department,MA,44588
MA0146000,Worcester Police Department,MA,212985
MA0146300,Worcester State University,MA,0
MA0082000,Worthington Police Department,MA,1178
MA0112800,Wrentham Police Department,MA,12572
MA0011500,Yarmouth Police Department,MA,25197
MD0130100,Aberdeen Police Department,MD,19047
MD0022600,Alcohol Tobacco Commission,MD,0
MD0010000,Allegany County Sheriff's Office,MD,2234
MD0020100,Annapolis Police Department,MD,40647
MD0020200,Anne Arundel County Police Department,MD,562033
MD0020000,Anne Arundel County Sheriff's Office,MD,0
MD0040600,Baltimore City Sheriff's Office,MD,0
MD0030100,Baltimore County Police Department,MD,849486
MD0030000,Baltimore County Sheriff's Office,MD,0
MDBPD0000,Baltimore Police Department,MD,562811
MD0130200,Bel Air Police Department,MD,10321
MD0240100,Berlin Police Department,MD,5423
MD0170100,Berwyn Heights Police Department,MD,3323
MD0170200,Bladensburg Police Department,MD,9633
MD0220100,Boonsboro Police Department,MD,3868
MD0174100,Bowie Police Department,MD,58471
MD0172800,Bowie State University,MD,0
MD0170300,Brentwood Police Department,MD,3790
MD0110100,Brunswick Police Department,MD,9348
MD0050000,Calvert County Sheriff's Office,MD,95115
MD0100100,Cambridge Police Department,MD,13305
MD0170400,Capitol Heights Police Department,MD,4038
MD0060000,Caroline County Sheriff's Office,MD,27301
MD0070000,Carroll County Sheriff's Office,MD,2793
MD0080000,Cecil County Sheriff's Office,MD,79043
MD0180100,Centreville Police Department,MD,4784
MD0090000,Charles County Sheriff's Office,MD,164219
MD0150200,Chestertown Police Department,MD,5749
MD0170500,Cheverly Police Department,MD,6119
MD0160100,Chevy Chase Village Police Department,MD,2077
MD0170700,Colmar Manor Police Department,MD,1584
MD0021000,Comptroller of the Treasury Field Enforcement Division,MD,0
MD0041000,Coppin State University,MD,0
MD0170800,Cottage City Police Department,MD,1320
MD0200100,Crisfield Police Department,MD,2546
MD0010200,Cumberland Police Department,MD,18632
MD0230100,Delmar Police Department,MD,4996
MD0060100,Denton Police Department,MD,5101
MD0023C00,"Department of Public Safety and Correctional Services, Internal Investigation Division",MD,0
MD0170900,District Heights Police Department,MD,5912
MD0100000,Dorchester County Sheriff's Office,MD,17784
MD0210100,Easton Police Department,MD,17444
MD0171000,Edmonston Police Department,MD,1609
MD0080400,Elkton Police Department,MD,16016
MD0171100,Fairmount Heights Police Department,MD,1522
MD0171200,Forest Heights Police Department,MD,2636
MD0110000,Frederick County Sheriff's Office,MD,193550
MD0110300,Frederick Police Department,MD,92564
MD0010300,Frostburg Police Department,MD,6963
MD0010800,Frostburg State University,MD,0
MD0230200,Fruitland Police Department,MD,6089
MD0160200,Gaithersburg Police Department,MD,70993
MD0120000,Garrett County Sheriff's Office,MD,26398
MD0020700,"General Services: Annapolis, Anne Arundel County",MD,0
MD0040900,General Services: Baltimore City,MD,0
MD0171300,Glenarden Police Department,MD,6395
MD0171400,Greenbelt Police Department,MD,24838
MD0060300,Greensboro Police Department,MD,1983
MD0221100,Hagerstown Community College,MD,0
MD0220300,Hagerstown Police Department,MD,44007
MD0070100,Hampstead Police Department,MD,6300
MD0220400,Hancock Police Department,MD,1575
MD0130000,Harford County Sheriff's Office,MD,221056
MD0130300,Havre de Grace Police Department,MD,15320
MD0140100,Howard County Police Department,MD,340315
MD0140000,Howard County Sheriff's Office,MD,0
MD0100300,Hurlock Police Department,MD,2099
MD0171500,Hyattsville Police Department,MD,21031
MD0042300,John Hopkins University,MD,0
MD0150000,Kent County Sheriff's Office,MD,12652
MD0090100,La Plata Police Department,MD,11700
MD0171600,Landover Hills Police Department,MD,1797
MD0171700,Laurel Police Department,MD,30304
MD0070200,Manchester Police Department,MD,5449
MDMSP0000,Maryland State Police,MD,0
MDMSP9800,Maryland State Police Statewide,MD,0
MD0160300,Maryland-National Capital Park Police: Montgomery County,MD,0
MD0172700,Maryland-National Capital Park Police: Prince George's County,MD,0
MD0160400,Montgomery County Police Department,MD,924573
MD0160000,Montgomery County Sheriff's Office,MD,0
MD0040400,Morgan State University,MD,0
MD0171800,Morningside Police Department,MD,1234
MD0070300,Mount Airy Police Department,MD,9982
MD0171900,Mount Rainier Police Department,MD,8259
MD0020500,Natural Resources Police,MD,0
MD0173900,New Carrollton Police Department,MD,13641
MD0080500,North East Police Department,MD,4217
MD0120200,Oakland Police Department,MD,1805
MD0240200,Ocean City Police Department,MD,6893
MD0240500,Ocean Pines Police Department,MD,12272
MD0210200,Oxford Police Department,MD,599
MD0081500,Perryville Police Department,MD,4540
MD0230700,Pittsville Police Department,MD,1667
MD0240300,Pocomoke City Police Department,MD,4456
MD0173100,Prince George's County Community College,MD,0
MD0172100,Prince George's County Police Department,MD,741477
MD0200200,Princess Anne Police Department,MD,3709
MD0180000,Queen Anne's County Sheriff's Office,MD,49685
MD0080700,Rising Sun Police Department,MD,2783
MD0172200,Riverdale Park Police Department,MD,7287
MD0150400,Rock Hall Police Department,MD,1203
MD0160500,Rockville Police Department,MD,68690
MD0230300,Salisbury Police Department,MD,33779
MD0230400,Salisbury University,MD,0
MD0172300,Seat Pleasant Police Department,MD,4517
MD0220500,Smithsburg Police Department,MD,3246
MD0240400,Snow Hill Police Department,MD,2269
MD0200000,Somerset County Sheriff's Office,MD,19077
MD0190200,St. Mary's College,MD,0
MD0190000,St. Mary's County Sheriff's Office,MD,116720
MD0210300,St. Michaels Police Department,MD,1079
MD0040800,State Fire Marshal,MD,0
MDMSP2100,State Police: Allegany County,MD,38844
MDMSP5200,State Police: Anne Arundel County,MD,0
MD300SP00,State Police: Baltimore City,MD,0
MDMSP3400,State Police: Baltimore County,MD,0
MDMSP5500,State Police: Calvert County,MD,0
MDMSP4300,State Police: Caroline County,MD,0
MDMSP0200,State Police: Carroll County,MD,122587
MDMSP3100,State Police: Cecil County,MD,0
MDMSP5000,State Police: Charles County,MD,0
MDMSP4500,State Police: Dorchester County,MD,0
MDMSP2000,State Police: Frederick County,MD,0
MDMSP2300,State Police: Garrett County,MD,0
MDMSP3000,State Police: Harford County,MD,0
MDMSP0100,State Police: Howard County,MD,0
MDMSP4400,State Police: Kent County,MD,0
MDMSP0400,State Police: Montgomery County,MD,0
MDMSP0300,State Police: Prince Georges County,MD,0
MDMSP4200,State Police: Queen Annes's County,MD,0
MDMSP4700,State Police: Somerset County,MD,0
MDMSP5400,State Police: St. Mary's County,MD,0
MDMSP4000,State Police: Talbot County,MD,1559
MDMSP2200,State Police: Washington County,MD,0
MDMSP4100,State Police: Wicomico County,MD,0
MDMSP4800,State Police: Worcester County,MD,0
MD0070500,Sykesville Police Department,MD,4699
MD0160600,Takoma Park Police Department,MD,17918
MD0210000,Talbot County Sheriff's Office,MD,17624
MD0070600,Taneytown Police Department,MD,8574
MD0110400,Thurmont Police Department,MD,6335
MD0030500,Towson University,MD,0
MD0041200,Transit Administration,MD,0
MD0040100,Transportation Authority,MD,0
MD0172600,University Park Police Department,MD,2427
MD0040200,University of Maryland: Baltimore City,MD,0
MD0030400,University of Maryland: Baltimore County,MD,0
MD0172500,University of Maryland: College Park,MD,0
MD0200300,University of Maryland: Eastern Shore,MD,0
MD0172400,Upper Marlboro Police Department,MD,719
MD0220000,Washington County Sheriff's Office,MD,104674
MD0070800,Westminster Police Department,MD,20797
MD0230000,Wicomico County Sheriff's Office,MD,60160
MD0240000,Worcester County Sheriff's Office,MD,23313
ME0010000,Androscoggin County Sheriff's Office,ME,30079
ME0020000,Aroostook County Sheriff's Office,ME,32165
ME0020800,Ashland Police Department,ME,1193
ME0010100,Auburn Police Department,ME,25487
ME0060100,Augusta Police Department,ME,19229
ME0150900,Baileyville Police Department,ME,1309
ME0100100,Bangor Police Department,ME,32632
ME0050100,Bar Harbor Police Department,ME,7604
ME0120100,Bath Police Department,ME,8830
ME0140100,Belfast Police Department,ME,7004
ME0160600,Berwick Police Department,ME,8423
ME0160100,Biddeford Police Department,ME,22327
ME0080100,Boothbay Harbor Police Department,ME,2099
ME0100200,Brewer Police Department,ME,9619
ME0030900,Bridgton Police Department,ME,6021
ME0030100,Brunswick Police Department,ME,22854
ME0050300,Bucksport Police Department,ME,5063
ME0061500,Bureau of Capitol Police,ME,0
ME0161800,Buxton Police Department,ME,8643
ME0150100,Calais Police Department,ME,3110
ME0070100,Camden Police Department,ME,5177
ME0030200,Cape Elizabeth Police Department,ME,9726
ME0020100,Caribou Police Department,ME,7309
ME0040700,Carrabassett Valley Police Department,ME,718
ME0062100,Clinton Police Department,ME,3391
ME0030000,Cumberland County Sheriff's Office,ME,56117
ME0031000,Cumberland Police Department,ME,8925
ME0080200,Damariscotta Police Department,ME,2310
ME0100300,Dexter Police Department,ME,3861
ME0110100,Dover-Foxcroft Police Department,ME,4520
MEMDEA000,Drug Enforcement Agency,ME,0
ME0101000,East Millinocket Police Department,ME,6878
ME0150200,Eastport Police Department,ME,1294
ME0160700,Eliot Police Department,ME,7628
ME0050200,Ellsworth Police Department,ME,8927
ME0130100,Fairfield Police Department,ME,6540
ME0030300,Falmouth Police Department,ME,13033
ME0040100,Farmington Police Department,ME,8516
ME0020200,Fort Fairfield Police Department,ME,3286
ME0020300,Fort Kent Police Department,ME,4182
ME0040000,Franklin County Sheriff's Office,ME,12091
ME0031100,Freeport Police Department,ME,8911
ME0090700,Fryeburg Police Department,ME,3613
ME0060200,Gardiner Police Department,ME,6207
ME0030400,Gorham Police Department,ME,18595
ME0051300,Gouldsboro Police Department,ME,1766
ME0110500,Greenville Police Department,ME,1742
ME0060300,Hallowell Police Department,ME,2633
ME0100700,Hampden Police Department,ME,8095
ME0050000,Hancock County Sheriff's Office,ME,31575
ME0102700,Holden Police Department,ME,3445
ME0020400,Houlton Police Department,ME,5994
ME0140500,Islesboro Police Department,ME,599
ME0040200,Jay Police Department,ME,4687
ME0060000,Kennebec County Sheriff's Office,ME,55452
ME0160800,Kennebunk Police Department,ME,12151
ME0160900,Kennebunkport Police Department,ME,3728
ME0160200,Kittery Police Department,ME,11328
ME0070000,Knox County Sheriff's Office,ME,22374
ME0010200,Lewiston Police Department,ME,39202
ME0080000,Lincoln County Sheriff's Office,ME,23050
ME0100400,Lincoln Police Department,ME,4970
ME0010500,Lisbon Police Department,ME,9836
ME0010300,Livermore Falls Police Department,ME,3202
ME0150300,Machias Police Department,ME,2059
ME0020500,Madawaska Police Department,ME,3839
ME0010600,Mechanic Falls Police Department,ME,3218
ME0151700,Milbridge Police Department,ME,1369
ME0110200,Milo Police Department,ME,2383
ME0060600,Monmouth Police Department,ME,4274
ME0101100,Newport Police Department,ME,3167
ME0161100,North Berwick Police Department,ME,5329
ME0090400,Norway Police Department,ME,5387
ME0060500,Oakland Police Department,ME,6380
ME0161200,Ogunquit Police Department,ME,1607
ME0160300,Old Orchard Beach Police Department,ME,9557
ME0100500,Old Town Police Department,ME,7531
ME0100600,Orono Police Department,ME,12475
ME0090000,Oxford County Sheriff's Office,ME,35708
ME0091000,Oxford Police Department,ME,4441
ME0090500,Paris Police Department,ME,5429
MEDI00300,Passamaquoddy Indian Township,ME,0
ME0151100,Passamaquoddy Pleasant Point Tribal,ME,0
ME0100000,Penobscot County Sheriff's Office,ME,63452
ME0102000,Penobscot Nation,ME,0
ME0120500,Phippsburg Police Department,ME,2216
ME0110000,Piscataquis County Sheriff's Office,ME,8943
ME0130400,Pittsfield Police Department,ME,3953
ME0030500,Portland Police Department,ME,69840
ME0020600,Presque Isle Police Department,ME,8717
ME0040400,Rangeley Police Department,ME,1348
ME0120300,Richmond Police Department,ME,3586
ME0070200,Rockland Police Department,ME,7088
ME0070400,Rockport Police Department,ME,3655
ME0090100,Rumford Police Department,ME,5991
ME0010700,Sabattus Police Department,ME,5257
ME0160400,Saco Police Department,ME,21229
ME0120000,Sagadahoc County Sheriff's Office,ME,13269
ME0160500,Sanford Police Department,ME,22630
ME0030700,Scarborough Police Department,ME,24473
ME0140200,Searsport Police Department,ME,2695
ME0130200,Skowhegan Police Department,ME,8676
ME0130000,Somerset County Sheriff's Office,ME,32371
ME0161300,South Berwick Police Department,ME,7914
ME0030600,South Portland Police Department,ME,27099
ME0050800,Southwest Harbor Police Department,ME,1870
ME0061700,State Fire Marshal,ME,0
MEMSP0000,State Police,ME,0
ME0070300,Thomaston Police Department,ME,2754
ME0120200,Topsham Police Department,ME,9885
ME0040600,University of Maine: Farmington,ME,0
ME0101800,University of Maine: Orono,ME,0
ME0031800,University of Southern Maine,ME,0
ME0101300,Veazie Police Department,ME,1851
ME0140000,Waldo County Sheriff's Office,ME,30547
ME0080300,Waldoboro Police Department,ME,5334
ME0150000,Washington County Sheriff's Office,ME,22301
ME0060400,Waterville Police Department,ME,17503
ME0161400,Wells Police Department,ME,12091
ME0030800,Westbrook Police Department,ME,21633
ME0040300,Wilton Police Department,ME,3903
ME0031500,Windham Police Department,ME,20004
ME0060700,Winslow Police Department,ME,8101
ME0051500,Winter Harbor Police Department,ME,487
ME0060800,Winthrop Police Department,ME,6200
ME0080400,Wiscasset Police Department,ME,4003
ME0031400,Yarmouth Police Department,ME,9076
ME0160000,York County Sheriff's Office,ME,53208
ME0161600,York Police Department,ME,14293
MI631800X,Addison Township Police Department,MI,6379
MI4620200,Adrian Police Department,MI,20171
MI4620300,Adrian Township Police Department,MI,6292
MI7920400,Akron Police Department,MI,367
MI1320700,Albion Police Department,MI,7445
MI0110100,Alcona County Sheriff's Office,MI,10705
MI0210200,Alger County Sheriff's Office,MI,6691
MI0310300,Allegan County Sheriff's Office,MI,94771
MI0321000,Allegan Police Department,MI,5136
MI8221200,Allen Park Police Department,MI,27377
MI2921300,Alma Police Department,MI,9320
MI4421400,Almont Police Department,MI,2847
MI0410400,Alpena County Sheriff's Office,MI,18731
MI0421500,Alpena Police Department,MI,10092
MI8121800,Ann Arbor Police Department,MI,122740
MI0510500,Antrim County Sheriff's Office,MI,19666
MI0610600,Arenac County Sheriff's Office,MI,14104
MI2521900,Argentine Township Police Department,MI,7003
MI5022000,Armada Police Department,MI,1683
MI0622500,Au Gres Police Department,MI,958
MI6385100,Auburn Hills Police Department,MI,26488
MI3922600,Augusta Police Department,MI,845
MI3222800,Bad Axe Police Department,MI,2951
MI7823000,Bancroft Police Department,MI,472
MI8023100,Bangor Police Department,MI,1967
MI0710700,Baraga County Sheriff's Office,MI,4461
MI0723200,Baraga Police Department,MI,1770
MI1123300,Baroda-Lake Township Police Department,MI,4272
MI0810800,Barry County Sheriff's Office,MI,45499
MI0823400,Barry Township Police Department,MI,3526
MI5423800,Barryton  Police Department,MI,414
MI1923600,Bath Township Police Department,MI,13575
MI1323700,Battle Creek Police Department,MI,61225
MI0923900,Bay City Police Department,MI,31954
MI0910900,Bay County Sheriff's Office,MI,55898
MIDI05400,Bay Mills Tribal,MI,0
MI2624200,Beaverton Police Department,MI,1220
MI3424400,Belding Police Department,MI,5973
MI0524500,Bellaire Police Department,MI,1055
MI8224600,Belleville Police Department,MI,3845
MI2324700,Bellevue Police Department,MI,1345
MI1124800,Benton Harbor Police Department,MI,8788
MI1124900,Benton Township Police Department,MI,14040
MI1011000,Benzie County Sheriff's Office,MI,17316
MI6325100,Berkley Police Department,MI,15350
MI1111100,Berrien County Sheriff's Office,MI,49862
MI1125200,Berrien Springs-Oronoko Township Police Department,MI,9047
MI6325500,Beverly Hills Police Department,MI,10542
MI5425600,Big Rapids Police Department,MI,8616
MI7325800,Birch Run Police Department,MI,1531
MI6325900,Birmingham Police Department,MI,22309
MI2525700,Bishop International Airport,MI,0
MI3889000,Blackman Township Police Department,MI,39280
MI4626000,Blissfield Police Department,MI,3244
MI6326100,Bloomfield Hills Police Department,MI,4444
MI6326200,Bloomfield Township Police Department,MI,44412
MI1526400,Boyne City Police Department,MI,3824
MI1211200,Branch County Sheriff's Office,MI,26239
MI631810X,Brandon Township Police Department,MI,15715
MI2926600,Breckenridge Police Department,MI,1265
MI7386300,Bridgeport Township Police Department,MI,9828
MI1126800,Bridgman Police Department,MI,2037
MI4726900,Brighton Police Department,MI,8058
MI1227200,Bronson Police Department,MI,2326
MI7627400,Brown City Police Department,MI,1289
MI8294700,Brownstown Township Police Department,MI,32695
MI1127600,Buchanan Police Department,MI,4139
MI7385600,Buena Vista Township Police Department,MI,7444
MI2583900,Burton Police Department,MI,29358
MI8328100,Cadillac Police Department,MI,10558
MI1311300,Calhoun County Sheriff's Office,MI,46009
MI4693100,Cambridge Township Police Department,MI,5736
MI8290800,Canton Township Police Department,MI,100042
MI7428600,Capac Police Department,MI,1936
MI1989100,Capitol Region Airport Authority,MI,0
MI5828700,Carleton Police Department,MI,2294
MI7929000,Caro Police Department,MI,4248
MI7328800,Carrollton Township Police Department,MI,5565
MI5929100,Carson City Police Department,MI,1149
MI3229300,Caseville Police Department,MI,637
MI3629500,Caspian-Gaastra Police Department,MI,1139
MI7929600,Cass City Police Department,MI,2477
MI1411400,Cass County Sheriff's Office,MI,37148
MI1429700,Cassopolis Police Department,MI,1701
MI5030300,Center Line Police Department,MI,8534
MI0530400,Central Lake Police Department,MI,989
MI3787000,Central Michigan University,MI,0
MI1511500,Charlevoix County Sheriff's Office,MI,17647
MI1530600,Charlevoix Police Department,MI,2330
MI2330700,Charlotte Police Department,MI,9303
MI1611600,Cheboygan County Sheriff's Office,MI,17712
MI1630900,Cheboygan Police Department,MI,4847
MI8131000,Chelsea Police Department,MI,5379
MI7331100,Chesaning Police Department,MI,2387
MI5090200,Chesterfield Township Police Department,MI,47569
MI1187100,Chikaming Township Police Department,MI,2731
MI1711700,Chippewa County Sheriff's Office,MI,16218
MI5231200,Chocolay Township Police Department,MI,6047
MI1811800,Clare County Sheriff's Office,MI,28231
MI1831300,Clare Police Department,MI,3301
MI631820X,Clarkston Police Department,MI,921
MI6331600,Clawson Police Department,MI,11460
MI7486700,Clay Township Police Department,MI,8235
MI2531400,Clayton Township Police Department,MI,7232
MI1911900,Clinton County Sheriff's Office,MI,33588
MI4632000,Clinton Police Department,MI,2475
MI5084900,Clinton Township Police Department,MI,101593
MI2532100,Clio Police Department,MI,2463
MI1232200,Coldwater Police Department,MI,14566
MI5632300,Coleman Police Department,MI,1262
MI1185300,Coloma Township Police Department,MI,6387
MI7532500,Colon Police Department,MI,1192
MI3832600,Columbia Township Police Department,MI,7533
MI631830X,Commerce Township Police Department,MI,40499
MI7532900,Constantine Police Department,MI,2002
MI7833500,Corunna Police Department,MI,3006
MI8087300,Covert Township Police Department,MI,2511
MI2012000,Crawford County Sheriff's Office,MI,11742
MI7633600,Croswell Police Department,MI,2284
MI3633800,Crystal Falls Police Department,MI,1603
MI2534200,Davison Police Department,MI,5042
MI2586000,Davison Township Police Department,MI,20437
MI8234400,Dearborn Heights Police Department,MI,60548
MI8234300,Dearborn Police Department,MI,105599
MI8034500,Decatur Police Department,MI,1652
MI7634600,Deckerville Police Department,MI,878
MI0988200,Delta College,MI,0
MI2112100,Delta County Sheriff's Office,MI,19044
MI7235500,Denton Township Police Department,MI,5449
MI3399800,Department of Natural Resources Law Enforcement Division,MI,0
MI8234900,Detroit Police Department,MI,642155
MI1935000,Dewitt Police Department,MI,4781
MI1985700,Dewitt Township Police Department,MI,15468
MI2212200,Dickinson County Sheriff's Office,MI,10446
MI1435400,Dowagiac Police Department,MI,5728
MI4435600,Dryden Township Police Department,MI,4801
MI5835700,Dundee Police Department,MI,6176
MI7835800,Durand Police Department,MI,4718
MI4136100,East Grand Rapids Police Department,MI,11672
MI1536200,East Jordan Police Department,MI,2244
MI3336400,East Lansing Police Department,MI,50447
MI3536400,East Tawas Police Department,MI,2678
MI8136600,Eastern Michigan University,MI,0
MI5036000,Eastpointe Police Department,MI,33865
MI2312300,Eaton County Sheriff's Office,MI,75806
MI2336700,Eaton Rapids Police Department,MI,5177
MI1136800,Eau Claire Police Department,MI,539
MI8237000,Ecorse Police Department,MI,8855
MI0537500,Elk Rapids Police Department,MI,1623
MI3237600,Elkton Police Department,MI,778
MI1937800,Elsie Police Department,MI,948
MI2412400,Emmet County Sheriff's Office,MI,26190
MI1337900,Emmett Township Police Department,MI,11761
MI5838100,Erie Township Police Department,MI,4365
MI2138200,Escanaba Police Department,MI,12267
MI0938300,Essexville Police Department,MI,3285
MI6738500,Evart Police Department,MI,1790
MI3238700,Fair Haven Township Police Department,MI,1064
MI6338900,Farmington Hills Police Department,MI,84262
MI6338800,Farmington Police Department,MI,11544
MI2539300,Fenton Police Department,MI,11846
MI6339400,Ferndale Police Department,MI,19490
MI5486400,Ferris State University,MI,0
MI8239700,Flat Rock Police Department,MI,10188
MI2539800,Flint Police Department,MI,79396
MI2539900,Flint Township Police Department,MI,30854
MI2540000,Flushing Police Department,MI,8183
MI2540100,Flushing Township Police Department,MI,10567
MI5284100,Forsyth Township Police Department,MI,6326
MI4740500,Fowlerville Police Department,MI,2871
MI7340600,Frankenmuth Police Department,MI,5224
MI1040700,Frankfort Police Department,MI,1283
MI6340800,Franklin Police Department,MI,3162
MI5040900,Fraser Police Department,MI,14512
MI0841000,Freeport Police Department,MI,555
MI6284200,Fremont Police Department,MI,4642
MI6141200,Fruitport Township Police Department,MI,15677
MI7941500,Gagetown Police Department,MI,317
MI1141800,Galien Police Department,MI,519
MI8242000,Garden City Police Department,MI,26196
MI4089200,Garfield Township Police Department,MI,1039
MI6942100,Gaylord Police Department,MI,4467
MI2589700,Genesee County Parks and Recreation,MI,0
MI2512500,Genesee County Sheriff's Office,MI,54070
MI2542200,Genesee Township Police Department,MI,20220
MI4144100,Gerald R. Ford International Airport,MI,0
MI7294600,Gerrish Township Police Department,MI,2863
MI8242300,Gibraltar Police Department,MI,4779
MI2142400,Gladstone Police Department,MI,5220
MI2612600,Gladwin County Sheriff's Office,MI,21707
MI2642500,Gladwin Police Department,MI,3149
MI2712700,Gogebic County Sheriff's Office,MI,7294
MI1160100,Grand Beach/Michiana Police Department,MI,504
MI2543100,Grand Blanc Police Department,MI,7886
MI2585200,Grand Blanc Township Police Department,MI,40100
MI7043200,Grand Haven Police Department,MI,11053
MI2343500,Grand Ledge Police Department,MI,7848
MI4142900,Grand Rapids Community College,MI,0
MI4143600,Grand Rapids Police Department,MI,200467
MI2812800,Grand Traverse County Sheriff's Office,MI,81180
MI4596900,Grand Traverse Tribal,MI,0
MI7088300,Grand Valley State University,MI,0
MI4143700,Grandville Police Department,MI,17368
MI6243800,Grant Police Department,MI,994
MI2912900,Gratiot County Sheriff's Office,MI,23116
MI2044000,Grayling Police Department,MI,1974
MI4786500,Green Oak Township Police Department,MI,19996
MI5944200,Greenville Police Department,MI,9185
MI8244500,Grosse Ile Township Police Department,MI,10391
MI8244700,Grosse Pointe Farms Police Department,MI,9716
MI8244800,Grosse Pointe Park Police Department,MI,11060
MI8244600,Grosse Pointe Police Department,MI,5496
MI8244900,Grosse Pointe Shores Police Department,MI,2534
MI8245000,Grosse Pointe Woods Police Department,MI,15768
MIDI03000,Gun Lake Tribal,MI,0
MI4745100,Hamburg Township Police Department,MI,20879
MI0991500,Hampton Township Police Department,MI,9593
MI8245300,Hamtramck Police Department,MI,27203
MI3145400,Hancock Police Department,MI,4640
MI5596800,Hannahville Tribal,MI,0
MI3245600,Harbor Beach Police Department,MI,1558
MI2445700,Harbor Springs Police Department,MI,1260
MI8245800,Harper Woods Police Department,MI,14814
MI6446200,Hart Police Department,MI,2060
MI8046300,Hartford Police Department,MI,2454
MI0846400,Hastings Police Department,MI,7510
MI6346500,Hazel Park Police Department,MI,15093
MI6446900,Hesperia Police Department,MI,979
MI8247100,Highland Park Police Department,MI,8256
MI631840X,Highland Township Police Department,MI,20636
MI3013000,Hillsdale County Sheriff's Office,MI,28234
MI3047300,Hillsdale Police Department,MI,7971
MI7047400,Holland Police Department,MI,35195
MI6347500,Holly Police Department,MI,5980
MI5937100,Home Township Police Department,MI,1563
MI3113100,Houghton County Sheriff's Office,MI,21929
MI3148000,Houghton Police Department,MI,8588
MI4748200,Howell Police Department,MI,9875
MI4648500,Hudson Police Department,MI,2347
MI6348700,Huntington Woods Police Department,MI,6339
MI3213200,Huron County Sheriff's Office,MI,18521
MI8286200,Huron Township Police Department,MI,16518
MI8186600,Huron-Clinton Metropolitan Authority: Hudson Mills Metropark,MI,0
MI6350400,Huron-Clinton Metropolitan Authority: Kensington Metropark,MI,0
MI8284400,Huron-Clinton Metropolitan Authority: Lower Huron Metropark,MI,0
MI5091800,Huron-Clinton Metropolitan Authority: Stony Creek Metropark,MI,0
MI4448800,Imlay City Police Department,MI,3763
MI631850X,Independence Township Police Department,MI,37873
MI3313300,Ingham County Sheriff's Office,MI,64455
MI8249000,Inkster Police Department,MI,24895
MI3413400,Ionia County Sheriff's Office,MI,42088
MI3449100,Ionia Police Department,MI,12005
MI3513500,Iosco County Sheriff's Office,MI,13604
MI3613600,Iron County Sheriff's Office,MI,5934
MI2249200,Iron Mountain Police Department,MI,7528
MI3649300,Iron River Police Department,MI,3021
MI2749400,Ironwood Police Department,MI,4917
MI3713700,Isabella County Sheriff's Office,MI,42469
MI5249500,Ishpeming Police Department,MI,6222
MI5290500,Ishpeming Township Police Department,MI,3454
MI3813800,Jackson County Sheriff's Office,MI,61876
MI3849700,Jackson Police Department,MI,30824
MI3049800,Jonesville Police Department,MI,2164
MI3913900,Kalamazoo County Sheriff's Office,MI,105442
MI3949900,Kalamazoo Police Department,MI,73244
MI3950000,Kalamazoo Township Police Department,MI,24475
MI3952500,Kalamazoo Valley Community College,MI,0
MI4014000,Kalkaska County Sheriff's Office,MI,15427
MI4050200,Kalkaska Police Department,MI,2272
MI6350300,Keego Harbor Police Department,MI,2766
MI1380100,Kellogg Community College,MI,0
MI4114100,Kent County Sheriff's Office,MI,270333
MI4185000,Kentwood Police Department,MI,54895
MIDI05000,Keweenaw Bay Tribal,MI,0
MI4214200,Keweenaw County Sheriff's Office,MI,2181
MI3250600,Kinde Police Department,MI,429
MI2250700,Kingsford Police Department,MI,5124
MI7950900,Kingston Police Department,MI,391
MI1750800,Kinross Township Police Department,MI,6527
MI6952000,Kirtland Community College: Gaylord,MI,0
MI2054000,Kirtland Community College: Grayling,MI,0
MI0751800,L'Anse Police Department,MI,1921
MI2796700,Lac Vieux Desert Tribal,MI,0
MI7851000,Laingsburg Police Department,MI,1407
MI6351100,Lake Angelus Police Department,MI,293
MI4314300,Lake County Sheriff's Office,MI,13204
MI3151400,Lake Linden Police Department,MI,1056
MI3451500,Lake Odessa Police Department,MI,2069
MI6351600,Lake Orion Police Department,MI,2853
MI5951700,Lakeview Police Department,MI,1061
MI3388600,Lansing Community College,MI,0
MI3351900,Lansing Police Department,MI,114787
MI3384300,Lansing Township Police Department,MI,8119
MI4414400,Lapeer County Sheriff's Office,MI,58915
MI4452000,Lapeer Police Department,MI,9174
MI4487600,Lapeer Township Police Department,MI,4993
MI6352100,Lathrup Village Police Department,MI,4064
MI3152200,Laurium Police Department,MI,1913
MI8052300,Lawrence Police Department,MI,1009
MI8052400,Lawton Police Department,MI,1873
MI4514500,Leelanau County Sheriff's Office,MI,22597
MI4614600,Lenawee County Sheriff's Office,MI,30469
MI7852600,Lennon Police Department,MI,469
MI3352800,Leslie Police Department,MI,1940
MI7653000,Lexington Police Department,MI,924
MI8253400,Lincoln Park Police Department,MI,38449
MI1176600,Lincoln Township Police Department,MI,14867
MI2553500,Linden Police Department,MI,4195
MI3053600,Litchfield Police Department,MI,1389
MIDI06000,Little River Band of Ottawa Indians,MI,0
MIDI05500,Little Traverse Bay Bands of Odawa Indians,MI,0
MI4714700,Livingston County Sheriff's Office,MI,129867
MI8253800,Livonia Police Department,MI,92547
MI4153900,Lowell Police Department,MI,4155
MI4814800,Luce County Sheriff's Office,MI,6295
MI5354000,Ludington Police Department,MI,7551
MI5854100,Luna Pier Police Department,MI,1352
MI631860X,Lyon Township Police Department,MI,27456
MI4914900,Mackinac County Sheriff's Office,MI,8233
MI4954500,Mackinac Island Police Department,MI,620
MI1654600,Mackinaw City Police Department,MI,839
MI5091200,Macomb Community College,MI,0
MI5015000,Macomb County Sheriff's Office,MI,192263
MI6354700,Madison Heights Police Department,MI,28684
MI4693500,Madison Township Police Department,MI,7399
MI0554800,Mancelona Police Department,MI,1406
MI5115100,Manistee County Sheriff's Office,MI,19326
MI5155000,Manistee Police Department,MI,6231
MI7755100,Manistique Police Department,MI,2879
MI8356900,Manton Police Department,MI,1602
MI2755500,Marenisco Township Police Department,MI,458
MI7455600,Marine City Police Department,MI,3990
MI7655800,Marlette Police Department,MI,1840
MI5215200,Marquette County Sheriff's Office,MI,19375
MI5255900,Marquette Police Department,MI,22029
MI1356000,Marshall Police Department,MI,6793
MI7456200,Marysville Police Department,MI,9836
MI5315300,Mason County Sheriff's Office,MI,21470
MI3356300,Mason Police Department,MI,8324
MI8056400,Mattawan Police Department,MI,2954
MI7956600,Mayville Police Department,MI,902
MI5415400,Mecosta County Sheriff's Office,MI,33181
MI8257200,Melvindale Police Department,MI,12301
MI7457300,Memphis Police Department,MI,1084
MI7591900,Mendon Police Department,MI,861
MI5515500,Menominee County Sheriff's Office,MI,14710
MI5557500,Menominee Police Department,MI,8173
MI3392600,Meridian Township Police Department,MI,45421
MI4457800,Metamora Township Police Department,MI,4552
MI2565000,Metro Police Authority of Genesee County Police Department,MI,21285
MI3300100,Michigan State Police,MI,0
MI3358100,Michigan State University,MI,0
MI3188500,Michigan Technological University,MI,0
MI5615600,Midland County Sheriff's Office,MI,39994
MI5658300,Midland Police Department,MI,42813
MI8158400,Milan Police Department,MI,6043
MI6358500,Milford Police Department,MI,17751
MI7958700,Millington Police Department,MI,1010
MI5715700,Missaukee County Sheriff's Office,MI,15238
MI5815800,Monroe County Sheriff's Office,MI,117721
MI5859000,Monroe Police Department,MI,20109
MI6159100,Montague Police Department,MI,2427
MI5915900,Montcalm County Sheriff's Office,MI,55424
MI6016000,Montmorency County Sheriff's Office,MI,9970
MI2589900,Montrose Township Police Department,MI,7630
MI4659400,Morenci Police Department,MI,2208
MI7859600,Morrice Police Department,MI,992
MI2595000,Mott Community College,MI,0
MI2559800,Mount Morris Police Department,MI,3078
MI2584500,Mount Morris Township Police Department,MI,19531
MI3759900,Mount Pleasant Police Department,MI,20935
MI0260200,Munising Police Department,MI,1942
MI6116100,Muskegon County Sheriff's Office,MI,58030
MI6160400,Muskegon Heights Police Department,MI,9782
MI6160300,Muskegon Police Department,MI,37306
MI6160500,Muskegon Township Police Department,MI,17862
MI3860600,Napoleon Township Police Department,MI,6748
MI0860700,Nashville Police Department,MI,1617
MI5260900,Negaunee Police Department,MI,4688
MI5061000,New Baltimore Police Department,MI,12141
MI1161100,New Buffalo Police Department,MI,1692
MI6461200,New Era Police Department,MI,463
MI7861400,New Lothrop Police Department,MI,580
MI6216200,Newaygo County Sheriff's Office,MI,41594
MI6261600,Newaygo Police Department,MI,2576
MI1161900,Niles Police Department,MI,11681
MI6162200,North Muskegon Police Department,MI,4088
MI5262300,Northern Michigan University,MI,0
MI8196400,Northfield Township Police Department,MI,9040
MI8262400,Northville Police Department,MI,6026
MI8286800,Northville Township Police Department,MI,31504
MI2878200,Northwest Regional Airport Authority,MI,0
MI6162500,Norton Shores Police Department,MI,25083
MI3892200,Norvell Township Police Department,MI,2825
MI2262600,Norway Police Department,MI,2842
MIDI07000,Nottawaseppi Huron Band of Potawatomi,MI,0
MI6362700,Novi Police Department,MI,68068
MI6362800,Oak Park Police Department,MI,29380
MI6392700,Oakland Community College,MI,0
MI6316300,Oakland County Sheriff's Office,MI,18816
MI631870X,Oakland Township Police Department,MI,20888
MI6388800,Oakland University,MI,0
MI7362900,Oakley Police Department,MI,289
MI6416400,Oceana County Sheriff's Office,MI,20075
MI6516500,Ogemaw County Sheriff's Office,MI,18031
MI2363000,Olivet Police Department,MI,1515
MI6616600,Ontonagon County Sheriff's Office,MI,5812
MI1437200,Ontwa Township-Edwardsburg Police Department,MI,6819
MI6363600,Orchard Lake Police Department,MI,2246
MI631880X,Orion Township Police Department,MI,36512
MI6716700,Osceola County Sheriff's Office,MI,19229
MI6816800,Oscoda County Sheriff's Office,MI,8663
MI3563900,Oscoda Township Police Department,MI,7206
MI2564000,Otisville Police Department,MI,805
MI6916900,Otsego County Sheriff's Office,MI,21781
MI0364100,Otsego Police Department,MI,4018
MI7017000,Ottawa County Sheriff's Office,MI,263814
MI1964300,Ovid Police Department,MI,1491
MI3264400,Owendale Police Department,MI,259
MI7864500,Owosso Police Department,MI,14506
MI6364600,Oxford Police Department,MI,3493
MI631890X,Oxford Township Police Department,MI,19794
MI8065100,Paw Paw Police Department,MI,3419
MI7665300,Peck Police Department,MI,596
MI6465600,Pentwater Police Department,MI,899
MI7866000,Perry Police Department,MI,2143
MI2466200,Petoskey Police Department,MI,5796
MI3266600,Pigeon Police Department,MI,1183
MI4766700,Pinckney Police Department,MI,2325
MI0966800,Pinconning Police Department,MI,1181
MI8190600,Pittsfield Township Police Department,MI,41117
MI0367000,Plainwell Police Department,MI,3723
MI6367100,Pleasant Ridge Police Department,MI,2618
MI8267200,Plymouth Police Department,MI,9148
MI8296500,Plymouth Township Police Department,MI,27024
MIDI00900,Pokagon Tribal,MI,0
MI631900X,Pontiac Police Department,MI,62702
MI3267400,Port Austin Police Department,MI,651
MI7467600,Port Huron Police Department,MI,28196
MI3967800,Portage Police Department,MI,50238
MI3467900,Portland Police Department,MI,3760
MI2368100,Potterville Police Department,MI,3137
MI0868500,Prairieville Township Police Department,MI,3415
MI7117100,Presque Isle County Sheriff's Office,MI,10350
MI1268800,Quincy Police Department,MI,1569
MI4668900,Raisin Township Police Department,MI,8138
MI3069200,Reading Police Department,MI,1077
MI8269300,Redford Township Police Department,MI,47379
MI6769400,Reed City Police Department,MI,2543
MI7969500,Reese Police Department,MI,1256
MI2586900,"Richfield Township Police Department, Genesee County",MI,8962
MI7290100,"Richfield Township Police Department, Roscommon County",MI,3594
MI3969800,Richland Police Department,MI,952
MI7346600,"Richland Township Police Department, Saginaw County",MI,3878
MI5069900,Richmond Police Department,MI,5914
MI8270000,River Rouge Police Department,MI,6798
MI8270100,Riverview Police Department,MI,11905
MI631910X,Rochester Hills Police Department,MI,78888
MI6370200,Rochester Police Department,MI,12973
MI4170400,Rockford Police Department,MI,6323
MI8270500,Rockwood Police Department,MI,3128
MI7170600,Rogers City Police Department,MI,2900
MI5070800,Romeo Police Department,MI,3756
MI8270900,Romulus Police Department,MI,24542
MI6171000,Roosevelt Park Police Department,MI,4124
MI7217200,Roscommon County Sheriff's Office,MI,12073
MI6571200,Rose City Police Department,MI,584
MI5071300,Roseville Police Department,MI,46906
MI3987800,Ross Township Police Department,MI,4088
MI6489600,Rothbury Police Department,MI,452
MI6371400,Royal Oak Police Department,MI,58300
MIDI05300,Saginaw Chippewa Tribal,MI,0
MI7317300,Saginaw County Sheriff's Office,MI,40537
MI7371700,Saginaw Police Department,MI,42727
MI7371800,Saginaw Township Police Department,MI,40841
MI7371900,Saginaw Valley State University,MI,0
MI8172800,Saline Police Department,MI,9130
MI7673000,Sandusky Police Department,MI,2673
MI7617600,Sanilac County Sheriff's Office,MI,29640
MI0335300,Saugatuck-Douglas Police Department,MI,2305
MI1773400,Sault Ste. Marie Police Department,MI,13272
MIDI05200,Sault Ste. Marie Tribal,MI,0
MI8297400,Schoolcraft College,MI,0
MI7717700,Schoolcraft County Sheriff's Office,MI,5306
MI3973600,Schoolcraft Police Department,MI,1444
MI3273800,Sebewaing Police Department,MI,1685
MI6473900,Shelby Police Department,MI,2178
MI5074000,Shelby Township Police Department,MI,80698
MI3774100,Shepherd Police Department,MI,1534
MI7817800,Shiawassee County Sheriff's Office,MI,39581
MI3074500,Somerset Township Police Department,MI,4585
MI8074700,South Haven Police Department,MI,4031
MI6374800,South Lyon Police Department,MI,12346
MI5875000,South Rockwood Police Department,MI,1580
MI6375100,Southfield Police Department,MI,76992
MI8275200,Southgate Police Department,MI,28880
MI4175400,Sparta Police Department,MI,4343
MI3875500,Spring Arbor Township Police Department,MI,8536
MI631920X,Springfield Township Police Department,MI,15035
MI3875800,Springport Township Police Department,MI,2138
MI7372000,St. Charles Police Department,MI,1932
MI7417400,St. Clair County Sheriff's Office,MI,99513
MI7472100,St. Clair Police Department,MI,5920
MI5072200,St. Clair Shores Police Department,MI,57908
MI4972400,St. Ignace Police Department,MI,2343
MI1972500,St. Johns Police Department,MI,7729
MI7517500,St. Joseph County Sheriff's Office,MI,36302
MI1172600,St. Joseph Police Department,MI,7896
MI1187700,St. Joseph Township Police Department,MI,9713
MI2972700,St. Louis Police Department,MI,7470
MI5976100,Stanton Police Department,MI,1406
MI0100100,State Police: Alcona County,MI,0
MI0200200,State Police: Alger County,MI,0
MI0300300,State Police: Allegan County,MI,0
MI0400400,State Police: Alpena County,MI,0
MI0500500,State Police: Antrim County,MI,0
MI0600600,State Police: Arenac County,MI,0
MI0700700,State Police: Baraga County,MI,0
MI0800800,State Police: Barry County,MI,0
MI0900900,State Police: Bay County,MI,0
MI1001000,State Police: Benzie County,MI,0
MI1101100,State Police: Berrien County,MI,0
MI1201200,State Police: Branch County,MI,0
MI1301300,State Police: Calhoun County,MI,0
MI1401400,State Police: Cass County,MI,0
MI1501500,State Police: Charlevoix County,MI,0
MI1601600,State Police: Cheboygan County,MI,0
MI1701700,State Police: Chippewa County,MI,0
MI1801800,State Police: Clare County,MI,0
MI1901900,State Police: Clinton County,MI,0
MI2002000,State Police: Crawford County,MI,0
MI2102100,State Police: Delta County,MI,0
MI2202200,State Police: Dickinson County,MI,0
MI2302300,State Police: Eaton County,MI,0
MI2402400,State Police: Emmet County,MI,0
MI2502500,State Police: Genesee County,MI,0
MI2602600,State Police: Gladwin County,MI,0
MI2702700,State Police: Gogebic County,MI,0
MI2802800,State Police: Grand Traverse County,MI,0
MI2902900,State Police: Gratiot County,MI,0
MI3003000,State Police: Hillsdale County,MI,0
MI3103100,State Police: Houghton County,MI,0
MI3203200,State Police: Huron County,MI,0
MI3303300,State Police: Ingham County,MI,0
MI3403400,State Police: Ionia County,MI,0
MI3503500,State Police: Iosco County,MI,0
MI3603600,State Police: Iron County,MI,0
MI3703700,State Police: Isabella County,MI,0
MI3803800,State Police: Jackson County,MI,0
MI3903900,State Police: Kalamazoo County,MI,0
MI4004000,State Police: Kalkaska County,MI,0
MI4104100,State Police: Kent County,MI,0
MI4204200,State Police: Keweenaw County,MI,0
MI4304300,State Police: Lake County,MI,0
MI4404400,State Police: Lapeer County,MI,0
MI4504500,State Police: Leelanau County,MI,0
MI4604600,State Police: Lenawee County,MI,0
MI4704700,State Police: Livingston County,MI,0
MI4804800,State Police: Luce County,MI,0
MI4904900,State Police: Mackinac County,MI,0
MI5005000,State Police: Macomb County,MI,0
MI5105100,State Police: Manistee County,MI,0
MI5205200,State Police: Marquette County,MI,0
MI5305300,State Police: Mason County,MI,0
MI5405400,State Police: Mecosta County,MI,0
MI5505500,State Police: Menominee County,MI,0
MI5605600,State Police: Midland County,MI,0
MI5705700,State Police: Missaukee County,MI,0
MI5805800,State Police: Monroe County,MI,0
MI5905900,State Police: Montcalm County,MI,0
MI6006000,State Police: Montmorency County,MI,0
MI6106100,State Police: Muskegon County,MI,0
MI6206200,State Police: Newaygo County,MI,0
MI6306300,State Police: Oakland County,MI,0
MI6406400,State Police: Oceana County,MI,0
MI6506500,State Police: Ogemaw County,MI,0
MI6606600,State Police: Ontonagon County,MI,0
MI6706700,State Police: Osceola County,MI,0
MI6806800,State Police: Oscoda County,MI,0
MI6906900,State Police: Otsego County,MI,0
MI7007000,State Police: Ottawa County,MI,0
MI7107100,State Police: Presque Isle County,MI,0
MI7207200,State Police: Roscommon County,MI,0
MI7307300,State Police: Saginaw County,MI,0
MI7607600,State Police: Sanilac County,MI,0
MI7707700,State Police: Schoolcraft County,MI,0
MI7807800,State Police: Shiawassee County,MI,0
MI7407400,State Police: St. Clair County,MI,0
MI7507500,State Police: St. Joseph County,MI,0
MI7907900,State Police: Tuscola County,MI,0
MI8008000,State Police: Van Buren County,MI,0
MI8108100,State Police: Washtenaw County,MI,0
MI8208200,State Police: Wayne County,MI,0
MI8308300,State Police: Wexford County,MI,0
MI5076500,Sterling Heights Police Department,MI,134402
MI3376700,Stockbridge Police Department,MI,1310
MI7576800,Sturgis Police Department,MI,11002
MI8277000,Sumpter Township Police Department,MI,11685
MI6377300,Sylvan Lake Police Department,MI,1712
MI3577400,Tawas City Police Department,MI,1840
MI8277500,Taylor Police Department,MI,61146
MI4677600,Tecumseh Police Department,MI,8590
MI7389400,Thomas Township Police Department,MI,11922
MI1177900,Three Oaks Police Department,MI,1391
MI7578000,Three Rivers Police Department,MI,7957
MI7377800,Tittabawassee Township Police Department,MI,11015
MI2878100,Traverse City Police Department,MI,15809
MI8278300,Trenton Police Department,MI,17830
MI6378400,Troy Police Department,MI,89741
MI1684700,Tuscarora Township Police Department,MI,3146
MI7917900,Tuscola County Sheriff's Office,MI,38828
MI3278900,Ubly Police Department,MI,827
MI4794100,Unadilla Township Police Department,MI,3271
MI1279000,Union City Police Department,MI,1733
MI8190300,University of Michigan: Ann Arbor,MI,0
MI8290600,University of Michigan: Dearborn,MI,0
MI2590400,University of Michigan: Flint,MI,0
MI5079200,Utica Police Department,MI,5117
MI8018000,Van Buren County Sheriff's Office,MI,54178
MI8279300,Van Buren Township Police Department,MI,29688
MI7979500,Vassar Police Department,MI,2683
MI3979900,Vicksburg Police Department,MI,4013
MI4180200,Walker Police Department,MI,26096
MI6480300,Walkerville Police Department,MI,276
MI6380400,Walled Lake Police Department,MI,7461
MI5080600,Warren Police Department,MI,137310
MI8180500,Washtenaw Community College,MI,0
MI8118100,Washtenaw County Sheriff's Office,MI,162060
MI6380800,Waterford Township Police Department,MI,70573
MI2780900,Watersmeet Township Police Department,MI,1474
MI1181000,Watervliet Police Department,MI,1718
MI0381100,Wayland Police Department,MI,4571
MI8293900,Wayne County Airport,MI,0
MI8218200,Wayne County Sheriff's Office,MI,0
MI8281200,Wayne Police Department,MI,17003
MI6381500,West Bloomfield Township Police Department,MI,66804
MI6581600,West Branch Police Department,MI,2357
MI3988100,Western Michigan University,MI,0
MI8281700,Westland Police Department,MI,82161
MI8318300,Wexford County Sheriff's Office,MI,22392
MI6282000,White Cloud Police Department,MI,1528
MI6382100,White Lake Township Police Department,MI,31660
MI7582200,White Pigeon Police Department,MI,1731
MI6182400,Whitehall Police Department,MI,3185
MI3382600,Williamston Police Department,MI,3858
MI6382700,Wixom Police Department,MI,17571
MI6382900,Wolverine Lake Police Department,MI,4504
MI8283100,Woodhaven Police Department,MI,12497
MI0883200,Woodland Township Police Department,MI,2072
MI8283300,Wyandotte Police Department,MI,24046
MI4183400,Wyoming Police Department,MI,79015
MI7483500,Yale Police Department,MI,1873
MI8183600,Ypsilanti Police Department,MI,20055
MI7083700,Zeeland Police Department,MI,5617
MI7383800,Zilwaukee Police Department,MI,1484
MN0540100,Ada Police Department,MN,1683
MN0530200,Adrian Police Department,MN,1199
MN0010000,Aitkin County Sheriff's Office,MN,13370
MN0010100,Aitkin Police Department,MN,2175
MN0290200,Akeley Police Department,MN,422
MN0731400,Albany Police Department,MN,2897
MN0240100,Albert Lea Police Department,MN,18074
MN0240200,Alden Police Department,MN,573
MN0210100,Alexandria Police Department,MN,15043
MN0860600,Annandale Police Department,MN,3524
MN0020000,Anoka County Sheriff's Office,MN,88166
MN0020100,Anoka Police Department,MN,18110
MN0191000,Apple Valley Police Department,MN,55025
MN0760100,Appleton Police Department,MN,1344
MN0720100,Arlington Police Department,MN,2334
MN0340200,Atwater Police Department,MN,1093
MN0030300,Audubon Police Department,MN,570
MN0500100,Austin Police Department,MN,26812
MN0731600,Avon Police Department,MN,1770
MN0690200,Babbitt Police Department,MN,1364
MN0150100,Bagley Police Department,MN,1309
MN0140100,Barnesville Police Department,MN,2766
MN0560400,Battle Lake Police Department,MN,929
MN0180500,Baxter Police Department,MN,9317
MN0820100,Bayport Police Department,MN,3727
MN0030000,Becker County Sheriff's Office,MN,22801
MN0710400,Becker Police Department,MN,5344
MN0730800,Belgrade/Brooten Police Department,MN,1395
MN0700100,Belle Plaine Police Department,MN,7463
MN0040000,Beltrami County Sheriff's Office,MN,30396
MN0040100,Bemidji Police Department,MN,15815
MN0760200,Benson Police Department,MN,3398
MN0050000,Benton County Sheriff's Office,MN,13959
MN0710100,Big Lake Police Department,MN,13141
MN0060000,Big Stone County Sheriff's Office,MN,5058
MN0040200,Blackduck Police Department,MN,808
MN0020200,Blaine Police Department,MN,76398
MN0740200,Blooming Prairie Police Department,MN,1931
MN0270100,Bloomington Police Department,MN,87974
MN0070000,Blue Earth County Sheriff's Office,MN,18412
MN0220100,Blue Earth Police Department,MN,3157
MN0300200,Braham Police Department,MN,1771
MN0180100,Brainerd Police Department,MN,14407
MN0840100,Breckenridge Police Department,MN,3281
MN0180300,Breezy Point Police Department,MN,2793
MN0692100,Breitung Township Police Department,MN,528
MN0270200,Brooklyn Center Police Department,MN,31297
MN0270300,Brooklyn Park Police Department,MN,82087
MN0080000,Brown County Sheriff's Office,MN,6312
MN0430300,Brownton Police Department,MN,702
MN0650600,Buffalo Lake Police Department,MN,639
MN0860100,Buffalo Police Department,MN,16851
MNBCA0000,Bureau of Criminal Apprehension,MN,0
MN0190100,Burnsville Police Department,MN,64952
MN0280100,Caledonia Police Department,MN,2743
MN0030900,Callaway Police Department,MN,181
MN0300100,Cambridge Police Department,MN,11325
MN0870100,Canby Police Department,MN,1658
MN0250100,Cannon Falls Police Department,MN,4197
MNMHP1300,"Capitol Security, St. Paul",MN,0
MN0090000,Carlton County Sheriff's Office,MN,24534
MN0100000,Carver County Sheriff's Office,MN,83537
MN0110000,Cass County Sheriff's Office,MN,28262
MN0020300,Centennial Lakes Police Department,MN,12212
MN0272900,Champlin Police Department,MN,22848
MN0100200,Chaska Police Department,MN,30771
MN0230100,Chatfield Police Department,MN,3028
MN0120000,Chippewa County Sheriff's Office,MN,6078
MN0130000,Chisago County Sheriff's Office,MN,27988
MN0690500,Chisholm Police Department,MN,4643
MN0140000,Clay County Sheriff's Office,MN,10083
MN0150200,Clearbrook Police Department,MN,468
MN0150000,Clearwater County Sheriff's Office,MN,6892
MN0400600,Cleveland Police Department,MN,776
MN0090100,Cloquet Police Department,MN,12452
MN0730100,Cold Spring/Richmond Police Department,MN,5895
MN0310200,Coleraine Police Department,MN,1993
MN0020400,Columbia Heights Police Department,MN,23420
MN0160000,Cook County Sheriff's Office,MN,5580
MN0020500,Coon Rapids Police Department,MN,63860
MN0273100,Corcoran Police Department,MN,9010
MN0820700,Cottage Grove Police Department,MN,43759
MN0170000,Cottonwood County Sheriff's Office,MN,3871
MN0600100,Crookston Police Department,MN,7216
MN0180200,Crosby Police Department,MN,2321
MN0180400,Crosslake Police Department,MN,2415
MN0180000,Crow Wing County Sheriff's Office,MN,32593
MN0270400,Crystal Police Department,MN,21801
MN0181300,Cuyuna Police Department,MN,335
MN0190000,Dakota County Sheriff's Office,MN,19599
MN0370100,Dawson/Boyd Police Department,MN,1563
MN0273200,Dayton Police Department,MN,11784
MN0270500,Deephaven Police Department,MN,3734
MN0310700,Deer River Police Department,MN,935
MN0180600,Deerwood Police Department,MN,569
MNCON0000,Department of Natural Resources Enforcement Division,MN,0
MN0030100,Detroit Lakes Police Department,MN,10032
MN0140200,Dilworth Police Department,MN,4864
MN0200000,Dodge County Sheriff's Office,MN,13264
MN0210000,Douglas County Sheriff's Office,MN,23612
MN0690600,Duluth Police Department,MN,88307
MN0660300,Dundas Police Department,MN,1831
MN0190800,Eagan Police Department,MN,66870
MN0600200,East Grand Forks Police Department,MN,8858
MN0694400,East Range Police Department,MN,3627
MN0272600,Eden Prairie Police Department,MN,62593
MN0470200,Eden Valley Police Department,MN,1078
MN0270600,Edina Police Department,MN,53617
MN0710200,Elk River Police Department,MN,28039
MN0701000,Elko New Market Police Department,MN,5290
MN0690700,Ely Police Department,MN,3202
MN0690800,Eveleth Police Department,MN,3398
MN0650100,Fairfax Police Department,MN,1210
MN0460100,Fairmont Police Department,MN,10110
MN0220000,Faribault County Sheriff's Office,MN,6332
MN0660100,Faribault Police Department,MN,25117
MN0190200,Farmington Police Department,MN,24671
MN0560100,Fergus Falls Police Department,MN,14294
MN0230000,Fillmore County Sheriff's Office,MN,16595
MN0691500,Floodwood Police Department,MN,516
MN0050100,Foley Police Department,MN,2726
MNDI07000,Fond du Lac Tribal,MN,0
MN0820200,Forest Lake Police Department,MN,20700
MN0600300,Fosston Police Department,MN,1366
MN0030200,Frazee Police Department,MN,1305
MN0240000,Freeborn County Sheriff's Office,MN,11606
MN0020600,Fridley Police Department,MN,30963
MN0510100,Fulda Police Department,MN,1317
MN0720200,Gaylord Police Department,MN,2346
MN0720400,Gibbon Police Department,MN,789
MN0690900,Gilbert Police Department,MN,1647
MN0430100,Glencoe Police Department,MN,5641
MN0610100,Glenwood Police Department,MN,2658
MN0140600,Glyndon Police Department,MN,1384
MN0270800,Golden Valley Police Department,MN,20970
MN0250000,Goodhue County Sheriff's Office,MN,20329
MN0850300,Goodview Police Department,MN,4081
MN0310300,Grand Rapids Police Department,MN,11284
MN0870200,Granite Falls Police Department,MN,2664
MN0260000,Grant County Sheriff's Office,MN,6131
MN0350100,Hallock Police Department,MN,843
MN0190300,Hastings Police Department,MN,22591
MN0140300,Hawley Police Department,MN,2284
MN0650200,Hector Police Department,MN,988
MN0720500,Henderson Police Department,MN,996
MN0270000,Hennepin County Sheriff's Office,MN,10082
MN0560600,Henning Police Department,MN,858
MN0691700,Hermantown Police Department,MN,10276
MN0691000,Hibbing Police Department,MN,15881
MN0010400,Hill City Police Department,MN,616
MN0280500,Hokah Police Department,MN,530
MN0270900,Hopkins Police Department,MN,19584
MN0280000,Houston County Sheriff's Office,MN,8888
MN0280200,Houston Police Department,MN,963
MN0860400,Howard Lake Police Department,MN,2289
MN0290000,Hubbard County Sheriff's Office,MN,17420
MN0430200,Hutchinson Police Department,MN,14734
MN0360100,International Falls Police Department,MN,5430
MN0190900,Inver Grove Heights Police Department,MN,36327
MN0300000,Isanti County Sheriff's Office,MN,23650
MN0300300,Isanti Police Department,MN,7655
MN0480300,Isle Police Department,MN,832
MN0310000,Itasca County Sheriff's Office,MN,29531
MN0320000,Jackson County Sheriff's Office,MN,8152
MN0810100,Janesville Police Department,MN,2465
MN0700200,Jordan Police Department,MN,6873
MN0330000,Kanabec County Sheriff's Office,MN,16794
MN0340000,Kandiyohi County Sheriff's Office,MN,21834
MN0200200,Kasson Police Department,MN,7288
MN0310400,Keewatin Police Department,MN,965
MN0250400,Kenyon Police Department,MN,1869
MN0350000,Kittson County Sheriff's Office,MN,3112
MN0360000,Koochiching County Sheriff's Office,MN,6088
MN0280300,La Crescent Police Department,MN,5236
MN0370000,Lac qui Parle County Sheriff's Office,MN,5075
MN0790100,Lake City Police Department,MN,5320
MN0380000,Lake County Sheriff's Office,MN,5505
MN0070500,Lake Crystal Police Department,MN,2471
MN0030400,Lake Park Police Department,MN,711
MN0110800,Lake Shore Police Department,MN,1137
MN0390000,Lake of the Woods County Sheriff's Office,MN,3814
MN0320200,Lakefield Police Department,MN,1704
MN0130900,Lakes Area Police Department,MN,11047
MN0191100,Lakeville Police Department,MN,80095
MN0640100,Lamberton Police Department,MN,777
MN0400100,Le Center Police Department,MN,2533
MN0400000,Le Sueur County Sheriff's Office,MN,13263
MN0400200,Le Sueur Police Department,MN,4237
MNDI00500,Leech Lake Band of Ojibwe,MN,0
MN0850400,Lewiston Police Department,MN,1508
MN0410000,Lincoln County Sheriff's Office,MN,4466
MN0020700,Lino Lakes Police Department,MN,23111
MN0470100,Litchfield Police Department,MN,6487
MN0490100,Little Falls Police Department,MN,9228
MN0770100,Long Prairie Police Department,MN,3724
MN0660400,Lonsdale Police Department,MN,5159
MNDI06000,Lower Sioux Tribal,MN,0
MN0420000,Lyon County Sheriff's Office,MN,8261
MN0071000,Madison Lake Police Department,MN,1330
MN0440000,Mahnomen County Sheriff's Office,MN,5287
MN0070100,Mankato Police Department,MN,46927
MN0272700,Maple Grove Police Department,MN,73363
MN0070200,Mapleton Police Department,MN,2133
MN0620400,Maplewood Police Department,MN,39828
MN0450000,Marshall County Sheriff's Office,MN,8728
MN0420100,Marshall Police Department,MN,14033
MN0460000,Martin County Sheriff's Office,MN,7667
MN0010200,McGregor Police Department,MN,378
MN0430000,McLeod County Sheriff's Office,MN,11699
MN0273000,Medina Police Department,MN,7302
MN0470000,Meeker County Sheriff's Office,MN,16521
MN0730200,Melrose Police Department,MN,3993
MN0800400,Menahga Police Department,MN,1370
MN0190400,Mendota Heights Police Department,MN,11489
MN0274300,Metropolitan Transit Commission,MN,0
MN0480100,Milaca Police Department,MN,3073
MN0480000,Mille Lacs County Sheriff's Office,MN,18042
MNDI02400,Mille Lacs Tribal,MN,0
MN0271100,Minneapolis Police Department,MN,428057
MN0272500,Minneapolis-St. Paul International Airport,MN,0
MN0420300,Minneota Police Department,MN,1354
MNGED0000,Minnesota Department of Public Safety Alcohol and Gambling Enforcement,MN,0
MN0221000,Minnesota Lake Police Department,MN,660
MN0622000,Minnesota State Fair Police,MN,0
MNMHP2000,Minnesota State Patrol,MN,0
MN0271200,Minnetonka Police Department,MN,52294
MN0272800,Minnetrista Police Department,MN,11431
MN0120200,Montevideo Police Department,MN,5270
MN0400300,Montgomery Police Department,MN,3609
MN0140400,Moorhead Police Department,MN,46027
MN0640400,Morgan Police Department,MN,875
MN0490000,Morrison County Sheriff's Office,MN,22096
MN0490200,Motley Police Department,MN,688
MN0620500,Mounds View Police Department,MN,12779
MN0170100,Mountain Lake Police Department,MN,1931
MN0500000,Mower County Sheriff's Office,MN,14413
MN0510000,Murray County Sheriff's Office,MN,4764
MN0310500,Nashwauk Police Department,MN,958
MNDI05100,Nett Lake Tribal,MN,0
MN0620600,New Brighton Police Department,MN,22189
MN0271400,New Hope Police Department,MN,20465
MN0700300,New Prague Police Department,MN,8255
MN0810200,New Richland Police Department,MN,1180
MN0080100,New Ulm Police Department,MN,13931
MN0560700,New York Mills Police Department,MN,1516
MN0520000,Nicollet County Sheriff's Office,MN,7926
MN0181000,Nisswa Police Department,MN,2205
MN0530000,Nobles County Sheriff's Office,MN,7049
MN0540000,Norman County Sheriff's Office,MN,4581
MN0130500,North Branch Police Department,MN,12637
MN0520100,North Mankato Police Department,MN,14103
MN0620700,North St. Paul Police Department,MN,12766
MN0660200,Northfield Police Department,MN,21442
MN0821400,Oak Park Heights Police Department,MN,4633
MN0820800,Oakdale Police Department,MN,31027
MN0650300,Olivia Police Department,MN,2295
MN0550000,Olmsted County Sheriff's Office,MN,42432
MN0480400,Onamia Police Department,MN,844
MN0271500,Orono Police Department,MN,19315
MN0210200,Osakis Police Department,MN,1741
MN0271600,Osseo Police Department,MN,2490
MN0560000,Otter Tail County Sheriff's Office,MN,36163
MN0740100,Owatonna Police Department,MN,26680
MN0290100,Park Rapids Police Department,MN,4437
MN0560800,Parkers Prairie Police Department,MN,1032
MN0730300,Paynesville Police Department,MN,2636
MN0560200,Pelican Rapids Police Department,MN,2594
MN0570000,Pennington County Sheriff's Office,MN,4852
MN0181100,Pequot Lakes Police Department,MN,2478
MN0560300,Perham Police Department,MN,3758
MN0490300,Pierz Police Department,MN,1471
MN0110700,Pillager Police Department,MN,536
MN0580000,Pine County Sheriff's Office,MN,30771
MN0110500,Pine River Police Department,MN,927
MN0601300,Pine To Prairie Drug Task Force,MN,0
MN0590000,Pipestone County Sheriff's Office,MN,9047
MN0790200,Plainview Police Department,MN,3503
MN0271700,Plymouth Police Department,MN,77963
MN0600000,Polk County Sheriff's Office,MN,12890
MN0610000,Pope County Sheriff's Office,MN,7478
MN0230400,Preston Police Department,MN,1315
MN0480200,Princeton Police Department,MN,5412
MN0700900,Prior Lake Police Department,MN,28117
MN0691300,Proctor Police Department,MN,3067
MN0620000,Ramsey County Sheriff's Office,MN,80782
MN0021300,Ramsey Police Department,MN,29304
MNDI05000,Red Lake Agency,MN,0
MN0630000,Red Lake County Sheriff's Office,MN,3877
MN0250300,Red Wing Police Department,MN,16828
MN0640000,Redwood County Sheriff's Office,MN,7851
MN0640200,Redwood Falls Police Department,MN,5021
MN0650000,Renville County Sheriff's Office,MN,7593
MN0650400,Renville Police Department,MN,1709
MN0660000,Rice County Sheriff's Office,MN,17401
MN0050300,Rice Police Department,MN,2268
MN0271800,Richfield Police Department,MN,36384
MN0271900,Robbinsdale Police Department,MN,13850
MN0550100,Rochester Police Department,MN,124142
MN0670000,Rock County Sheriff's Office,MN,9511
MN0273400,Rogers Police Department,MN,14805
MN0680000,Roseau County Sheriff's Office,MN,10581
MN0680100,Roseau Police Department,MN,2688
MN0190500,Rosemount Police Department,MN,31932
MN0620800,Roseville Police Department,MN,35618
MN0490500,Royalton Police Department,MN,1279
MN0230500,Rushford Police Department,MN,1849
MN0731200,Sartell Police Department,MN,20133
MN0730500,Sauk Centre Police Department,MN,4711
MN0050200,Sauk Rapids Police Department,MN,13816
MN0700600,Savage Police Department,MN,32977
MN0700000,Scott County Sheriff's Office,MN,24170
MN0800200,Sebeka Police Department,MN,756
MN0700400,Shakopee Police Department,MN,49549
MN0460200,Sherburn Police Department,MN,1047
MN0710000,Sherburne County Sheriff's Office,MN,50096
MN0720000,Sibley County Sheriff's Office,MN,7538
MN0380100,Silver Bay Police Department,MN,1756
MN0510200,Slayton Police Department,MN,1955
MN0080200,Sleepy Eye Police Department,MN,3501
MN0270700,South Lake Minnetonka Police Department,MN,12057
MN0190600,South St. Paul Police Department,MN,20560
MN0020800,Spring Lake Park Police Department,MN,7059
MN0080300,Springfield Police Department,MN,1986
MN0272000,St. Anthony Police Department,MN,12595
MN0850100,St. Charles Police Department,MN,4065
MN0730400,St. Cloud Police Department,MN,72794
MN0021500,St. Francis Police Department,MN,8613
MN0830200,St. James Police Department,MN,4737
MN0731100,St. Joseph Police Department,MN,6974
MN0690000,St. Louis County Sheriff's Office,MN,56832
MN0272100,St. Louis Park Police Department,MN,49870
MN0820500,St. Paul Park Police Department,MN,5341
MN0620900,St. Paul Police Department,MN,307657
MN0520200,St. Peter Police Department,MN,12552
MN0770200,Staples Police Department,MN,3090
MN0610200,Starbuck Police Department,MN,1432
MNMHP0700,State Patrol: Brainerd,MN,0
MNMHP0800,State Patrol: Detroit Lakes,MN,0
MNMHP1100,State Patrol: Duluth,MN,0
MNMHP0400,State Patrol: Golden Valley,MN,0
MNMHP1200,State Patrol: Mankato,MN,0
MNMHP0300,State Patrol: Marshall,MN,0
MNMHP0100,State Patrol: Oakdale,MN,0
MNMHP0200,State Patrol: Rochester,MN,0
MNMHP0600,State Patrol: St. Cloud,MN,0
MNMHP0900,State Patrol: Thief River Falls,MN,0
MNMHP1000,State Patrol: Virginia,MN,0
MN0730000,Stearns County Sheriff's Office,MN,50824
MN0740000,Steele County Sheriff's Office,MN,8938
MN0750000,Stevens County Sheriff's Office,MN,9885
MN0820600,Stillwater Police Department,MN,19382
MN0760000,Swift County Sheriff's Office,MN,4913
MN0570100,Thief River Falls Police Department,MN,8764
MN0274000,Three Rivers Park District,MN,0
MN0770000,Todd County Sheriff's Office,MN,20144
MN0420200,Tracy Police Department,MN,2037
MN0780000,Traverse County Sheriff's Office,MN,3088
MN0460700,Trimont Police Department,MN,684
MN0380200,Two Harbors Police Department,MN,3414
MN0410100,Tyler Police Department,MN,1094
MN0691800,University of Minnesota: Duluth,MN,0
MN0750600,University of Minnesota: Morris,MN,0
MN0272400,University of Minnesota: Twin Cities,MN,0
MNDI02300,Upper Sioux Community,MN,0
MN0691400,Virginia Police Department,MN,8231
MN0790000,Wabasha County Sheriff's Office,MN,11154
MN0790300,Wabasha Police Department,MN,2606
MN0800000,Wadena County Sheriff's Office,MN,7260
MN0800100,Wadena Police Department,MN,4378
MN0730600,Waite Park Police Department,MN,8545
MN0110200,Walker Police Department,MN,983
MN0640700,Walnut Grove Police Department,MN,729
MN0680200,Warroad Police Department,MN,2026
MN0810000,Waseca County Sheriff's Office,MN,5993
MN0810300,Waseca Police Department,MN,9030
MN0820000,Washington County Sheriff's Office,MN,77899
MN0400400,Waterville Police Department,MN,1768
MN0830000,Watonwan County Sheriff's Office,MN,6489
MN0272300,Wayzata Police Department,MN,6275
MN0220400,Wells Police Department,MN,2400
MN0200600,West Concord Police Department,MN,837
MN0273700,West Hennepin Police Department,MN,5327
MN0190700,West St. Paul Police Department,MN,22278
MN0170500,Westbrook Police Department,MN,728
MN0621000,White Bear Lake Police Department,MN,23245
MN0030600,White Earth Tribal,MN,0
MN0840000,Wilkin County Sheriff's Office,MN,2952
MN0340100,Willmar Police Department,MN,22110
MN0170200,Windom Police Department,MN,4794
MN0220500,Winnebago Police Department,MN,1379
MN0850000,Winona County Sheriff's Office,MN,14236
MN0850200,Winona Police Department,MN,26221
MN0430700,Winsted Lester Prairie Police Department,MN,4111
MN0720600,Winthrop Police Department,MN,1333
MN0821100,Woodbury Police Department,MN,81929
MN0530100,Worthington Police Department,MN,13721
MN0860000,Wright County Sheriff's Office,MN,135626
MN0130800,Wyoming Police Department,MN,8208
MN0870000,Yellow Medicine County Sheriff's Office,MN,5955
MN0250800,Zumbrota Police Department,MN,4086
MO0101800,13th Judicial Court Marshal,MO,0
MO0010000,Adair County Sheriff's Office,MO,7841
MO0070100,Adrian Police Department,MO,1787
MO1040100,Advance Police Department,MO,1332
MO0540100,Alma Police Department,MO,394
MO0750100,Alton Police Department,MO,703
MO0600100,Anderson Police Department,MO,2102
MO0020000,Andrew County Sheriff's Office,MO,10515
MO0470300,Annapolis Police Department,MO,244
MO0930100,Appleton City Police Department,MO,1093
MO0350900,Arbyrd Police Department,MO,385
MO0470400,Arcadia Police Department,MO,605
MO0190100,Archie Police Department,MO,1281
MO0500700,Arnold Police Department,MO,21068
MO0390100,Ash Grove Police Department,MO,1525
MO0100500,Ashland Police Department,MO,5271
MO0030000,Atchison County Sheriff's Office,MO,2411
MO0040000,Audrain County Sheriff's Office,MO,11677
MO0550100,Aurora Police Department,MO,7665
MO0140100,Auxvasse Police Department,MO,1028
MO0340100,Ava Police Department,MO,3259
MO0950200,Ballwin Police Department,MO,30881
MO0050000,Barry County Sheriff's Office,MO,22243
MO0060000,Barton County Sheriff's Office,MO,6800
MO0541100,Bates City Police Department,MO,233
MO0070000,Bates County Sheriff's Office,MO,8999
MO0390500,Battlefield Police Department,MO,6291
MO0950500,Bel-Nor Police Department,MO,1348
MO0950300,Bella Villa Police Department,MO,729
MO0950400,Bellefontaine Neighbors Police Department,MO,10329
MO0700400,Bellflower Police Department,MO,339
MO0190200,Belton Police Department,MO,26341
MO0080000,Benton County Sheriff's Office,MO,16151
MO1010700,Benton Police Department,MO,922
MO0360100,Berger Police Department,MO,269
MO0950700,Berkeley Police Department,MO,8018
MO1040200,Bernie Police Department,MO,1830
MO0670400,Bertrand Police Department,MO,701
MO0410100,Bethany Police Department,MO,2913
MO0220100,Billings Police Department,MO,1208
MO1020100,Birch Tree Police Department,MO,566
MO0940100,Bismarck Police Department,MO,1219
MO0370100,Bland Police Department,MO,498
MO1040300,Bloomfield Police Department,MO,1738
MO0482900,Blue Spring Public Schools,MO,0
MO0480100,Blue Springs Police Department,MO,61854
MO0840100,Bolivar Police Department,MO,11743
MO0090000,Bollinger County Sheriff's Office,MO,9244
MO0940200,Bonne Terre Police Department,MO,6395
MO0100000,Boone County Sheriff's Office,MO,50252
MO0270100,Boonville Police Department,MO,7934
MO0280100,Bourbon Police Department,MO,1526
MO0820100,Bowling Green Police Department,MO,4480
MO1070100,Branson Police Department,MO,12924
MO1050600,Branson West Police Department,MO,498
MO0950800,Breckenridge Hills Police Department,MO,4348
MO0950900,Brentwood Police Department,MO,8084
MO0951000,Bridgeton Police Department,MO,11269
MO0580100,Brookfield Police Department,MO,4114
MO0210100,Brunswick Police Department,MO,796
MO0110000,Buchanan County Sheriff's Office,MO,12500
MO0580200,Bucklin Police Department,MO,413
MO0480200,Buckner Police Department,MO,2881
MO0300100,Buffalo Police Department,MO,3563
MO0900200,Bunker Police Department,MO,297
MO0120000,Butler County Sheriff's Office,MO,25140
MO0070200,Butler Police Department,MO,4299
MO0501500,Byrnes Mill Police Department,MO,3192
MO1080100,Cabool Police Department,MO,2091
MO0130000,Caldwell County Sheriff's Office,MO,6786
MO0680100,California Police Department,MO,4528
MO0140000,Callaway County Sheriff's Office,MO,26193
MO0951100,Calverton Park Police Department,MO,1130
MO0150000,Camden County Sheriff's Office,MO,34767
MO0890400,Camden Police Department,MO,178
MO0150100,Camdenton Police Department,MO,4052
MO0250100,Cameron Police Department,MO,6985
MO0350100,Campbell Police Department,MO,1494
MO0720700,Canalou Police Department,MO,145
MO0560100,Canton Police Department,MO,2741
MO0160000,Cape Girardeau County Sheriff's Office,MO,26628
MO0160100,Cape Girardeau Police Department,MO,41080
MO0261700,Capitol Police,MO,0
MO0350200,Cardwell Police Department,MO,527
MO0490100,Carl Junction Police Department,MO,8500
MO0170000,Carroll County Sheriff's Office,MO,4915
MO0170100,Carrollton Police Department,MO,3489
MO0180000,Carter County Sheriff's Office,MO,4199
MO0490200,Carterville Police Department,MO,1869
MO0490300,Carthage Police Department,MO,15733
MO0780100,Caruthersville Police Department,MO,5081
MO0190000,Cass County Sheriff's Office,MO,27241
MO0050100,Cassville Police Department,MO,3262
MO0200000,Cedar County Sheriff's Office,MO,9637
MO0870100,Center Police Department,MO,540
MO0100100,Centralia Police Department,MO,4870
MO1010100,Chaffee Police Department,MO,3010
MO0210000,Chariton County Sheriff's Office,MO,4554
MO0670100,Charleston Police Department,MO,4412
MO0959A00,Chesterfield Police Department,MO,49345
MO0590100,Chillicothe Police Department,MO,9246
MO0220000,Christian County Sheriff's Office,MO,39482
MO0230000,Clark County Sheriff's Office,MO,4640
MO0951300,Clarkson Valley Police Department,MO,2544
MO0350300,Clarkton Police Department,MO,938
MO0240000,Clay County Sheriff's Office,MO,18677
MO0240200,Claycomo Police Department,MO,1377
MO0951400,Clayton Police Department,MO,17552
MO0191100,Cleveland Police Department,MO,642
MO0220400,Clever Police Department,MO,3165
MO0250000,Clinton County Sheriff's Office,MO,10798
MO0420100,Clinton Police Department,MO,9510
MO0080100,Cole Camp Police Department,MO,1189
MO0080700,Cole Camp School District,MO,0
MO0260000,Cole County Sheriff's Office,MO,35332
MO0100200,Columbia Police Department,MO,132072
MO0540200,Concordia Police Department,MO,2353
MO0270000,Cooper County Sheriff's Office,MO,7897
MO0780200,Cooter Police Department,MO,313
MO0540300,Corder Police Department,MO,430
MO0920700,Cottleville Police Department,MO,6561
MO0951600,Country Club Hills Police Department,MO,994
MO0020500,Country Club Village Police Department,MO,2494
MO1050100,Crane Police Department,MO,1525
MO0280000,Crawford County Sheriff's Office,MO,15040
MO0951800,Crestwood Police Department,MO,12200
MO0951900,Creve Coeur Police Department,MO,18463
MO0850100,Crocker Police Department,MO,912
MO0731500,Crowder College,MO,0
MO0500100,Crystal City Police Department,MO,4695
MO0891300,Crystal Lakes Police Department,MO,398
MO0280200,Cuba Police Department,MO,3246
MO0290000,Dade County Sheriff's Office,MO,6417
MO0300000,Dallas County Sheriff's Office,MO,14508
MO0310000,Daviess County Sheriff's Office,MO,6711
MO0500200,De Soto Police Department,MO,6517
MO0320000,DeKalb County Sheriff's Office,MO,6812
MO0160300,Delta Police Department,MO,380
MO0330000,Dent County Sheriff's Office,MO,9958
MO0261500,Department of Conservation,MO,0
MO0262200,"Department of Revenue, Compliance and Investigation Bureau",MO,0
MO0262100,Department of Social Services State Technical Assistance Team,MO,0
MO0952200,Des Peres Police Department,MO,9167
MO0940300,Desloge Police Department,MO,4839
MO1040400,Dexter Police Department,MO,7877
MO0730100,Diamond Police Department,MO,905
MO0261300,Division of Alcohol and Tobacco Control,MO,0
MO0850200,Dixon Police Department,MO,1211
MO0910100,Doniphan Police Department,MO,1782
MO0810300,Doolittle Police Department,MO,579
MO0340000,Douglas County Sheriff's Office,MO,9212
MO0190300,Drexel Police Department,MO,951
MO0491400,Duenweg Police Department,MO,2151
MO0350000,Dunklin County Sheriff's Office,MO,7256
MO0502100,Dunklin R-5 School District,MO,0
MO0491500,Duquesne Police Department,MO,2378
MO0191200,East Lynne Police Department,MO,304
MO0670200,East Prairie Police Department,MO,2840
MO0810600,Edgar Springs Police Department,MO,204
MO0831100,Edgerton Police Department,MO,611
MO0520200,Edina Police Department,MO,1015
MO0952300,Edmundson Police Department,MO,846
MO0200100,El Dorado Springs Police Department,MO,3718
MO0660100,Eldon Police Department,MO,4792
MO0900100,Ellington Police Department,MO,760
MO0952500,Ellisville Police Department,MO,10458
MO0180200,Ellsinore Police Department,MO,420
MO0570100,Elsberry Police Department,MO,2122
MO1020300,Eminence Police Department,MO,535
MO0980600,Emma Police Department,MO,205
MO0952600,Eureka Police Department,MO,13682
MO0240300,Excelsior Springs Police Department,MO,10763
MO0050300,Exeter Police Department,MO,761
MO0390700,Fair Grove Police Department,MO,1634
MO0840900,Fair Play Police Department,MO,454
MO0730600,Fairview Police Department,MO,433
MO0040100,Farber Police Department,MO,253
MO0940600,Farmington Police Department,MO,19539
MO0450100,Fayette Police Department,MO,2841
MO0952800,Ferguson Police Department,MO,17935
MO0500300,Festus Police Department,MO,13994
MO0890700,Fleming Police Department,MO,114
MO0952900,Flordell Hills Police Department,MO,703
MO0953000,Florissant Police Department,MO,51002
MO1130400,Fordland Police Department,MO,817
MO0921200,Foristell Police Department,MO,814
MO1070200,Forsyth Police Department,MO,2774
MO0820800,Frankford Police Department,MO,347
MO0360000,Franklin County Sheriff's Office,MO,57709
MO0620100,Fredericktown Police Department,MO,4618
MO0953100,Frontenac Police Department,MO,4128
MO0140300,Fulton Police Department,MO,12564
MO1050200,Galena Police Department,MO,482
MO0310100,Gallatin Police Department,MO,1859
MO0190800,Garden City Police Department,MO,1591
MO0370000,Gasconade County Sheriff's Office,MO,8773
MO0380000,Gentry County Sheriff's Office,MO,6340
MO0360200,Gerald Police Department,MO,1355
MO0720100,Gideon Police Department,MO,704
MO0240400,Gladstone Police Department,MO,27699
MO0450200,Glasgow Police Department,MO,1076
MO0953200,Glendale Police Department,MO,6060
MO0600500,Goodman Police Department,MO,1332
MO0250200,Gower Police Department,MO,1530
MO0480300,Grain Valley Police Department,MO,17167
MO0730200,Granby Police Department,MO,2109
MO0480400,Grandview Police Department,MO,26657
MO1060900,Green City R-1 Schools,MO,0
MO0390000,Greene County Sheriff's Office,MO,96707
MO0290100,Greenfield Police Department,MO,1215
MO0480500,Greenwood Police Department,MO,6288
MO0400000,Grundy County Sheriff's Office,MO,4180
MO0100600,Hallsville Police Department,MO,1805
MO0130300,Hamilton Police Department,MO,1754
MO0640100,Hannibal Police Department,MO,16744
MO0890100,Hardin Police Department,MO,551
MO0410000,Harrison County Sheriff's Office,MO,5281
MO0190400,Harrisonville Police Department,MO,9943
MO1150100,Hartville Police Department,MO,634
MO0570700,Hawk Point Police Department,MO,779
MO0780300,Hayti Police Department,MO,2225
MO0953800,Hazelwood Police Department,MO,24837
MO0890800,Henrietta Police Department,MO,273
MO0420000,Henry County Sheriff's Office,MO,13220
MO0500800,Herculaneum Police Department,MO,5485
MO0370200,Hermann Police Department,MO,2194
MO0430000,Hickory County Sheriff's Office,MO,8890
MO0540400,Higginsville Police Department,MO,4781
MO0700600,High Hill Police Department,MO,185
MO0220800,Highlandville Police Department,MO,988
MO0500400,Hillsboro Police Department,MO,3489
MO0953900,Hillsdale Police Department,MO,1178
MO0350800,Holcomb Police Department,MO,586
MO0510100,Holden Police Department,MO,2335
MO1070300,Hollister Police Department,MO,4680
MO0440000,Holt County Sheriff's Office,MO,2413
MO0140500,Holts Summit Police Department,MO,5532
MO0350400,Hornersville Police Department,MO,498
MO1080200,Houston Police Department,MO,2219
MO0450000,Howard County Sheriff's Office,MO,6262
MO0720900,Howardville Police Department,MO,249
MO0460000,Howell County Sheriff's Office,MO,23272
MO0840200,Humansville Police Department,MO,946
MO0880200,Huntsville Police Department,MO,1344
MO0660200,Iberia Police Department,MO,724
MO0480600,Independence Police Department,MO,121329
MO1050700,Indian Point Police Department,MO,590
MO0470000,Iron County Sheriff's Office,MO,5771
MO0941500,Iron Mountain Lake Police Department,MO,640
MO0470100,Ironton Police Department,MO,1437
MO048270X,Jackson County Drug Task Force,MO,0
MO0482300,Jackson County Park Rangers,MO,0
MO0480000,Jackson County Sheriff's Office,MO,24568
MO0160200,Jackson Police Department,MO,16050
MO0680500,Jamestown Police Department,MO,332
MO0490000,Jasper County Sheriff's Office,MO,31595
MO0490400,Jasper Police Department,MO,872
MO0260100,Jefferson City Police Department,MO,42573
MO0501900,Jefferson College,MO,0
MO0500000,Jefferson County Sheriff's Office,MO,168412
MO0510000,Johnson County Sheriff's Office,MO,30333
MO0700100,Jonesburg Police Department,MO,839
MO0490700,Joplin Police Department,MO,54063
MO0230100,Kahoka Police Department,MO,1975
MO0831800,Kansas City International Airport,MO,0
MOKPD0000,Kansas City Police Department,MO,518039
MO0240500,Kearney Police Department,MO,11411
MO1011000,Kelso Police Department,MO,552
MO0350500,Kennett Police Department,MO,10049
MO0210200,Keytesville Police Department,MO,447
MO1050500,Kimberling City Police Department,MO,2376
MO0500500,Kimmswick Police Department,MO,130
MO0010100,Kirksville Police Department,MO,17923
MO0954300,Kirkwood Police Department,MO,29321
MO0510200,Knob Noster Police Department,MO,2977
MO0520000,Knox County Sheriff's Office,MO,2726
MO0560300,La Grange Police Department,MO,801
MO0610200,La Plata Police Department,MO,1243
MO0530000,Laclede County Sheriff's Office,MO,21172
MO0040200,Laddonia Police Department,MO,509
MO0954400,Ladue Police Department,MO,8927
MO0540000,Lafayette County Sheriff's Office,MO,12841
MO0541600,Lake Lafayette Police Department,MO,310
MO0480700,Lake Lotawana Police Department,MO,2740
MO0660300,Lake Ozark Police Department,MO,2244
MO0920900,Lake St. Louis Police Department,MO,19805
MO0481300,Lake Tapawingo Police Department,MO,779
MO0191000,Lake Winnebago Police Department,MO,1869
MO0954500,Lakeshire Police Department,MO,1510
MO0060100,Lamar Police Department,MO,4308
MO0950D00,Lambert-St. Louis International Airport,MO,0
MO0600600,Lanagan Police Department,MO,383
MO0250400,Lathrop Police Department,MO,2277
MO0710700,Laurie Police Department,MO,1110
MO0550000,Lawrence County Sheriff's Office,MO,19442
MO0890300,Lawson Police Department,MO,2520
MO0941600,Leadington Police Department,MO,763
MO0940800,Leadwood Police Department,MO,1150
MO0530200,Lebanon Police Department,MO,15670
MO0480800,Lee's Summit Police Department,MO,107668
MO0510900,Leeton Police Department,MO,553
MO0560000,Lewis County Sheriff's Office,MO,6266
MO0540500,Lexington Police Department,MO,4580
MO0060900,Liberal Police Department,MO,635
MO0240600,Liberty Police Department,MO,31506
MO1080300,Licking Police Department,MO,3038
MO0720200,Lilbourn Police Department,MO,895
MO0570000,Lincoln County Sheriff's Office,MO,42747
MO0080200,Lincoln Police Department,MO,1218
MO0261800,Lincoln University,MO,0
MO0580000,Linn County Sheriff's Office,MO,5271
MO0150600,Linn Creek Police Department,MO,221
MO0760300,Linn Police Department,MO,1444
MO0590000,Livingston County Sheriff's Office,MO,5587
MO0391700,Logan-Rogersville School District,MO,0
MO0481200,Lone Jack Police Department,MO,1900
MO0820300,Louisiana Police Department,MO,3253
MO0930500,Lowry City Police Department,MO,661
MO0610000,Macon County Sheriff's Office,MO,8409
MO0610300,Macon Police Department,MO,5523
MO0620000,Madison County Sheriff's Office,MO,8103
MO0350600,Malden Police Department,MO,3483
MO0954700,Manchester Police Department,MO,18074
MO1150200,Mansfield Police Department,MO,1325
MO0954800,Maplewood Police Department,MO,8030
MO0090200,Marble Hill Police Department,MO,1382
MO0580300,Marceline Police Department,MO,2131
MO0630000,Maries County Sheriff's Office,MO,7942
MO0640000,Marion County Sheriff's Office,MO,7798
MO0550200,Marionville Police Department,MO,2098
MO0620300,Marquand Police Department,MO,191
MO0262300,Marshal's Office: 19th Judicial District,MO,0
MO0980100,Marshall Police Department,MO,13790
MO1130100,Marshfield Police Department,MO,8051
MO0721000,Marston Police Department,MO,359
MO0040300,Martinsburg Police Department,MO,259
MO0950H00,Maryland Heights Police Department,MO,27527
MO0740200,Maryville Police Department,MO,10089
MO0721100,Matthews Police Department,MO,494
MO0600000,McDonald County Sheriff's Office,MO,16387
MO1000100,Memphis Police Department,MO,1726
MO0650000,Mercer County Sheriff's Office,MO,3438
MO1070600,Merriam Woods Police Department,MO,2051
MO0481900,Metropolitan Community College,MO,0
MO0040400,Mexico Police Department,MO,11493
MO1060100,Milan Police Department,MO,1732
MO0660000,Miller County Sheriff's Office,MO,17783
MO1010900,Miner Police Department,MO,889
MO0942400,Mineral Area College,MO,0
MO0670000,Mississippi County Sheriff's Office,MO,3710
MO0492800,Missouri Southern State University,MO,0
MOMHP0000,Missouri State Highway Patrol,MO,0
MO0262400,Missouri Supreme Court Marshals,MO,0
MO0810700,Missouri University of Science and Technology,MO,0
MO0111100,Missouri Western State University,MO,0
MO0880300,Moberly Police Department,MO,13279
MO0955100,Moline Acres Police Department,MO,2089
MO0050200,Monett Police Department,MO,10226
MO0680000,Moniteau County Sheriff's Office,MO,7814
MO0690200,Monroe City Police Department,MO,2717
MO0690000,Monroe County Sheriff's Office,MO,6763
MO0700200,Montgomery City Police Department,MO,2789
MO0700000,Montgomery County Sheriff's Office,MO,5771
MO0720300,Morehouse Police Department,MO,672
MO0710000,Morgan County Sheriff's Office,MO,17759
MO1010800,Morley Police Department,MO,684
MO0842400,Morrisville Police Department,MO,401
MO0570800,Moscow Mills Police Department,MO,4345
MO0440400,Mound City Police Department,MO,1008
MO0550400,Mount Vernon Police Department,MO,4753
MO1150300,Mountain Grove Police Department,MO,4788
MO0460100,Mountain View Police Department,MO,2678
MO0361600,Multi County Narcotics and Violent Crimes Enforcement,MO,0
MO0540900,Napoleon Police Department,MO,213
MO0730300,Neosho Police Department,MO,14060
MO0731600,Neosho School District,MO,0
MO1090100,Nevada Police Department,MO,8315
MO0700800,New Florence Police Department,MO,636
MO0360300,New Haven Police Department,MO,2394
MO0870200,New London Police Department,MO,987
MO0720000,New Madrid County Sheriff's Office,MO,4290
MO0720400,New Madrid Police Department,MO,2556
MO0810400,Newburg Police Department,MO,337
MO0730000,Newton County Sheriff's Office,MO,34443
MO1130500,Niangua Police Department,MO,419
MO0220200,Nixa Police Department,MO,27133
MO0220900,Nixa Schools,MO,0
MO0740000,Nodaway County Sheriff's Office,MO,10296
MO0600200,Noel Police Department,MO,2206
MO0955200,Normandy Police Department,MO,8669
MO0240700,North Kansas City Police Department,MO,5949
MO0111000,Northwest Missouri Drug Task Force,MO,0
MO074015Y,Northwest Missouri State University,MO,0
MO0955300,Northwoods Police Department,MO,3831
MO0920100,O'Fallon Police Department,MO,96304
MO0480900,Oak Grove Police Department,MO,9379
MO0959700,Oakland Police Department,MO,1375
MO0241000,Oakview Village Police Department,MO,365
MO0540600,Odessa Police Department,MO,5709
MO0570200,Old Monroe Police Department,MO,286
MO0955500,Olivette Police Department,MO,9079
MO1010400,Oran Police Department,MO,1206
MO0750000,Oregon County Sheriff's Office,MO,6110
MO0440500,Oregon Police Department,MO,834
MO0492100,Oronogo Police Department,MO,3329
MO0890900,Orrick Police Department,MO,737
MO0150200,Osage Beach Police Department,MO,5236
MO0760000,Osage County Sheriff's Office,MO,12090
MO0930200,Osceola Police Department,MO,990
MO0270300,Otterville Police Department,MO,451
MO0955600,Overland Police Department,MO,15456
MO0370300,Owensville Police Department,MO,2774
MO0770000,Ozark County Sheriff's Office,MO,9241
MO0220300,Ozark Police Department,MO,23732
MO0492900,Ozarks Drug Enforcement Team,MO,0
MO0360400,Pacific Police Department,MO,7970
MO0955700,Pagedale Police Department,MO,2506
MO0640200,Palmyra Police Department,MO,3650
MO0942200,Park Hills Police Department,MO,8730
MO0830100,Parkville Police Department,MO,9406
MO0190600,Peculiar Police Department,MO,6377
MO0780000,Pemiscot County Sheriff's Office,MO,4854
MO0790000,Perry County Sheriff's Office,MO,10583
MO0870300,Perry Police Department,MO,688
MO0790100,Perryville Police Department,MO,8553
MO0800000,Pettis County Sheriff's Office,MO,21544
MO0500600,Pevely Police Department,MO,6118
MO0810000,Phelps County Sheriff's Office,MO,20054
MO1120100,Piedmont Police Department,MO,1863
MO0550500,Pierce City Police Department,MO,1278
MO0820000,Pike County Sheriff's Office,MO,10024
MO0270500,Pilot Grove Police Department,MO,697
MO0470200,Pilot Knob Police Department,MO,686
MO0600300,Pineville Police Department,MO,856
MO0830200,Platte City Police Department,MO,4889
MO0830000,Platte County Sheriff's Office,MO,34495
MO0830300,Platte Woods Police Department,MO,394
MO0250500,Plattsburg Police Department,MO,2263
MO0190500,Pleasant Hill Police Department,MO,8882
MO0841400,Pleasant Hope Police Department,MO,697
MO0240900,Pleasant Valley Police Department,MO,2750
MO0840000,Polk County Sheriff's Office,MO,19209
MO0130700,Polo Police Department,MO,507
MO0120200,Poplar Bluff Police Department,MO,16151
MO0720600,Portageville Police Department,MO,2675
MO1110300,Potosi Police Department,MO,2548
MO0270400,Prairie Home Police Department,MO,267
MO0850000,Pulaski County Sheriff's Office,MO,39194
MO0050400,Purdy Police Department,MO,1058
MO0860000,Putnam County Sheriff's Office,MO,2851
MO1040500,Puxico Police Department,MO,867
MO0120300,Qulin Police Department,MO,468
MO0870000,Ralls County Sheriff's Office,MO,8006
MO0880000,Randolph County Sheriff's Office,MO,9365
MO0890000,Ray County Sheriff's Office,MO,11751
MO0190700,Raymore Police Department,MO,26759
MO0481000,Raytown Police Department,MO,29071
MO1050300,Reeds Spring Police Department,MO,1247
MO0390200,Republic Police Department,MO,22067
MO0900000,Reynolds County Sheriff's Office,MO,4936
MO0070400,Rich Hill Police Department,MO,1264
MO0850300,Richland Police Department,MO,1728
MO0956200,Richmond Heights Police Department,MO,9052
MO0890200,Richmond Police Department,MO,5921
MO0910000,Ripley County Sheriff's Office,MO,8947
MO0830500,Riverside Police Department,MO,4630
MO0956300,Riverview Police Department,MO,2319
MO0956400,Rock Hill Police Department,MO,4652
MO0030200,Rock Port Police Department,MO,1229
MO1070400,Rockaway Beach Police Department,MO,812
MO1130600,Rogersville Police Department,MO,5786
MO0810100,Rolla Police Department,MO,20849
MO0370400,Rosebud Police Department,MO,394
MO1000400,Rutledge Police Department,MO,83
MO0330100,Salem Police Department,MO,4748
MO0980000,Saline County Sheriff's Office,MO,8081
MO0210400,Salisbury Police Department,MO,1570
MO0490500,Sarcoxie Police Department,MO,1421
MO0020100,Savannah Police Department,MO,5082
MO0990000,Schuyler County Sheriff's Office,MO,4085
MO1000000,Scotland County Sheriff's Office,MO,2888
MO1010500,Scott City Police Department,MO,4456
MO1010000,Scott County Sheriff's Office,MO,12127
MO0800300,Sedalia Police Department,MO,22454
MO0050500,Seligman Police Department,MO,946
MO0350700,Senath Police Department,MO,1496
MO0730400,Seneca Police Department,MO,2336
MO1130200,Seymour Police Department,MO,1956
MO1020000,Shannon County Sheriff's Office,MO,5180
MO1030400,Shelbina Police Department,MO,1552
MO1030000,Shelby County Sheriff's Office,MO,4334
MO0956900,Shrewsbury Police Department,MO,6229
MO1010600,Sikeston Police Department,MO,16011
MO0240800,Smithville Police Department,MO,11096
MO0160900,Southeast Missouri State University,MO,0
MO0600400,Southwest City Police Department,MO,991
MO0220500,Sparta Police Department,MO,1976
MO0390300,Springfield Police Department,MO,170958
MO0391500,Springfield Public Schools,MO,0
MO0391400,Springfield-Branson Airport,MO,0
MO0391800,Springfield-Greene County Park Rangers,MO,0
MO0956500,St. Ann Police Department,MO,12632
MO0921400,St. Charles Community College,MO,0
MO0922400,St. Charles County Police Department,MO,120397
MO0920000,St. Charles County Sheriff's Office,MO,0
MO0920300,St. Charles Police Department,MO,72881
MO0922500,St. Charles Regional Drug Task Force,MO,0
MO0930000,St. Clair County Sheriff's Office,MO,7236
MO0360500,St. Clair Police Department,MO,4727
MO0940000,St. Francois County Sheriff's Office,MO,24507
MO0810200,St. James Police Department,MO,3937
MO0956700,St. John Police Department,MO,6434
MO0110100,St. Joseph Police Department,MO,70838
MO1160000,St. Louis City Sheriff's Office,MO,0
MO0950C00,St. Louis Community College: Meramec,MO,0
MO0958800,St. Louis County Park Rangers,MO,0
MO0950000,St. Louis County Police Department,MO,400341
MOSPD0000,St. Louis Police Department,MO,274819
MO0920400,St. Peters Police Department,MO,62360
MO0850400,St. Robert Police Department,MO,5585
MO0261200,State Fire Marshal,MO,0
MO0261600,State Park Rangers,MO,0
MO0970000,Ste. Genevieve County Sheriff's Office,MO,13534
MO0970100,Ste. Genevieve Police Department,MO,5032
MO0780500,Steele Police Department,MO,1656
MO0280300,Steelville Police Department,MO,1440
MO0320300,Stewartsville Police Department,MO,732
MO0200200,Stockton Police Department,MO,1881
MO1040000,Stoddard County Sheriff's Office,MO,14746
MO1050000,Stone County Sheriff's Office,MO,26285
MO0710100,Stover Police Department,MO,1081
MO0390800,Strafford Police Department,MO,2863
MO0191600,Strasburg Police Department,MO,117
MO0481100,Sugar Creek Police Department,MO,3202
MO1060000,Sullivan County Sheriff's Office,MO,3964
MO0281000,Sullivan Police Department,MO,6930
MO1080500,Summersville Police Department,MO,475
MO0150900,Sunrise Beach Police Department,MO,542
MO0957000,Sunset Hills Police Department,MO,9078
MO0980300,Sweet Springs Police Department,MO,1333
MO1070000,Taney County Sheriff's Office,MO,33685
MO0030300,Tarkio Police Department,MO,1459
MO116069E,Terminal Railroad,MO,0
MO1080000,Texas County Sheriff's Office,MO,18151
MO0750200,Thayer Police Department,MO,1910
MO0680200,Tipton Police Department,MO,2643
MO0957200,Town and Country Police Department,MO,11622
MO0831400,Tracy Police Department,MO,331
MO0400100,Trenton Police Department,MO,5590
MO0570400,Troy Police Department,MO,15557
MO1100200,Truesdale Police Department,MO,945
MO0010600,Truman State University,MO,0
MO0360700,Union Police Department,MO,13407
MO0860100,Unionville Police Department,MO,1653
MO0957300,University City Police Department,MO,34147
MO0510400,University of Central Missouri,MO,0
MO0100400,University of Missouri: Columbia,MO,0
MO0482000,University of Missouri: Kansas City,MO,0
MO0950B00,University of Missouri: St. Louis,MO,0
MO0180100,Van Buren Police Department,MO,781
MO0957500,Velda City Police Department,MO,1302
MO1090000,Vernon County Sheriff's Office,MO,11504
MO0551000,Verona Police Department,MO,514
MO0710200,Versailles Police Department,MO,2733
MO0470500,Viburnum Police Department,MO,656
MO0630400,Vienna Police Department,MO,580
MO0957700,Vinita Park Police Department,MO,8783
MO0390400,Walnut Grove Police Department,MO,641
MO1100000,Warren County Sheriff's Office,MO,22235
MO0510300,Warrensburg Police Department,MO,20163
MO1100300,Warrenton Police Department,MO,9649
MO0080300,Warsaw Police Department,MO,2369
MO0957900,Warson Woods Police Department,MO,1987
MO0050700,Washburn Police Department,MO,418
MO1110000,Washington County Sheriff's Office,MO,21077
MO0360800,Washington Police Department,MO,15734
MO095019E,Washington University,MO,0
MO0540700,Waverly Police Department,MO,822
MO1120000,Wayne County Sheriff's Office,MO,8931
MO0850500,Waynesville Police Department,MO,5509
MO0831500,Weatherby Lake Police Department,MO,2137
MO0490600,Webb City Police Department,MO,13474
MO1130000,Webster County Sheriff's Office,MO,26765
MO0958000,Webster Groves Police Department,MO,23409
MO0540800,Wellington Police Department,MO,765
MO0700300,Wellsville Police Department,MO,1011
MO0920500,Wentzville Police Department,MO,49528
MO0460200,West Plains Police Department,MO,12834
MO0830400,Weston Police Department,MO,1857
MO0050800,Wheaton Police Department,MO,686
MO0390900,Willard Police Department,MO,6699
MO0392100,Willard Public Schools,MO,0
MO0460300,Willow Springs Police Department,MO,2228
MO0570500,Winfield Police Department,MO,1665
MO1020200,Winona Police Department,MO,996
MO0891100,Wood Heights Police Department,MO,746
MO0958400,Woodson Terrace Police Department,MO,3873
MO1140000,Worth County Sheriff's Office,MO,1849
MO1100400,Wright City Police Department,MO,5966
MO1150000,Wright County Sheriff's Office,MO,13266
MS0480100,Aberdeen Police Department,MS,4802
MS0100100,Ackerman Police Department,MS,1541
MS0010000,Adams County Sheriff's Office,MS,14445
MS0020000,Alcorn County Sheriff's Office,MS,20144
MS0030000,Amite County Sheriff's Office,MS,11599
MS0480200,Amory Police Department,MS,6353
MS0040000,Attala County Sheriff's Office,MS,10460
MS0590200,Baldwyn Police Department,MS,3087
MS0540100,Batesville Police Department,MS,7319
MS0310100,Bay Springs Police Department,MS,1448
MS0230200,Bay St. Louis Police Department,MS,10822
MS0270100,Belzoni Police Department,MS,1706
MS0050000,Benton County Sheriff's Office,MS,7577
MS0240100,Biloxi Police Department,MS,47829
MS0730400,Blue Springs Police Department,MS,440
MS0060000,Bolivar County Sheriff's Office,MS,11674
MS0251800,Bolton Police Department,MS,415
MS0590100,Booneville Police Department,MS,9416
MS006090X,Boyle Police Department,MS,484
MS0610100,Brandon Police Department,MS,26058
MS0430100,Brookhaven Police Department,MS,11654
MS0070100,Bruce Police Department,MS,1602
MS0470300,Byhalia Police Department,MS,1378
MS0253200,Byram Police Department,MS,12563
MS0440400,Caledonia Police Department,MS,1112
MS0070200,Calhoun City Police Department,MS,1463
MS0070000,Calhoun County Sheriff's Office,MS,7667
MS0450100,Canton Police Department,MS,10744
MS024510X,Capitol Police: Biloxi,MS,0
MS018500X,Capitol Police: Hattiesburg,MS,0
MS0080000,Carroll County Sheriff's Office,MS,8405
MS0400100,Carthage Police Department,MS,4846
MS0680100,Charleston Police Department,MS,1655
MS0090000,Chickasaw County Sheriff's Office,MS,10704
MS0100000,Choctaw County Sheriff's Office,MS,6498
MSDI05000,Choctaw Tribal,MS,0
MS0110000,Claiborne County Sheriff's Office,MS,6794
MS0120000,Clarke County Sheriff's Office,MS,12375
MS0140100,Clarksdale Police Department,MS,13641
MS0130000,Clay County Sheriff's Office,MS,8522
MS0060100,Cleveland Police Department,MS,9956
MS0250300,Clinton Police Department,MS,26290
MS0140300,Coahoma Community College,MS,0
MS0140000,Coahoma County Sheriff's Office,MS,6288
MS0810200,Coffeeville Police Department,MS,775
MS0690300,Coldwater Police Department,MS,1312
MS0160100,Collins Police Department,MS,2218
MS0460100,Columbia Police Department,MS,6478
MS0440100,Columbus Police Department,MS,22535
MS0253700,Commercial Transportation Enforcement Division Headquarters,MS,0
MS0540800,Commercial Transportation Enforcement Division: Batesville,MS,0
MS0241700,Commercial Transportation Enforcement Division: Biloxi,MS,0
MS0430400,Commercial Transportation Enforcement Division: Brookhaven,MS,0
MS0420600,Commercial Transportation Enforcement Division: Greenwood,MS,0
MS0181100,Commercial Transportation Enforcement Division: Hattiesburg,MS,0
MS0381100,Commercial Transportation Enforcement Division: Meridian,MS,0
MS0730600,Commercial Transportation Enforcement Division: New Albany,MS,0
MS0611300,Commercial Transportation Enforcement Division: Pearl,MS,0
MS0530800,Commercial Transportation Enforcement Division: Starkville,MS,0
MS0540400,Como Police Department,MS,1064
MS0150000,Copiah County Sheriff's Office,MS,17707
MS0020100,Corinth Police Department,MS,14123
MS0160000,Covington County Sheriff's Office,MS,14640
MS0540300,Crenshaw Police Department,MS,612
MS0150100,Crystal Springs Police Department,MS,4627
MS0240800,D'Iberville Police Department,MS,13577
MS0170000,DeSoto County Sheriff's Office,MS,46760
MS0510100,Decatur Police Department,MS,1872
MS0240500,Department of Marine Resources,MS,0
MS0070300,Derma Police Department,MS,912
MS0670200,Drew Police Department,MS,1641
MS0260100,Durant Police Department,MS,1920
MS0440500,East Mississippi Community College: Communiversity,MS,0
MS0350200,East Mississippi Community College: Golden Triangle,MS,0
MS0350400,East Mississippi Community College: Scooba,MS,0
MS0130200,East Mississippi Community College: West Point,MS,0
MS0250700,Edwards Police Department,MS,913
MS0340100,Ellisville Police Department,MS,4385
MS0780100,Eupora Police Department,MS,2100
MS0320100,Fayette Police Department,MS,1318
MS0450300,Flora Police Department,MS,1646
MS0610600,Florence Police Department,MS,4868
MS0610400,Flowood Police Department,MS,10999
MS0620100,Forest Police Department,MS,5349
MS018200X,Forrest County School District,MS,0
MS0180000,Forrest County Sheriff's Office,MS,25546
MS0180500,Forrest General Hospital,MS,0
MS0190000,Franklin County Sheriff's Office,MS,7051
MS0290100,Fulton Police Department,MS,4669
MS0300600,Gautier Police Department,MS,19065
MS0200000,George County Sheriff's Office,MS,23208
MS0030100,Gloster Police Department,MS,849
MS0450700,Gluckstadt Police Department,MS,3477
MS0210000,Greene County Sheriff's Office,MS,9729
MS0760100,Greenville Police Department,MS,26427
MS0420100,Greenwood Police Department,MS,13386
MS0220000,Grenada County Sheriff's Office,MS,8860
MS0220100,Grenada Police Department,MS,12012
MS0240200,Gulfport Police Department,MS,75068
MS0410700,Guntown Police Department,MS,2611
MS0230000,Hancock County Sheriff's Office,MS,28979
MS0240000,Harrison County Sheriff's Office,MS,55596
MS0180100,Hattiesburg Police Department,MS,48465
MS0150200,Hazlehurst Police Department,MS,3407
MS0310200,Heidelberg Police Department,MS,600
MS0170300,Hernando Police Department,MS,18873
MS0251100,Hinds Community College,MS,0
MS0250000,Hinds County Sheriff's Office,MS,27550
MS0760300,Hollandale Police Department,MS,2077
MS0470100,Holly Springs Police Department,MS,6358
MS0260400,Holmes Community College: Goodman,MS,0
MS0220300,Holmes Community College: Grenada,MS,0
MS0450600,Holmes Community College: Ridgeland,MS,0
MS0260000,Holmes County Sheriff's Office,MS,9593
MS0170400,Horn Lake Police Department,MS,26533
MS0090100,Houston Police Department,MS,3680
MS0270000,Humphreys County Sheriff's Office,MS,5302
MS0670100,Indianola Police Department,MS,8527
MS0670500,Inverness Police Department,MS,804
MS0280000,Issaquena County Sheriff's Office,MS,1294
MS0290200,Itawamba Community College,MS,0
MS0290000,Itawamba County Sheriff's Office,MS,19729
MS0420200,Itta Bena Police Department,MS,1480
MS0710100,Iuka Police Department,MS,3058
MS0300000,Jackson County Sheriff's Office,MS,77397
MS0250100,Jackson Police Department,MS,138701
MS0251000,Jackson State University,MS,0
MS0310000,Jasper County Sheriff's Office,MS,13427
MS0320000,Jefferson County Sheriff's Office,MS,5531
MS0330000,Jefferson Davis County Sheriff's Office,MS,11059
MS0340500,Jones County Junior College,MS,0
MS0340000,Jones County Sheriff's Office,MS,43395
MS0350000,Kemper County Sheriff's Office,MS,8506
MS0040100,Kosciusko Police Department,MS,6698
MS0360000,Lafayette County Sheriff's Office,MS,34024
MS0370000,Lamar County Sheriff's Office,MS,54957
MS0380000,Lauderdale County Sheriff's Office,MS,37185
MS0340200,Laurel Police Department,MS,17431
MS0390000,Lawrence County Sheriff's Office,MS,11651
MS0400000,Leake County Sheriff's Office,MS,16772
MS0210100,Leakesville Police Department,MS,3733
MS0410000,Lee County Sheriff's Office,MS,34064
MS0420000,Leflore County Sheriff's Office,MS,10895
MS0760200,Leland Police Department,MS,3547
MS0260200,Lexington Police Department,MS,1365
MS0430000,Lincoln County Sheriff's Office,MS,23476
MS0240300,Long Beach Police Department,MS,17321
MS0310300,Louin Police Department,MS,264
MS0800100,Louisville Police Department,MS,5859
MS0440000,Lowndes County Sheriff's Office,MS,33449
MS0200100,Lucedale Police Department,MS,3191
MS0370200,Lumberton Police Department,MS,1652
MS0520100,Macon Police Department,MS,2418
MS0450000,Madison County Sheriff's Office,MS,46834
MS0450400,Madison Police Department,MS,28325
MS0640100,Magee Police Department,MS,3906
MS0570100,Magnolia Police Department,MS,1801
MS0460000,Marion County Sheriff's Office,MS,17553
MS0600100,Marks Police Department,MS,1205
MS0470000,Marshall County Sheriff's Office,MS,26953
MS0780300,Mathiston Police Department,MS,876
MS0570200,McComb Police Department,MS,11618
MS0210200,McLain Police Department,MS,316
MS0640200,Mendenhall Police Department,MS,2114
MS0380100,Meridian Police Department,MS,33226
MS0253600,Mississippi Bureau of Investigation Headquarters,MS,0
MS0611200,Mississippi Bureau of Investigation: Troop C District 1,MS,0
MS0420500,Mississippi Bureau of Investigation: Troop D District 2,MS,0
MS0540700,Mississippi Bureau of Investigation: Troop E District 3,MS,0
MS0730500,Mississippi Bureau of Investigation: Troop F District 4,MS,0
MS0530700,Mississippi Bureau of Investigation: Troop G District 5,MS,0
MS0380900,Mississippi Bureau of Investigation: Troop H District 6,MS,0
MS0370900,Mississippi Bureau of Investigation: Troop J District 7,MS,0
MS0241600,Mississippi Bureau of Investigation: Troop K District 8,MS,0
MS0430300,Mississippi Bureau of Investigation: Troop M District 9,MS,0
MS0670700,Mississippi Delta Community College,MS,0
MS0240600,Mississippi Gulf Coast Community College: Harrison County and AMTC,MS,0
MS0301300,Mississippi Gulf Coast Community College: Jackson County,MS,0
MSMHP0100,Mississippi Highway Patrol: Troop C,MS,0
MSMHP0200,Mississippi Highway Patrol: Troop D,MS,0
MSMHP0300,Mississippi Highway Patrol: Troop E,MS,0
MSMHP0400,Mississippi Highway Patrol: Troop F,MS,0
MSMHP0500,Mississippi Highway Patrol: Troop G,MS,0
MSMHP0600,Mississippi Highway Patrol: Troop H,MS,0
MSMHP0700,Mississippi Highway Patrol: Troop J,MS,0
MSMHP0800,Mississippi Highway Patrol: Troop K,MS,0
MSMHP0900,Mississippi Highway Patrol: Troop M,MS,0
MSMHP0000,Mississippi Highway Safety Patrol,MS,0
MS0530300,Mississippi State University,MS,0
MS0440200,Mississippi University for Women,MS,0
MS0480000,Monroe County Sheriff's Office,MS,21822
MS0490000,Montgomery County Sheriff's Office,MS,5585
MS0670400,Moorhead Police Department,MS,1724
MS0620200,Morton Police Department,MS,3625
MS0300100,Moss Point Police Department,MS,11709
MS0060200,Mound Bayou Police Department,MS,1363
MS0160200,Mount Olive Police Department,MS,882
MS0730300,Myrtle Police Department,MS,489
MS0010100,Natchez Police Department,MS,14183
MS0500000,Neshoba County Sheriff's Office,MS,21651
MS0730100,New Albany Police Department,MS,7754
MS0560200,New Augusta Police Department,MS,538
MS0510000,Newton County Sheriff's Office,MS,14750
MS0510200,Newton Police Department,MS,3053
MS0590300,Northeast Mississippi Community College,MS,0
MS0170800,Northwest Mississippi Community College: Desoto,MS,0
MS0690200,Northwest Mississippi Community College: Senatobia,MS,0
MS0520000,Noxubee County Sheriff's Office,MS,7356
MS0810300,Oakland Police Department,MS,458
MS0300200,Ocean Springs Police Department,MS,19104
MS0090200,Okolona Police Department,MS,2394
MS0530000,Oktibbeha County Sheriff's Office,MS,26398
MS0170200,Olive Branch Police Department,MS,47568
MS0360100,Oxford Police Department,MS,27137
MS0540000,Panola County Sheriff's Office,MS,23941
MS0300300,Pascagoula Police Department,MS,21355
MS0240400,Pass Christian Police Department,MS,6611
MS0610200,Pearl Police Department,MS,28811
MS0180700,Pearl River Community College: Forrest,MS,0
MS0550300,Pearl River Community College: Poplarville,MS,0
MS0550000,Pearl River County Sheriff's Office,MS,45061
MS0610300,Pelahatchie Police Department,MS,1309
MS0560000,Perry County Sheriff's Office,MS,10910
MS0180200,Petal Police Department,MS,11659
MS0500100,Philadelphia Police Department,MS,6901
MS0550100,Picayune Police Department,MS,12053
MS0260500,Pickens Police Department,MS,796
MS0570000,Pike County Sheriff's Office,MS,24024
MS0580000,Pontotoc County Sheriff's Office,MS,26223
MS0580100,Pontotoc Police Department,MS,6153
MS0550200,Poplarville Police Department,MS,2919
MS0110100,Port Gibson Police Department,MS,1140
MS0590000,Prentiss County Sheriff's Office,MS,14487
MS0610900,Puckett Police Department,MS,345
MS0370100,Purvis Police Department,MS,1969
MS0600000,Quitman County Sheriff's Office,MS,4105
MS0120100,Quitman Police Department,MS,1923
MS0650200,Raleigh Police Department,MS,1069
MS0610000,Rankin County Sheriff's Office,MS,82089
MS0250200,Raymond Police Department,MS,1281
MS0251700,Reservoir Police Department,MS,0
MS0610500,Richland Police Department,MS,7726
MS0450200,Ridgeland Police Department,MS,24565
MS0700100,Ripley Police Department,MS,5339
MS0630100,Rolling Fork Police Department,MS,1391
MS0060500,Rosedale Police Department,MS,1402
MS0190400,Roxie Police Department,MS,465
MS0670300,Ruleville Police Department,MS,2197
MS0410800,Saltillo Police Department,MS,4972
MS0340300,Sandersville Police Department,MS,610
MS0620000,Scott County Sheriff's Office,MS,18747
MS0160300,Seminary Police Department,MS,290
MS0690100,Senatobia Police Department,MS,8446
MS0630000,Sharkey County Sheriff's Office,MS,1736
MS0060400,Shaw Police Department,MS,1322
MS0060300,Shelby Police Department,MS,1750
MS0640000,Simpson County Sheriff's Office,MS,19626
MS0300900,Singing River Health System,MS,0
MS0650000,Smith County Sheriff's Office,MS,13011
MS0480400,Smithville Police Department,MS,505
MS0170100,Southaven Police Department,MS,58174
MS0570400,Southwest Mississippi Community College,MS,0
MS0530100,Starkville Police Department,MS,25881
MS0251900,State Capitol Police,MS,0
MS0660000,Stone County Sheriff's Office,MS,15616
MS0120300,Stonewall Police Department,MS,833
MS0570300,Summit Police Department,MS,1425
MS0680300,Sumner Police Department,MS,243
MS0370300,Sumrall Police Department,MS,2285
MS0670000,Sunflower County Sheriff's Office,MS,6749
MS0670600,Sunflower Police Department,MS,868
MS0680000,Tallahatchie County Sheriff's Office,MS,8312
MS0690000,Tate County Sheriff's Office,MS,19039
MS0260300,Tchula Police Department,MS,1646
MS0250600,Terry Police Department,MS,1617
MS0700000,Tippah County Sheriff's Office,MS,15425
MS0710000,Tishomingo County Sheriff's Office,MS,15509
MS0720000,Tunica County Sheriff's Office,MS,8230
MS0720100,Tunica Police Department,MS,831
MS0410100,Tupelo Police Department,MS,37739
MS0740100,Tylertown Police Department,MS,1470
MS0730000,Union County Sheriff's Office,MS,19955
MS0510300,Union Police Department,MS,1995
MS0251600,University of Mississippi: Medical Center,MS,0
MS0360200,University of Mississippi: Oxford,MS,0
MS0180300,University of Southern Mississippi,MS,0
MS0250400,Utica Police Department,MS,596
MS0080100,Vaiden Police Department,MS,882
MS0070400,Vardaman Police Department,MS,1058
MS0410500,Verona Police Department,MS,2700
MS0750100,Vicksburg Police Department,MS,19690
MS0170600,Walls Police Department,MS,1428
MS0700300,Walnut Police Department,MS,683
MS0740000,Walthall County Sheriff's Office,MS,12427
MS0750000,Warren County Sheriff's Office,MS,22025
MS0760000,Washington County Sheriff's Office,MS,8500
MS0810100,Water Valley Police Department,MS,3421
MS0230300,Waveland Police Department,MS,7005
MS0770000,Wayne County Sheriff's Office,MS,15337
MS0770100,Waynesboro Police Department,MS,4492
MS0680400,Webb Police Department,MS,369
MS0780000,Webster County Sheriff's Office,MS,7207
MS0150300,Wesson Police Department,MS,1766
MS0130100,West Point Police Department,MS,9677
MS0660100,Wiggins Police Department,MS,4372
MS0790000,Wilkinson County Sheriff's Office,MS,7690
MS0490100,Winona Police Department,MS,3778
MS0800000,Winston County Sheriff's Office,MS,11576
MS0810000,Yalobusha County Sheriff's Office,MS,7870
MS0820100,Yazoo City Police Department,MS,9758
MS0820000,Yazoo County Sheriff's Office,MS,12549
MT0120000,Anaconda-Deer Lodge County Sheriff's Office,MT,9862
MT0130100,Baker Police Department,MT,1761
MT0010000,Beaverhead County Sheriff's Office,MT,5783
MT0160200,Belgrade Police Department,MT,13314
MT0020000,Big Horn County Sheriff's Office,MT,8964
MT0560100,Billings Police Department,MT,122571
MTDI05300,Blackfeet Agency,MT,0
MT0030000,Blaine County Sheriff's Office,MT,5686
MT0160100,Bozeman Police Department,MT,58949
MT0050200,Bridger Police Department,MT,730
MT0040000,Broadwater County Sheriff's Office,MT,8665
MT0470000,Butte-Silver Bow County Sheriff's Office,MT,36189
MT0050000,Carbon County Sheriff's Office,MT,8170
MT0060000,Carter County Sheriff's Office,MT,1390
MT0070000,Cascade County Sheriff's Office,MT,24229
MT0030100,Chinook Police Department,MT,1158
MT0080000,Chouteau County Sheriff's Office,MT,5842
MT0440300,Colstrip Police Department,MT,2056
MT0150100,Columbia Falls Police Department,MT,5796
MT0480100,Columbus Police Department,MT,1992
MT0370100,Conrad Police Department,MT,2415
MTDI05000,Crow Agency,MT,0
MT0090000,Custer County Sheriff's Office,MT,3509
MT0180200,Cut Bank Police Department,MT,2972
MT0100000,Daniels County Sheriff's Office,MT,1610
MT0410300,Darby Police Department,MT,894
MT0110000,Dawson County Sheriff's Office,MT,3907
MT0390100,Deer Lodge Police Department,MT,3002
MT0010100,Dillon Police Department,MT,4337
MT0250200,East Helena Police Department,MT,2319
MT0270200,Eureka Police Department,MT,1607
MT0420200,Fairview Police Department,MT,844
MT0130000,Fallon County Sheriff's Office,MT,1151
MT0140000,Fergus County Sheriff's Office,MT,5639
MT0150000,Flathead County Sheriff's Office,MT,68046
MTDI00000,Flathead Tribal,MT,0
MTDI05400,Fort Belknap Tribal,MT,0
MTDI05500,Fort Peck Assiniboine and Sioux Tribes,MT,0
MT0160000,Gallatin County Sheriff's Office,MT,52755
MT0250500,Gambling Investigations Bureau,MT,0
MT0170000,Garfield County Sheriff's Office,MT,1178
MT0180000,Glacier County Sheriff's Office,MT,10404
MT0530100,Glasgow Police Department,MT,3162
MT0110100,Glendive Police Department,MT,4734
MT0190000,Golden Valley County Sheriff's Office,MT,870
MT0200000,Granite County Sheriff's Office,MT,3662
MT0070400,Great Falls International Airport Authority,MT,0
MT0070100,Great Falls Police Department,MT,59904
MT0410100,Hamilton Police Department,MT,5562
MT0020400,Hardin Police Department,MT,3698
MT0210100,Havre Police Department,MT,9174
MT0250100,Helena Police Department,MT,35377
MT0210000,Hill County Sheriff's Office,MT,6766
MT0450200,Hot Springs Police Department,MT,639
MT0220000,Jefferson County Sheriff's Office,MT,13545
MT0230000,Judith Basin County Sheriff's Office,MT,2123
MT0150300,Kalispell Police Department,MT,33020
MT0240000,Lake County Sheriff's Office,MT,24963
MT0560200,Laurel Police Department,MT,7258
MT0250000,Lewis and Clark County Sheriff's Office,MT,38078
MT0140100,Lewistown Police Department,MT,6264
MT0270100,Libby Police Department,MT,3355
MT0260000,Liberty County Sheriff's Office,MT,1918
MT0270000,Lincoln County Sheriff's Office,MT,16825
MT0340100,Livingston Police Department,MT,9161
MT0290000,Madison County Sheriff's Office,MT,9997
MT0160500,Manhattan Police Department,MT,2063
MT0280000,McCone County Sheriff's Office,MT,1706
MT0300000,Meagher County Sheriff's Office,MT,2092
MT0090100,Miles City Police Department,MT,8422
MT0310000,Mineral County Sheriff's Office,MT,5339
MT0320000,Missoula County Sheriff's Office,MT,43822
MT0320100,Missoula Police Department,MT,79184
MTMHP0000,Montana Highway Patrol,MT,0
MT0160600,Montana State University,MT,0
MT0560600,Montana State University: Billings,MT,0
MT0330000,Musselshell County Sheriff's Office,MT,5616
MTDI05100,Northern Cheyenne Agency,MT,0
MT0340000,Park County Sheriff's Office,MT,9040
MT0350000,Petroleum County Sheriff's Office,MT,528
MT0360000,Phillips County Sheriff's Office,MT,4194
MT0450400,Plains Police Department,MT,1279
MT0240100,Polson Police Department,MT,5756
MT0370000,Pondera County Sheriff's Office,MT,3685
MT0380000,Powder River County Sheriff's Office,MT,1735
MT0390000,Powell County Sheriff's Office,MT,4129
MT0400000,Prairie County Sheriff's Office,MT,1112
MT0410000,Ravalli County Sheriff's Office,MT,40187
MT0050100,Red Lodge Police Department,MT,2801
MT0420000,Richland County Sheriff's Office,MT,4056
MTDI06200,Rocky Boy's Tribal,MT,0
MT0240200,Ronan Police Department,MT,2238
MT0430000,Roosevelt County Sheriff's Office,MT,7516
MT0440000,Rosebud County Sheriff's Office,MT,6071
MT0450000,Sanders County Sheriff's Office,MT,10721
MT0460000,Sheridan County Sheriff's Office,MT,3410
MT0420100,Sidney Police Department,MT,5951
MT0240300,St. Ignatius Police Department,MT,841
MT0410200,Stevensville Police Department,MT,2295
MT0480000,Stillwater County Sheriff's Office,MT,7527
MT0490000,Sweet Grass County Sheriff's Office,MT,3760
MT0500000,Teton County Sheriff's Office,MT,6461
MT0450300,Thompson Falls Police Department,MT,1569
MT0510000,Toole County Sheriff's Office,MT,5175
MT0520000,Treasure County Sheriff's Office,MT,731
MT0270300,Troy Police Department,MT,942
MT0320300,University of Montana,MT,0
MT0530000,Valley County Sheriff's Office,MT,4204
MT0160400,West Yellowstone Police Department,MT,1184
MT0540000,Wheatland County Sheriff's Office,MT,2045
MT0150200,Whitefish Police Department,MT,9640
MT0550000,Wibaux County Sheriff's Office,MT,901
MT0430200,Wolf Point Police Department,MT,2486
MT0560000,Yellowstone County Sheriff's Office,MT,42529
NC0630100,Aberdeen Police Department,NC,9827
NC0460100,Ahoskie Police Department,NC,4614
NC0010000,Alamance County Sheriff's Office,NC,71631
NC0840100,Albemarle Police Department,NC,17589
NC0670500,Albert J. Ellis Airport,NC,0
NC0020000,Alexander County Sheriff's Office,NC,34459
NC0030000,Alleghany County Sheriff's Office,NC,9590
NC0200100,Andrews Police Department,NC,1786
NC0430200,Angier Police Department,NC,9098
NC0040000,Anson County Sheriff's Office,NC,14026
NC0920200,Apex Police Department,NC,78938
NC0950300,Appalachian State University,NC,0
NC0760600,Archdale Police Department,NC,12208
NC0050000,Ashe County Sheriff's Office,NC,24425
NC0760100,Asheboro Police Department,NC,28102
NC0110100,Asheville Police Department,NC,95155
NC0110800,Asheville Regional Airport,NC,0
NC0160300,Atlantic Beach Police Department,NC,1432
NC0080100,Aulander Police Department,NC,709
NC0060000,Avery County Sheriff's Office,NC,14819
NC0740100,Ayden Police Department,NC,5222
NC0840700,Badin Police Department,NC,1838
NC0640300,Bailey Police Department,NC,594
NC0610200,Bakersville Police Department,NC,454
NC0101100,Bald Head Island Police Department,NC,282
NC0060200,Banner Elk Police Department,NC,1201
NC0075000,Beaufort County Alcoholic Beverage Control Enforcement,NC,0
NC0070600,Beaufort County Community College,NC,0
NC0070000,Beaufort County Sheriff's Office,NC,32673
NC0160100,Beaufort Police Department,NC,5006
NC0060500,Beech Mountain Police Department,NC,656
NC0070300,Belhaven Police Department,NC,1405
NC036149E,Belmont Abbey College,NC,0
NC0360100,Belmont Police Department,NC,16272
NC0510200,Benson Police Department,NC,4678
NC0080000,Bertie County Sheriff's Office,NC,12396
NC0360200,Bessemer City Police Department,NC,5802
NC0310200,Beulaville Police Department,NC,1171
NC0110300,Biltmore Forest Police Department,NC,1478
NC0620200,Biscoe Police Department,NC,1907
NC0980200,Black Creek Police Department,NC,700
NC0110200,Black Mountain Police Department,NC,8605
NC0090000,Bladen County Sheriff's Office,NC,24019
NC0090100,Bladenboro Police Department,NC,1641
NC0950200,Blowing Rock Police Department,NC,1327
NC0450400,Blue Ridge Community College,NC,0
NC0100500,Boiling Spring Lakes Police Department,NC,6964
NC0230300,Boiling Springs Police Department,NC,4766
NC0950100,Boone Police Department,NC,20222
NC0990300,Boonville Police Department,NC,1219
NC0880100,Brevard Police Department,NC,8012
NC0250600,Bridgeton Police Department,NC,350
NC0530200,Broadway Police Department,NC,1385
NC0180500,Brookford Police Department,NC,453
NC0100000,Brunswick County Sheriff's Office,NC,101248
NC0870100,Bryson City Police Department,NC,1513
NC0110000,Buncombe County Sheriff's Office,NC,162165
NC0350400,Bunn Police Department,NC,386
NC0710100,Burgaw Police Department,NC,3849
NC0120000,Burke County Sheriff's Office,NC,61392
NC0010100,Burlington Police Department,NC,62361
NC1000100,Burnsville Police Department,NC,1629
NC0390200,Butner Police Department,NC,8176
NC0130000,Cabarrus County Sheriff's Office,NC,83983
NC0140000,Caldwell County Sheriff's Office,NC,53290
NC0150000,Camden County Sheriff's Office,NC,11343
NC0620300,Candor Police Department,NC,826
NC0440100,Canton Police Department,NC,4422
NC0160500,Cape Carteret Police Department,NC,2303
NC0650100,Carolina Beach Police Department,NC,6943
NC0680300,Carrboro Police Department,NC,21029
NC0160000,Carteret County Sheriff's Office,NC,41817
NC0630500,Carthage Police Department,NC,3057
NC0920300,Cary Police Department,NC,184680
NC0101000,Caswell Beach Police Department,NC,386
NC0170000,Caswell County Sheriff's Office,NC,22326
NC0180000,Catawba County Sheriff's Office,NC,89304
NC0180800,Catawba Police Department,NC,735
NC0240200,Chadbourn Police Department,NC,1521
NC0680100,Chapel Hill Police Department,NC,65938
NC0600100,Charlotte-Mecklenburg Police Department,NC,1035037
NC0190000,Chatham County Sheriff's Office,NC,68341
NC0200000,Cherokee County Sheriff's Office,NC,27249
NC0870200,Cherokee Tribal,NC,0
NC0960700,Cherry Hospital,NC,0
NC0360300,Cherryville Police Department,NC,6461
NC0800100,China Grove Police Department,NC,4652
NC0070400,Chocowinity Police Department,NC,747
NC0210000,Chowan County Sheriff's Office,NC,9433
NC0180600,Claremont Police Department,NC,1768
NC0220000,Clay County Sheriff's Office,NC,12271
NC0510300,Clayton Police Department,NC,33135
NC0230000,Cleveland County Sheriff's Office,NC,64210
NC0800900,Cleveland Police Department,NC,895
NC0820100,Clinton Police Department,NC,8305
NC0430300,Coats Police Department,NC,2362
NC0240000,Columbus County Sheriff's Office,NC,37962
NC0750300,Columbus Police Department,NC,1053
NC0130100,Concord Police Department,NC,114348
NC0180100,Conover Police Department,NC,8841
NC0660200,Conway Police Department,NC,698
NC0600400,Cornelius Police Department,NC,35117
NC0361100,Cramerton Police Department,NC,5676
NC0250000,Craven County Sheriff's Office,NC,44399
NC0390300,Creedmoor Police Department,NC,5082
NC0260000,Cumberland County Sheriff's Office,NC,98453
NC0270000,Currituck County Sheriff's Office,NC,33314
NC0360400,Dallas Police Department,NC,6353
NC0280000,Dare County Sheriff's Office,NC,18451
NC060189E,Davidson College,NC,0
NC0290000,Davidson County Sheriff's Office,NC,123997
NC0600500,Davidson Police Department,NC,16654
NC0300000,Davie County Sheriff's Office,NC,46007
NC0290300,Denton Police Department,NC,1603
NC0110900,Department of Health and Human Resources,NC,0
NCWLF0000,Department of Wildlife,NC,0
NC0929000,Division of Alcohol Law Enforcement,NC,0
NC0160800,Division of Marine Fisheries,NC,0
NC0860400,Dobson Police Department,NC,1469
NC0120300,Drexel Police Department,NC,1783
NC0280700,Duck Police Department,NC,741
NC032039E,Duke University,NC,0
NC0430100,Dunn Police Department,NC,8835
NC0310000,Duplin County Sheriff's Office,NC,40367
NC0325000,Durham County Alcoholic Beverage Control Law Enforcement Office,NC,0
NC0320000,Durham County Sheriff's Office,NC,37391
NC0320100,Durham Police Department,NC,307140
NC0990400,East Bend Police Department,NC,642
NC0740900,East Carolina University,NC,0
NC0800200,East Spencer Police Department,NC,1639
NC0790100,Eden Police Department,NC,15395
NC0210100,Edenton Police Department,NC,4499
NC0330000,Edgecombe County Sheriff's Office,NC,21147
NC0700100,Elizabeth City Police Department,NC,19125
NC0700200,Elizabeth City State University,NC,0
NC0090300,Elizabethtown Police Department,NC,3286
NC0060400,Elk Park Police Department,NC,559
NC0860100,Elkin Police Department,NC,4088
NC0010200,Elon Police Department,NC,11372
NC001069E,Elon University,NC,0
NC0160600,Emerald Isle Police Department,NC,4041
NC0420100,Enfield Police Department,NC,1776
NC0430500,Erwin Police Department,NC,4954
NC0240300,Fair Bluff Police Department,NC,735
NC0780500,Fairmont Police Department,NC,2219
NC0740200,Farmville Police Department,NC,4569
NC0260100,Fayetteville Police Department,NC,209151
NC0260400,Fayetteville State University,NC,0
NC0450300,Fletcher Police Department,NC,8322
NC0810100,Forest City Police Department,NC,7405
NC0340000,Forsyth County Sheriff's Office,NC,114329
NC0510400,Four Oaks Police Department,NC,2797
NC0630900,Foxfire Village Police Department,NC,1429
NC0350000,Franklin County Sheriff's Office,NC,67441
NC0570100,Franklin Police Department,NC,4408
NC0350200,Franklinton Police Department,NC,2918
NC0960300,Fremont Police Department,NC,1211
NC0920400,Fuquay-Varina Police Department,NC,49846
NC0920500,Garner Police Department,NC,41639
NC0660800,Garysburg Police Department,NC,856
NC0360500,Gaston County Police Department,NC,84880
NC0360000,Gaston County Sheriff's Office,NC,0
NC0660300,Gaston Police Department,NC,956
NC0360600,Gastonia Police Department,NC,86826
NC0370000,Gates County Sheriff's Office,NC,10257
NC0410100,Gibsonville Police Department,NC,9900
NC0120400,Glen Alpine Police Department,NC,1534
NC0960100,Goldsboro Police Department,NC,34664
NC0380000,Graham County Sheriff's Office,NC,8211
NC0010300,Graham Police Department,NC,19892
NC0140100,Granite Falls Police Department,NC,4944
NC0800800,Granite Quarry Police Department,NC,3135
NC0390000,Granville County Sheriff's Office,NC,39588
NC0400000,Greene County Sheriff's Office,NC,19146
NC0410200,Greensboro Police Department,NC,310328
NC0740300,Greenville Police Department,NC,96214
NC0740600,Grifton Police Department,NC,2532
NC0410000,Guilford County Sheriff's Office,NC,132642
NC0410900,Guilford Technical Community College,NC,0
NC0420000,Halifax County Sheriff's Office,NC,26953
NC0770200,Hamlet Police Department,NC,5855
NC0430000,Harnett County Sheriff's Office,NC,120729
NC0250100,Havelock Police Department,NC,17283
NC0010500,Haw River Police Department,NC,2426
NC0440000,Haywood County Sheriff's Office,NC,46229
NC0450000,Henderson County Sheriff's Office,NC,95351
NC0910100,Henderson Police Department,NC,14745
NC0450100,Hendersonville Police Department,NC,15770
NC0460000,Hertford County Sheriff's Office,NC,11152
NC0180200,Hickory Police Department,NC,45436
NC0410300,High Point Police Department,NC,119581
NC0415900,High Point University,NC,0
NC0570200,Highlands Police Department,NC,1131
NC0680200,Hillsborough Police Department,NC,9802
NC0470000,Hoke County Sheriff's Office,NC,51584
NC0100400,Holden Beach Police Department,NC,921
NC0670200,Holly Ridge Police Department,NC,6228
NC0921700,Holly Springs Police Department,NC,50637
NC0260200,Hope Mills Police Department,NC,18173
NC0580200,Hot Springs Police Department,NC,549
NC0140400,Hudson Police Department,NC,3767
NC0600600,Huntersville Police Department,NC,68534
NC0480000,Hyde County Sheriff's Office,NC,4599
NC0160900,Indian Beach Police Department,NC,233
NC0490000,Iredell County Sheriff's Office,NC,120444
NC0500000,Jackson County Sheriff's Office,NC,43353
NC0660400,Jackson Police Department,NC,409
NC0670100,Jacksonville Police Department,NC,70256
NC0050200,Jefferson Police Department,NC,1653
NC0510000,Johnston County Sheriff's Office,NC,188715
NC0520000,Jones County Sheriff's Office,NC,8690
NC0990100,Jonesville Police Department,NC,2341
NC0130200,Kannapolis Police Department,NC,61883
NC0310400,Kenansville Police Department,NC,775
NC0510500,Kenly Police Department,NC,1736
NC0340100,Kernersville Police Department,NC,29334
NC0280100,Kill Devil Hills Police Department,NC,7763
NC0850300,King Police Department,NC,7907
NC0230100,Kings Mountain Police Department,NC,11953
NC0540100,Kinston Police Department,NC,19459
NC0280500,Kitty Hawk Police Department,NC,3687
NC0920600,Knightdale Police Department,NC,22474
NC0650400,Kure Beach Police Department,NC,2147
NC0810400,Lake Lure Police Department,NC,1396
NC035069P,Lake Royale Police Department,NC,2964
NC0240600,Lake Waccamaw Police Department,NC,1212
NC0800300,Landis Police Department,NC,3873
NC0450200,Laurel Park Police Department,NC,2337
NC0830100,Laurinburg Police Department,NC,15138
NC0530000,Lee County Sheriff's Office,NC,34774
NC006079E,Lees-McRae College,NC,0
NC0101300,Leland Police Department,NC,37268
NC0540000,Lenoir County Sheriff's Office,NC,35307
NC0140200,Lenoir Police Department,NC,18263
NC0080300,Lewiston Woodville Police Department,NC,406
NC0290100,Lexington Police Department,NC,20003
NC0760300,Liberty Police Department,NC,2729
NC0040200,Lilesville Police Department,NC,392
NC0430400,Lillington Police Department,NC,4861
NC0550000,Lincoln County Sheriff's Office,NC,87687
NC0550100,Lincolnton Police Department,NC,12678
NC0420600,Littleton Police Department,NC,535
NC0840500,Locust Police Department,NC,6320
NC0180700,Long View Police Department,NC,5339
NC0350100,Louisburg Police Department,NC,3501
NC0360800,Lowell Police Department,NC,3915
NC0780100,Lumberton Police Department,NC,18882
NC0570000,Macon County Sheriff's Office,NC,33586
NC0580000,Madison County Sheriff's Office,NC,19001
NC0790300,Madison Police Department,NC,2187
NC0440500,Maggie Valley Police Department,NC,1748
NC0310700,Magnolia Police Department,NC,876
NC0180300,Maiden Police Department,NC,3894
NC0280200,Manteo Police Department,NC,1595
NC0560100,Marion Police Department,NC,7492
NC0580300,Mars Hill Police Department,NC,2244
NC0580100,Marshall Police Department,NC,821
NC0900100,Marshville Police Department,NC,2755
NC0590000,Martin County Sheriff's Office,NC,15159
NC0600700,Matthews Police Department,NC,32715
NC0780200,Maxton Police Department,NC,2143
NC0790400,Mayodan Police Department,NC,2494
NC0520200,Maysville Police Department,NC,849
NC0560000,McDowell County Sheriff's Office,NC,37099
NC0010400,Mebane Police Department,NC,21308
NC0605000,Mecklenburg County Alcoholic Beverage Control Law Enforcement Office,NC,0
NC0923500,Meredith College,NC,0
NC026089E,Methodist University,NC,0
NC0640500,Middlesex Police Department,NC,969
NC0602900,Mint Hill Police Department,NC,29430
NC0840800,Misenheimer Police Department,NC,648
NC0610000,Mitchell County Sheriff's Office,NC,12411
NC0900200,Monroe Police Department,NC,41528
NC0620000,Montgomery County Sheriff's Office,NC,18760
NC0110500,Montreat Police Department,NC,1047
NC0631300,Moore County Schools,NC,0
NC0630000,Moore County Sheriff's Office,NC,50010
NC0490100,Mooresville Police Department,NC,53489
NC0160200,Morehead City Police Department,NC,10060
NC0120100,Morganton Police Department,NC,17905
NC0921300,Morrisville Police Department,NC,33303
NC0040300,Morven Police Department,NC,327
NC0860200,Mount Airy Police Department,NC,10562
NC0620400,Mount Gilead Police Department,NC,1189
NC0360900,Mount Holly Police Department,NC,18971
NC0960400,Mount Olive Police Department,NC,4523
NC0460200,Murfreesboro Police Department,NC,2212
NC0200200,Murphy Police Department,NC,1714
NC0280300,Nags Head Police Department,NC,3088
NC0645000,Nash County Alcoholic Beverage Control Enforcement,NC,0
NC0640000,Nash County Sheriff's Office,NC,49074
NC0640100,Nashville Police Department,NC,5901
NC0101400,Navassa Police Department,NC,1892
NC0250200,New Bern Police Department,NC,34980
NC0650000,New Hanover County Sheriff's Office,NC,108399
NC0060100,Newland Police Department,NC,737
NC0160400,Newport Police Department,NC,4542
NC0820300,Newton Grove Police Department,NC,598
NC0180400,Newton Police Department,NC,13678
NC0930100,Norlina Police Department,NC,936
NC0410400,North Carolina Agricultural and Technical State University,NC,0
NC0111300,North Carolina Arboretum,NC,0
NC0320200,North Carolina Central University,NC,0
NC0922900,North Carolina Division of Forestry,NC,0
NC0922400,North Carolina General Assembly,NC,0
NCNHP0000,North Carolina Highway Patrol,NC,0
NC0680500,North Carolina Memorial Hospital,NC,0
NC0925200,North Carolina Museum of Art Park Police,NC,0
NC0340600,North Carolina School of the Arts,NC,0
NC092035Y,"North Carolina Secretary of State, Trademark Enforcement",NC,0
NCBCI0000,North Carolina State Bureau of Investigation,NC,0
NC0650600,North Carolina State Port Authority: Division 1,NC,0
NC0161000,North Carolina State Port Authority: Division 2,NC,0
NC0921600,"North Carolina State University, Raleigh",NC,0
NC0670800,North Topsail Beach Police Department,NC,1100
NC0970100,North Wilkesboro Police Department,NC,4403
NC0660000,Northampton County Sheriff's Office,NC,12085
NC0101600,Northwest Police Department,NC,1145
NC0840200,Norwood Police Department,NC,2561
NC0100100,Oak Island Police Department,NC,9574
NC0840300,Oakboro Police Department,NC,2308
NC0100800,Ocean Isle Beach Police Department,NC,990
NC0560200,Old Fort Police Department,NC,838
NC0670000,Onslow County Sheriff's Office,NC,130093
NC0680000,Orange County Sheriff's Office,NC,56384
NC0690200,Oriental Police Department,NC,908
NC0390100,Oxford Police Department,NC,9022
NC0690000,Pamlico County Sheriff's Office,NC,11697
NC0780600,Parkton Police Department,NC,505
NC0700000,Pasquotank County Sheriff's Office,NC,22606
NC0780700,Pembroke Police Department,NC,2877
NC0710000,Pender County Sheriff's Office,NC,63439
NC0720000,Perquimans County Sheriff's Office,NC,12990
NC0730000,Person County Sheriff's Office,NC,32042
NC0410600,Piedmont Triad International Airport,NC,0
NC0960500,Pikeville Police Department,NC,733
NC0860300,Pilot Mountain Police Department,NC,1429
NC0160700,Pine Knoll Shores Police Department,NC,1448
NC0510600,Pine Level Police Department,NC,2424
NC0630600,Pinebluff Police Department,NC,1558
NC0630200,Pinehurst Police Department,NC,18714
NC0330400,Pinetops Police Department,NC,1193
NC0600300,Pineville Police Department,NC,11812
NC0540300,Pink Hill Police Department,NC,457
NC0740000,Pitt County Sheriff's Office,NC,63146
NC0190200,Pittsboro Police Department,NC,5099
NC0940100,Plymouth Police Department,NC,3161
NC0750000,Polk County Sheriff's Office,NC,17224
NC0040400,Polkton Police Department,NC,2826
NC0510700,Princeton Police Department,NC,1557
NC060149E,Queens University,NC,0
NC0470100,Raeford Police Department,NC,4584
NC0920100,Raleigh Police Department,NC,508719
NC0921500,Raleigh-Durham International Airport,NC,0
NC0760400,Ramseur Police Department,NC,1794
NC0760500,Randleman Police Department,NC,4713
NC0760000,Randolph County Sheriff's Office,NC,99409
NC0361200,Ranlo Police Department,NC,4817
NC0780300,Red Springs Police Department,NC,3205
NC0790500,Reidsville Police Department,NC,14659
NC0140300,Rhodhiss Police Department,NC,986
NC0660100,Rich Square Police Department,NC,839
NC0670300,Richlands Police Department,NC,2485
NC0770000,Richmond County Sheriff's Office,NC,27231
NC0250700,River Bend Police Department,NC,2879
NC0420200,Roanoke Rapids Police Department,NC,14422
NC0630300,Robbins Police Department,NC,1295
NC0590600,Robersonville Police Department,NC,1220
NC0780000,Robeson County Sheriff's Office,NC,86639
NC0790000,Rockingham County Sheriff's Office,NC,57962
NC0770300,Rockingham Police Department,NC,8703
NC0800600,Rockwell Police Department,NC,2412
NC0330100,Rocky Mount Police Department,NC,54581
NC0921100,Rolesville Police Department,NC,12459
NC0310500,Rose Hill Police Department,NC,1417
NC0800000,Rowan County Sheriff's Office,NC,86540
NC0780800,Rowland Police Department,NC,896
NC0730100,Roxboro Police Department,NC,8325
NC0810000,Rutherford County Sheriff's Office,NC,49147
NC0810200,Rutherfordton Police Department,NC,3732
NC092339E,Saint Augustine's University,NC,0
NC0800500,Salisbury Police Department,NC,36900
NC0750200,Saluda Police Department,NC,659
NC0820000,Sampson County Sheriff's Office,NC,51812
NC0530100,Sanford Police Department,NC,33695
NC0830000,Scotland County Sheriff's Office,NC,18039
NC0420300,Scotland Neck Police Department,NC,1579
NC0760700,Seagrove Police Department,NC,241
NC0510800,Selma Police Department,NC,7462
NC0950400,Seven Devils Police Department,NC,316
NC0100200,Shallotte Police Department,NC,5454
NC0640600,Sharpsburg Police Department,NC,1787
NC0230200,Shelby Police Department,NC,22991
NC0190100,Siler City Police Department,NC,8172
NC0510100,Smithfield Police Department,NC,13192
NC0400200,Snow Hill Police Department,NC,1574
NC0630400,Southern Pines Police Department,NC,17329
NC0280400,Southern Shores Police Department,NC,3133
NC0100300,Southport Police Department,NC,4431
NC0030100,Sparta Police Department,NC,1910
NC0800700,Spencer Police Department,NC,3431
NC0810300,Spindale Police Department,NC,4188
NC0640200,Spring Hope Police Department,NC,1370
NC0260300,Spring Lake Police Department,NC,11500
NC0610100,Spruce Pine Police Department,NC,2191
NC0780400,St. Pauls Police Department,NC,2089
NC0900500,Stallings Police Department,NC,17988
NC0840400,Stanfield Police Department,NC,1739
NC0360700,Stanley Police Department,NC,4189
NC0840000,Stanly County Sheriff's Office,NC,36236
NC0620500,Star Police Department,NC,824
NC0921200,State Capitol Police,NC,0
NC0922100,State Fairgrounds,NC,0
NC0560400,State Park Rangers: Bob's Creek State Natural Area,NC,0
NC0650800,State Park Rangers: Carolina Beach,NC,0
NC0261200,State Park Rangers: Carvers Creek,NC,0
NC0810600,State Park Rangers: Chimney Rock,NC,0
NC0960900,State Park Rangers: Cliffs of the Neuse,NC,0
NC0230800,State Park Rangers: Crowders Mountain,NC,0
NC0151000,State Park Rangers: Dismal Swamp,NC,0
NC0951000,State Park Rangers: Elk Knob,NC,0
NC0320400,State Park Rangers: Eno River,NC,0
NC0922600,State Park Rangers: Falls Lake Recreation Area,NC,0
NC0651000,State Park Rangers: Fort Fisher,NC,0
NC0161100,State Park Rangers: Fort Macon,NC,0
NC0070500,State Park Rangers: Goose Creek,NC,0
NC0880200,State Park Rangers: Gorges,NC,0
NC0060900,State Park Rangers: Grandfather Mountain,NC,0
NC0670700,State Park Rangers: Hammocks Beach,NC,0
NC0850400,State Park Rangers: Hanging Rock,NC,0
NC0790800,State Park Rangers: Haw River,NC,0
NC0280600,State Park Rangers: Jockey's Ridge,NC,0
NC0090700,State Park Rangers: Jones Lake,NC,0
NC0922700,State Park Rangers: Jordan Lake State Recreation Area,NC,0
NC0910500,State Park Rangers: Kerr Lake,NC,0
NC0560300,State Park Rangers: Lake James,NC,0
NC0490700,State Park Rangers: Lake Norman,NC,0
NC0241200,State Park Rangers: Lake Waccamaw,NC,0
NC0781000,State Park Rangers: Lumber River,NC,0
NC0791000,State Park Rangers: Mayo River,NC,0
NC0420800,State Park Rangers: Medoc Mountain,NC,0
NC0370200,State Park Rangers: Merchants Millpond,NC,0
NC0840600,State Park Rangers: Morrow Mountain,NC,0
NC1000200,State Park Rangers: Mount Mitchell,NC,0
NC0050300,State Park Rangers: New River-Mount Jefferson,NC,0
NC0940400,State Park Rangers: Pettigrew,NC,0
NC0860600,State Park Rangers: Pilot Mountain,NC,0
NC0430600,State Park Rangers: Raven Rock,NC,0
NC0090800,State Park Rangers: Singletary Lake,NC,0
NC0120700,State Park Rangers: South Mountains,NC,0
NC0030200,State Park Rangers: Stone Mountain,NC,0
NC0631000,State Park Rangers: Weymouth Woods/Sandhills Nature Preserve,NC,0
NC0922800,State Park Rangers: William B. Umstead,NC,0
NC0490200,Statesville Police Department,NC,32519
NC0260500,Stedman Police Department,NC,1309
NC0850000,Stokes County Sheriff's Office,NC,38897
NC0790700,Stoneville Police Department,NC,1362
NC0060600,Sugar Mountain Police Department,NC,384
NC0100700,Sunset Beach Police Department,NC,4615
NC0710300,Surf City Police Department,NC,5272
NC0860000,Surry County Sheriff's Office,NC,54083
NC0870000,Swain County Sheriff's Office,NC,12387
NC0670400,Swansboro Police Department,NC,4273
NC0500100,Sylva Police Department,NC,2721
NC0240400,Tabor City Police Department,NC,3824
NC0330200,Tarboro Police Department,NC,11023
NC0020100,Taylorsville Police Department,NC,2288
NC0631100,Taylortown Police Department,NC,701
NC0290200,Thomasville Police Department,NC,27726
NC0710200,Topsail Beach Police Department,NC,509
NC0880000,Transylvania County Sheriff's Office,NC,26290
NC0250400,Trent Woods Police Department,NC,4041
NC0345500,Triad Municipal Alcoholic Beverage Control Law Enforcement,NC,0
NC0490400,Troutman Police Department,NC,4348
NC0620100,Troy Police Department,NC,3010
NC0750100,Tryon Police Department,NC,1626
NC0890000,Tyrrell County Sheriff's Office,NC,3590
NC0900000,Union County Sheriff's Office,NC,179357
NC0110700,University of North Carolina: Asheville,NC,0
NC0680400,University of North Carolina: Chapel Hill,NC,0
NC0600800,University of North Carolina: Charlotte,NC,0
NC0410500,University of North Carolina: Greensboro,NC,0
NC0780900,University of North Carolina: Pembroke,NC,0
NC0650500,University of North Carolina: Wilmington,NC,0
NC0120200,Valdese Police Department,NC,4719
NC0910000,Vance County Sheriff's Office,NC,27517
NC0250300,Vanceboro Police Department,NC,864
NC0630700,Vass Police Department,NC,1055
NC0040100,Wadesboro Police Department,NC,4952
NC0830300,Wagram Police Department,NC,615
NC0920000,Wake County Sheriff's Office,NC,193737
NC0920700,Wake Forest Police Department,NC,58676
NC034049E,Wake Forest University,NC,0
NC092109E,WakeMed Campus Police,NC,0
NC0310100,Wallace Police Department,NC,3561
NC0960800,Walnut Creek Police Department,NC,1109
NC0930000,Warren County Sheriff's Office,NC,17421
NC0930200,Warrenton Police Department,NC,838
NC0310600,Warsaw Police Department,NC,2822
NC0940000,Washington County Sheriff's Office,NC,7408
NC0070100,Washington Police Department,NC,9702
NC0950000,Watauga County Sheriff's Office,NC,32785
NC0900300,Waxhaw Police Department,NC,23823
NC0960000,Wayne County Sheriff's Office,NC,78700
NC0440200,Waynesville Police Department,NC,10829
NC0110400,Weaverville Police Department,NC,4854
NC0420700,Weldon Police Department,NC,1356
NC0920800,Wendell Police Department,NC,19206
NC0050100,West Jefferson Police Department,NC,1347
NC0500200,Western Carolina University,NC,0
NC0630800,Whispering Pines Police Department,NC,5525
NC0640700,Whitakers Police Department,NC,652
NC0090400,White Lake Police Department,NC,854
NC0240500,Whiteville Police Department,NC,4673
NC0970000,Wilkes County Sheriff's Office,NC,58151
NC0970200,Wilkesboro Police Department,NC,3607
NC0590100,Williamston Police Department,NC,5027
NC0650200,Wilmington Police Department,NC,127752
NC0980000,Wilson County Sheriff's Office,NC,30133
NC0980100,Wilson Police Department,NC,48609
NC0511400,Wilson's Mills Police Department,NC,3010
NC0080200,Windsor Police Department,NC,3232
NC0720200,Winfall Police Department,NC,576
NC0900400,Wingate Police Department,NC,4571
NC0340200,Winston-Salem Police Department,NC,257431
NC0340300,Winston-Salem State University,NC,0
NC0740800,Winterville Police Department,NC,10999
NC0460300,Winton Police Department,NC,590
NC0110600,Woodfin Police Department,NC,8204
NC0660600,Woodland Police Department,NC,521
NC0650300,Wrightsville Beach Police Department,NC,2397
NC0990000,Yadkin County Sheriff's Office,NC,30930
NC0990200,Yadkinville Police Department,NC,3033
NC1000000,Yancey County Sheriff's Office,NC,17482
NC0350300,Youngsville Police Department,NC,2456
NC0920900,Zebulon Police Department,NC,11612
ND0010000,Adams County Sheriff's Office,ND,2126
ND0020000,Barnes County Sheriff's Office,ND,4183
ND0030000,Benson County Sheriff's Office,ND,5698
ND0510600,Berthold Police Department,ND,463
ND0290100,Beulah Police Department,ND,3045
ND0040000,Billings County Sheriff's Office,ND,922
ND0080100,Bismarck Police Department,ND,78814
ND0080500,Bismarck State College,ND,0
ND0050000,Bottineau County Sheriff's Office,ND,6381
ND0060000,Bowman County Sheriff's Office,ND,1453
ND0060100,Bowman Police Department,ND,1404
ND0070000,Burke County Sheriff's Office,ND,1767
ND0080000,Burleigh County Sheriff's Office,ND,20658
ND0510300,Burlington Police Department,ND,1346
ND0160100,Carrington Police Department,ND,2004
ND0090000,Cass County Sheriff's Office,ND,24139
ND0100000,Cavalier County Sheriff's Office,ND,3527
ND0340100,Cavalier Police Department,ND,1212
ND0360100,Devils Lake Police Department,ND,7316
ND0110000,Dickey County Sheriff's Office,ND,2001
ND0450100,Dickinson Police Department,ND,25670
ND0120000,Divide County Sheriff's Office,ND,2099
ND0340300,Drayton Police Department,ND,714
ND0130000,Dunn County Sheriff's Office,ND,3100
ND0400100,Dunseith Police Department,ND,597
ND0140000,Eddy County Sheriff's Office,ND,2301
ND0110100,Ellendale Police Department,ND,1135
ND0180400,Emerado Police Department,ND,452
ND0150000,Emmons County Sheriff's Office,ND,3182
ND0090200,Fargo Police Department,ND,138990
NDDI00200,Fort Totten Agency,ND,0
ND0160000,Foster County Sheriff's Office,ND,1296
ND0170000,Golden Valley County Sheriff's Office,ND,1811
ND0500100,Grafton Police Department,ND,3995
ND0180000,Grand Forks County Sheriff's Office,ND,13292
ND0180100,Grand Forks Police Department,ND,60024
ND0190000,Grant County Sheriff's Office,ND,2231
ND0200000,Griggs County Sheriff's Office,ND,2204
ND0520100,Harvey Police Department,ND,1547
ND0290200,Hazen Police Department,ND,2291
ND0210000,Hettinger County Sheriff's Office,ND,2402
ND0470100,Jamestown Police Department,ND,15782
ND0510100,Kenmare Police Department,ND,909
ND0220000,Kidder County Sheriff's Office,ND,1708
ND0130200,Killdeer Police Department,ND,906
ND0230000,Lamoure County Sheriff's Office,ND,3294
ND0230300,Lamoure Police Department,ND,737
ND0080300,Lincoln Police Department,ND,4562
ND0370200,Lisbon Police Department,ND,2170
ND0240000,Logan County Sheriff's Office,ND,1876
ND0300200,Mandan Police Department,ND,24931
ND0250000,McHenry County Sheriff's Office,ND,5080
ND0260000,McIntosh County Sheriff's Office,ND,1617
ND0270000,McKenzie County Sheriff's Office,ND,8561
ND0280000,McLean County Sheriff's Office,ND,9844
ND0040100,Medora Police Department,ND,174
ND0290000,Mercer County Sheriff's Office,ND,2993
ND0510200,Minot Police Department,ND,47206
ND0300000,Morton County Sheriff's Office,ND,9407
ND0310000,Mountrail County Sheriff's Office,ND,4469
ND0320000,Nelson County Sheriff's Office,ND,3002
ND0310100,New Town Police Department,ND,2728
NDBCA0000,North Dakota Bureau of Criminal Investigation,ND,0
NDNHP0000,North Dakota Highway Patrol,ND,0
ND0390600,North Dakota State College of Science,ND,0
ND0090600,North Dakota State University,ND,0
ND0080800,North Dakota Stockman's Association Law Enforcement,ND,0
ND0110200,Oakes Police Department,ND,1776
ND0330000,Oliver County Sheriff's Office,ND,1882
ND0340000,Pembina County Sheriff's Office,ND,4589
ND0350000,Pierce County Sheriff's Office,ND,1411
ND0070500,Powers Lake Police Department,ND,373
ND0360000,Ramsey County Sheriff's Office,ND,4150
ND0370000,Ransom County Sheriff's Office,ND,3382
ND0530400,Ray Police Department,ND,759
ND0380000,Renville County Sheriff's Office,ND,2395
ND0390000,Richland County Sheriff's Office,ND,8510
ND0400000,Rolette County Sheriff's Office,ND,9802
ND0400200,Rolla Police Department,ND,1143
ND0350100,Rugby Police Department,ND,2403
ND0410000,Sargent County Sheriff's Office,ND,3670
ND0420000,Sheridan County Sheriff's Office,ND,1267
ND0430000,Sioux County Sheriff's Office,ND,3665
ND0440000,Slope County Sheriff's Office,ND,649
NDDI00300,Standing Rock Agency,ND,0
ND0310300,Stanley Police Department,ND,2178
ND0450000,Stark County Sheriff's Office,ND,8009
ND0460000,Steele County Sheriff's Office,ND,1757
ND0220300,Steele Police Department,ND,653
ND0470000,Stutsman County Sheriff's Office,ND,5713
ND0510500,Surrey Police Department,ND,1456
NDDI01900,Three Affiliated Tribes,ND,0
ND0530100,Tioga Police Department,ND,2170
ND0480000,Towner County Sheriff's Office,ND,2025
ND0490000,Traill County Sheriff's Office,ND,7974
NDDI00100,Turtle Mountain Agency,ND,0
ND0180800,University of North Dakota,ND,0
ND0020100,Valley City Police Department,ND,6580
ND0390300,Wahpeton Police Department,ND,8142
ND0500000,Walsh County Sheriff's Office,ND,6120
ND0510000,Ward County Sheriff's Office,ND,16525
ND0270100,Watford City Police Department,ND,6201
ND0520000,Wells County Sheriff's Office,ND,2208
ND0090300,West Fargo Police Department,ND,41577
ND0530000,Williams County Sheriff's Office,ND,8948
ND0530200,Williston Police Department,ND,28724
ND0260200,Wishek Police Department,ND,824
NB0010000,Adams County Sheriff's Office,NE,6070
NB0060100,Albion Police Department,NE,1744
NB0070100,Alliance Police Department,NE,8049
NB0020000,Antelope County Sheriff's Office,NE,4521
NB0030000,Arthur County Sheriff's Office,NE,421
NB0780200,Ashland Police Department,NE,3440
NB0450200,Atkinson Police Department,NE,1317
NB0410100,Aurora Police Department,NE,4728
NB0040000,Banner County Sheriff's Office,NE,663
NB0600200,Battle Creek Police Department,NE,1175
NB0620100,Bayard Police Department,NE,1106
NB0340100,Beatrice Police Department,NE,12307
NB0770100,Bellevue Police Department,NE,64686
NB0280700,Bennington Police Department,NE,1972
NB0050000,Blaine County Sheriff's Office,NE,461
NB0890100,Blair Police Department,NE,8043
NB0540500,Bloomfield Police Department,NE,930
NB0060000,Boone County Sheriff's Office,NE,3613
NB0070000,Box Butte County Sheriff's Office,NE,2634
NB0080000,Boyd County Sheriff's Office,NE,1676
NB0280600,Boys Town Police Department,NE,727
NB0210100,Broken Bow Police Department,NE,3486
NB0090000,Brown County Sheriff's Office,NE,2873
NB0100000,Buffalo County Sheriff's Office,NE,14067
NB0110000,Burt County Sheriff's Office,NE,3253
NB0120000,Butler County Sheriff's Office,NE,5434
NB0130000,Cass County Sheriff's Office,NE,20779
NB0140000,Cedar County Sheriff's Office,NE,6425
NB0610100,Central City Police Department,NE,3178
NB0230100,Chadron Police Department,NE,5074
NB0150000,Chase County Sheriff's Office,NE,1783
NB0160000,Cherry County Sheriff's Office,NE,2943
NB0170000,Cheyenne County Sheriff's Office,NE,3139
NB0180000,Clay County Sheriff's Office,NE,3724
NB0190000,Colfax County Sheriff's Office,NE,4150
NB0710100,Columbus Police Department,NE,25392
NB0240100,Cozad Police Department,NE,3938
NB0540100,Creighton Police Department,NE,1105
NB0760200,Crete Police Department,NE,7584
NB0200000,Cuming County Sheriff's Office,NE,4262
NB0210000,Custer County Sheriff's Office,NE,7009
NB0220000,Dakota County Sheriff's Office,NE,7093
NB0120100,David City Police Department,NE,3033
NB0230000,Dawes County Sheriff's Office,NE,2899
NB0240000,Dawson County Sheriff's Office,NE,5973
NB0110400,Decatur Police Department,NE,411
NB0250000,Deuel County Sheriff's Office,NE,1909
NB0260000,Dixon County Sheriff's Office,NE,5145
NB0270000,Dodge County Sheriff's Office,NE,7239
NB0270400,Dodge Snyder Police Department,NE,816
NB0280000,Douglas County Sheriff's Office,NE,103800
NB0290000,Dundy County Sheriff's Office,NE,1565
NB0220300,Emerson Police Department,NE,809
NB0450400,Ewing Police Department,NE,379
NB0740100,Falls City Police Department,NE,4022
NB0300000,Fillmore County Sheriff's Office,NE,5503
NB0310000,Franklin County Sheriff's Office,NE,2801
NB0270100,Fremont Police Department,NE,28464
NB0320000,Frontier County Sheriff's Office,NE,2547
NB0330000,Furnas County Sheriff's Office,NE,4432
NB0340000,Gage County Sheriff's Office,NE,8069
NB0350000,Garden County Sheriff's Office,NE,1784
NB0360000,Garfield County Sheriff's Office,NE,1685
NB0790200,Gering Police Department,NE,8540
NB0810100,Gordon Police Department,NE,1428
NB0370000,Gosper County Sheriff's Office,NE,1788
NB0240200,Gothenburg Police Department,NE,3439
NB0400100,Grand Island Police Department,NE,53307
NB0380000,Grant County Sheriff's Office,NE,563
NB0390000,Greeley County Sheriff's Office,NE,2204
NB0400000,Hall County Sheriff's Office,NE,9639
NB0410000,Hamilton County Sheriff's Office,NE,4885
NB0420000,Harlan County Sheriff's Office,NE,3011
NB0180100,Harvard Police Department,NE,941
NB0010100,Hastings Police Department,NE,25158
NB0430000,Hayes County Sheriff's Office,NE,846
NB0930200,Henderson Police Department,NE,1091
NB0440000,Hitchcock County Sheriff's Office,NE,2424
NB0690100,Holdrege Police Department,NE,5561
NB0450000,Holt County Sheriff's Office,NE,4856
NB0460000,Hooker County Sheriff's Office,NE,697
NB0270700,Hooper Police Department,NE,780
NB0470000,Howard County Sheriff's Office,NE,4153
NB0150100,Imperial Police Department,NE,1953
NB0480000,Jefferson County Sheriff's Office,NE,7112
NB0490000,Johnson County Sheriff's Office,NE,5204
NB0500000,Kearney County Sheriff's Office,NE,3656
NB0100100,Kearney Police Department,NE,34959
NB0510000,Keith County Sheriff's Office,NE,3389
NB0520000,Keya Paha County Sheriff's Office,NE,836
NB0530000,Kimball County Sheriff's Office,NE,1097
NB0530100,Kimball Police Department,NE,2186
NB0540000,Knox County Sheriff's Office,NE,6257
NB0770400,La Vista Police Department,NE,16485
NB0550000,Lancaster County Sheriff's Office,NE,32744
NB0140300,Laurel Police Department,NE,939
NB0240300,Lexington Police Department,NE,11344
NB0560000,Lincoln County Sheriff's Office,NE,10686
NB0550100,Lincoln Police Department,NE,302860
NB0570000,Logan County Sheriff's Office,NE,690
NB0580000,Loup County Sheriff's Office,NE,576
NB0790400,Lyman Police Department,NE,250
NB0600000,Madison County Sheriff's Office,NE,5397
NB0600300,Madison Police Department,NE,2145
NB0730100,McCook Police Department,NE,7162
NB0590000,McPherson County Sheriff's Office,NE,371
NB0610000,Merrick County Sheriff's Office,NE,4711
NB0282400,Metropolitan Community College: Douglas County,NE,0
NB0800200,Milford Police Department,NE,2228
NB0790600,Minatare Police Department,NE,700
NB0500100,Minden Police Department,NE,3113
NB0790300,Mitchell Police Department,NE,1515
NB0620000,Morrill County Sheriff's Office,NE,3365
NB0790500,Morrill Police Department,NE,919
NB0630000,Nance County Sheriff's Office,NE,3233
NB0660100,Nebraska City Police Department,NE,7606
NB0550900,Nebraska State Fire Marshal,NE,0
NBNSP0000,Nebraska State Patrol,NE,0
NB0020100,Neligh Police Department,NE,1555
NB0640000,Nemaha County Sheriff's Office,NE,7042
NB0600100,Norfolk Police Department,NE,26231
NB0560100,North Platte Police Department,NE,22363
NB0650000,Nuckolls County Sheriff's Office,NE,2266
NB0450100,O'Neill Police Department,NE,3580
NB0110200,Oakland Police Department,NE,1351
NB0510100,Ogallala Police Department,NE,4722
NB0280200,Omaha Police Department,NE,488395
NB0870200,Omaha Tribal,NE,0
NB0880100,Ord Police Department,NE,2086
NB0700300,Osmond Police Department,NE,802
NB0660000,Otoe County Sheriff's Office,NE,9176
NB0770200,Papillion Police Department,NE,25172
NB0670000,Pawnee County Sheriff's Office,NE,2518
NB0680000,Perkins County Sheriff's Office,NE,2761
NB0690000,Phelps County Sheriff's Office,NE,3505
NB0700000,Pierce County Sheriff's Office,NE,3432
NB0700100,Pierce Police Department,NE,1839
NB0700200,Plainview Police Department,NE,1263
NB0710000,Platte County Sheriff's Office,NE,10446
NB0130100,Plattsmouth Police Department,NE,6962
NB0720000,Polk County Sheriff's Office,NE,5286
NB0280400,Ralston Police Department,NE,6433
NB0140200,Randolph Police Department,NE,880
NB0100300,Ravenna Police Department,NE,1368
NB0730000,Red Willow County Sheriff's Office,NE,3188
NB0740000,Richardson County Sheriff's Office,NE,3602
NB0750000,Rock County Sheriff's Office,NE,1236
NB0760000,Saline County Sheriff's Office,NE,7175
NBDI00800,Santee Tribal,NE,0
NB0770000,Sarpy County Sheriff's Office,NE,102219
NB0780000,Saunders County Sheriff's Office,NE,13782
NB0190100,Schuyler Police Department,NE,6754
NB0790000,Scotts Bluff County Sheriff's Office,NE,8423
NB0790100,Scottsbluff Police Department,NE,15337
NB0270300,Scribner Police Department,NE,810
NB0800000,Seward County Sheriff's Office,NE,7830
NB0800100,Seward Police Department,NE,7766
NB0100400,Shelton Police Department,NE,1046
NB0810000,Sheridan County Sheriff's Office,NE,3460
NB0820000,Sherman County Sheriff's Office,NE,2950
NB0170100,Sidney Police Department,NE,6500
NB0830000,Sioux County Sheriff's Office,NE,1090
NB0220100,South Sioux City Police Department,NE,13881
NB0470100,St. Paul Police Department,NE,2446
NB0840000,Stanton County Sheriff's Office,NE,5745
NBNSP0100,State Patrol: Adams County,NE,0
NBNSP0200,State Patrol: Antelope County,NE,0
NBNSP0300,State Patrol: Arthur County,NE,0
NBNSP0400,State Patrol: Banner County,NE,0
NBNSP0500,State Patrol: Blaine County,NE,0
NBNSP0600,State Patrol: Boone County,NE,0
NBNSP0700,State Patrol: Box Butte County,NE,0
NBNSP0800,State Patrol: Boyd County,NE,0
NBNSP0900,State Patrol: Brown County,NE,0
NBNSP1000,State Patrol: Buffalo County,NE,0
NBNSP1100,State Patrol: Burt County,NE,0
NBNSP1200,State Patrol: Butler County,NE,0
NBNSP1300,State Patrol: Cass County,NE,0
NBNSP1400,State Patrol: Cedar County,NE,0
NBNSP1500,State Patrol: Chase County,NE,0
NBNSP1600,State Patrol: Cherry County,NE,0
NBNSP1700,State Patrol: Cheyenne County,NE,0
NBNSP1800,State Patrol: Clay County,NE,0
NBNSP1900,State Patrol: Colfax County,NE,0
NBNSP2000,State Patrol: Cuming County,NE,0
NBNSP2100,State Patrol: Custer County,NE,0
NBNSP2200,State Patrol: Dakota County,NE,0
NBNSP2300,State Patrol: Dawes County,NE,0
NBNSP2400,State Patrol: Dawson County,NE,0
NBNSP2500,State Patrol: Deuel County,NE,0
NBNSP2600,State Patrol: Dixon County,NE,0
NBNSP2700,State Patrol: Dodge County,NE,0
NBNSP2800,State Patrol: Douglas County,NE,0
NBNSP2900,State Patrol: Dundy County,NE,0
NBNSP3000,State Patrol: Fillmore County,NE,0
NBNSP3100,State Patrol: Franklin County,NE,0
NBNSP3200,State Patrol: Frontier County,NE,0
NBNSP3300,State Patrol: Furnas County,NE,0
NBNSP3400,State Patrol: Gage County,NE,0
NBNSP3500,State Patrol: Garden County,NE,0
NBNSP3600,State Patrol: Garfield County,NE,0
NBNSP3700,State Patrol: Gosper County,NE,0
NBNSP3800,State Patrol: Grant County,NE,0
NBNSP3900,State Patrol: Greeley County,NE,0
NBNSP4000,State Patrol: Hall County,NE,0
NBNSP4100,State Patrol: Hamilton County,NE,0
NBNSP4200,State Patrol: Harlan County,NE,0
NBNSP4300,State Patrol: Hayes County,NE,0
NBNSP4400,State Patrol: Hitchcock County,NE,0
NBNSP4500,State Patrol: Holt County,NE,0
NBNSP4600,State Patrol: Hooker County,NE,0
NBNSP4700,State Patrol: Howard County,NE,0
NBNSP4800,State Patrol: Jefferson County,NE,0
NBNSP4900,State Patrol: Johnson County,NE,0
NBNSP5000,State Patrol: Kearney County,NE,0
NBNSP5100,State Patrol: Keith County,NE,0
NBNSP5200,State Patrol: Keya Paha County,NE,0
NBNSP5300,State Patrol: Kimball County,NE,0
NBNSP5400,State Patrol: Knox County,NE,0
NBNSP5500,State Patrol: Lancaster County,NE,0
NBNSP5600,State Patrol: Lincoln County,NE,0
NBNSP5700,State Patrol: Logan County,NE,0
NBNSP5800,State Patrol: Loup County,NE,0
NBNSP6000,State Patrol: Madison County,NE,0
NBNSP5900,State Patrol: McPherson County,NE,0
NBNSP6100,State Patrol: Merrick County,NE,0
NBNSP6200,State Patrol: Morrill County,NE,0
NBNSP6300,State Patrol: Nance County,NE,0
NBNSP6400,State Patrol: Nemaha County,NE,0
NBNSP6500,State Patrol: Nuckolls County,NE,0
NBNSP6600,State Patrol: Otoe County,NE,0
NBNSP6700,State Patrol: Pawnee County,NE,0
NBNSP6800,State Patrol: Perkins County,NE,0
NBNSP6900,State Patrol: Phelps County,NE,0
NBNSP7000,State Patrol: Pierce County,NE,0
NBNSP7100,State Patrol: Platte County,NE,0
NBNSP7200,State Patrol: Polk County,NE,0
NBNSP7300,State Patrol: Red Willow County,NE,0
NBNSP7400,State Patrol: Richardson County,NE,0
NBNSP7500,State Patrol: Rock County,NE,0
NBNSP7600,State Patrol: Saline County,NE,0
NBNSP7700,State Patrol: Sarpy County,NE,0
NBNSP7800,State Patrol: Saunders County,NE,0
NBNSP7900,State Patrol: Scotts Bluff County,NE,0
NBNSP8000,State Patrol: Seward County,NE,0
NBNSP8100,State Patrol: Sheridan County,NE,0
NBNSP8200,State Patrol: Sherman County,NE,0
NBNSP8300,State Patrol: Sioux County,NE,0
NBNSP8400,State Patrol: Stanton County,NE,0
NBNSP8500,State Patrol: Thayer County,NE,0
NBNSP8600,State Patrol: Thomas County,NE,0
NBNSP8700,State Patrol: Thurston County,NE,0
NBNSP8800,State Patrol: Valley County,NE,0
NBNSP8900,State Patrol: Washington County,NE,0
NBNSP9000,State Patrol: Wayne County,NE,0
NBNSP9100,State Patrol: Webster County,NE,0
NBNSP9200,State Patrol: Wheeler County,NE,0
NBNSP9300,State Patrol: York County,NE,0
NB0650100,Superior Police Department,NE,1832
NB0180200,Sutton Police Department,NE,1441
NB0110300,Tekamah Police Department,NE,1719
NB0850000,Thayer County Sheriff's Office,NE,4837
NB0860000,Thomas County Sheriff's Office,NE,626
NB0870000,Thurston County Sheriff's Office,NE,5797
NB0600400,Tilden Police Department,NE,980
NB028119E,Union Pacific Railroad Police Department,NE,0
NB0100600,University of Nebraska: Kearney,NE,0
NB0550500,University of Nebraska: Lincoln,NE,0
NB0280900,University of Nebraska: Omaha,NE,0
NB0160100,Valentine Police Department,NE,2646
NB0880000,Valley County Sheriff's Office,NE,1943
NB0280500,Valley Police Department,NE,3413
NB0780100,Wahoo Police Department,NE,5006
NB0870500,Walthill Police Department,NE,702
NB0890000,Washington County Sheriff's Office,NE,13312
NB0280800,Waterloo Police Department,NE,919
NB0900000,Wayne County Sheriff's Office,NE,3626
NB0900100,Wayne Police Department,NE,6295
NB0910000,Webster County Sheriff's Office,NE,3313
NB0200100,West Point Police Department,NE,3450
NB0920000,Wheeler County Sheriff's Office,NE,818
NB0870400,Winnebago Tribal,NE,0
NB0200200,Wisner Police Department,NE,1232
NB0340200,Wymore Police Department,NE,1338
NB0930000,York County Sheriff's Office,NE,5154
NB0930100,York Police Department,NE,8210
NB0780300,Yutan Police Department,NE,1465
NH0050200,Alexandria Police Department,NH,1755
NH0070200,Allenstown Police Department,NH,4778
NH0030200,Alstead Police Department,NH,1939
NH0010200,Alton Police Department,NH,6085
NH0060200,Amherst Police Department,NH,11954
NH0070400,Andover Police Department,NH,2462
NH0060400,Antrim Police Department,NH,2738
NH0050400,Ashland Police Department,NH,1958
NH0080200,Atkinson Police Department,NH,7413
NH0080400,Auburn Police Department,NH,6330
NH0010400,Barnstead Police Department,NH,5059
NH0090200,Barrington Police Department,NH,9697
NH0020400,Bartlett Police Department,NH,3355
NH0050600,Bath Police Department,NH,1117
NH0060600,Bedford Police Department,NH,23960
NH0010000,Belknap County Sheriff's Office,NH,0
NH0010600,Belmont Police Department,NH,7450
NH0060800,Bennington Police Department,NH,1510
NH0040600,Berlin Police Department,NH,9210
NH0051000,Bethlehem Police Department,NH,2566
NH0070600,Boscawen Police Department,NH,4191
NH0070800,Bow Police Department,NH,8435
NH0071000,Bradford Police Department,NH,1738
NH0080600,Brentwood Police Department,NH,4855
NH0051200,Bridgewater Police Department,NH,1191
NH0051400,Bristol Police Department,NH,3280
NH0061000,Brookline Police Department,NH,5858
NH0051600,Campton Police Department,NH,3456
NH0051800,Canaan Police Department,NH,3827
NH0080800,Candia Police Department,NH,4266
NH0071200,Canterbury Police Department,NH,2487
NH0020000,Carroll County Sheriff's Office,NH,1726
NH0041000,Carroll Police Department,NH,844
NH0010800,Center Harbor Police Department,NH,1048
NH0100400,Charlestown Police Department,NH,4949
NH0030000,Cheshire County Sheriff's Office,NH,0
NH0081000,Chester Police Department,NH,5337
NH0030400,Chesterfield Police Department,NH,3686
NH0071400,Chichester Police Department,NH,2848
NH0100600,Claremont Police Department,NH,13143
NH0041600,Colebrook Police Department,NH,2105
NH0071600,Concord Police Department,NH,44834
NH0021000,Conway Police Department,NH,10413
NH0103000,Cornish Police Department,NH,1656
NH0071800,Danbury Police Department,NH,1315
NH0081200,Danville Police Department,NH,4674
NH0081400,Deerfield Police Department,NH,5009
NH0081600,Derry Police Department,NH,34024
NH0090400,Dover Police Department,NH,34157
NH0030600,Dublin Police Department,NH,1609
NH0072000,Dunbarton Police Department,NH,3231
NH0090600,Durham Police Department,NH,15196
NH0081800,East Kingston Police Department,NH,2433
NH0021400,Effingham Police Department,NH,1820
NH0052600,Enfield Police Department,NH,4490
NH0082000,Epping Police Department,NH,7959
NH0072200,Epsom Police Department,NH,5066
NH0082200,Exeter Police Department,NH,16227
NH0090800,Farmington Police Department,NH,6823
NH0030800,Fitzwilliam Police Department,NH,2516
NH0061400,Francestown Police Department,NH,1655
NH0052800,Franconia Police Department,NH,1156
NH0072400,Franklin Police Department,NH,8842
NH0021600,Freedom Police Department,NH,1723
NH0082400,Fremont Police Department,NH,4933
NH0011000,Gilford Police Department,NH,7923
NH0011200,Gilmanton Police Department,NH,4098
NH0061600,Goffstown Police Department,NH,18469
NH0043000,Gorham Police Department,NH,2668
NH0101000,Goshen Police Department,NH,813
NH0050000,Grafton County Sheriff's Office,NH,0
NH0053000,Grafton Police Department,NH,1422
NH0101200,Grantham Police Department,NH,3502
NH0061800,Greenfield Police Department,NH,1692
NH0082600,Greenland Police Department,NH,4137
NH0053200,Groton Police Department,NH,592
NH0082800,Hampstead Police Department,NH,9184
NH0083200,Hampton Falls Police Department,NH,2391
NH0083000,Hampton Police Department,NH,16486
NH0062200,Hancock Police Department,NH,1759
NH0053400,Hanover Police Department,NH,12110
NH0031200,Harrisville Police Department,NH,1008
NH0053600,Haverhill Police Department,NH,4629
NH0054000,Hebron Police Department,NH,658
NH0072600,Henniker Police Department,NH,6287
NH0072800,Hill Police Department,NH,1059
NH0060000,Hillsborough  County Sheriff's Office,NH,0
NH0062400,Hillsborough Police Department,NH,8056
NH0031400,Hinsdale Police Department,NH,4047
NH0053800,Holderness Police Department,NH,2036
NH0062600,Hollis Police Department,NH,8845
NH0073000,Hooksett Police Department,NH,15502
NH0073200,Hopkinton Police Department,NH,6201
NH0062800,Hudson Police Department,NH,25892
NH0022000,Jackson Police Department,NH,1080
NH0031600,Jaffrey Police Department,NH,5606
NH0031800,Keene Police Department,NH,23034
NH0083400,Kensington Police Department,NH,2093
NH0083600,Kingston Police Department,NH,6311
NH0011400,Laconia Police Department,NH,17400
NH0043800,Lancaster Police Department,NH,3212
NH0054400,Lebanon Police Department,NH,15675
NH0091000,Lee Police Department,NH,4596
NH0054600,Lincoln Police Department,NH,1660
NH0054800,Lisbon Police Department,NH,1641
NH0063000,Litchfield Police Department,NH,8575
NH0055000,Littleton Police Department,NH,6039
NH0083800,Londonderry Police Department,NH,27327
NH0073400,Loudon Police Department,NH,5778
NH0055600,Lyme Police Department,NH,1727
NH0063200,Lyndeborough Police Department,NH,1716
NH0091200,Madbury Police Department,NH,1952
NH0022200,Madison Police Department,NH,2763
NH0063400,Manchester Police Department,NH,116606
NH0032000,Marlborough Police Department,NH,2217
NH0063800,Mason Police Department,NH,1465
NH0011600,Meredith Police Department,NH,6862
NH0070000,Merrimack County Sheriff's Office,NH,0
NH0064000,Merrimack Police Department,NH,30040
NH0091400,Middleton Police Department,NH,1864
NH0064200,Milford Police Department,NH,16630
NH0091600,Milton Police Department,NH,4592
NH0064400,Mont Vernon Police Department,NH,2705
NH0022400,Moultonborough Police Department,NH,5323
NH0064600,Nashua Police Department,NH,92016
NH0032400,Nelson Police Department,NH,676
NH0064800,New Boston Police Department,NH,6247
NH0084000,New Castle Police Department,NH,1002
NH0091800,New Durham Police Department,NH,2841
NH0011800,New Hampton Police Department,NH,2435
NH0065000,New Ipswich Police Department,NH,5455
NH0073800,New London Police Department,NH,4473
NH0073600,Newbury Police Department,NH,2322
NH0084200,Newfields Police Department,NH,1781
NH0084400,Newington Police Department,NH,841
NH0084600,Newmarket Police Department,NH,9544
NH0101800,Newport Police Department,NH,6448
NH0084800,Newton Police Department,NH,4844
NH0085000,North Hampton Police Department,NH,4534
NH0074000,Northfield Police Department,NH,5114
NH0085200,Northwood Police Department,NH,4712
NH0085400,Nottingham Police Department,NH,5521
NH0056200,Orford Police Department,NH,1237
NH0022600,Ossipee Police Department,NH,4667
NH0065200,Pelham Police Department,NH,14799
NH0074200,Pembroke Police Department,NH,7660
NH0065400,Peterborough Police Department,NH,6452
NH0056400,Piermont Police Department,NH,769
NH0045200,Pittsburg Police Department,NH,845
NH0074400,Pittsfield Police Department,NH,4158
NH0102000,Plainfield Police Department,NH,2573
NH0085600,Plaistow Police Department,NH,7871
NH0056600,Plymouth Police Department,NH,6604
NH0085800,Portsmouth Police Department,NH,23157
NH0086000,Raymond Police Department,NH,11080
NH0032800,Rindge Police Department,NH,6555
NH0092000,Rochester Police Department,NH,33835
NH0080000,Rockingham County Sheriff's Office,NH,0
NH0092200,Rollinsford Police Department,NH,2673
NH0033000,Roxbury Police Department,NH,226
NH0056800,Rumney Police Department,NH,1495
NH0086200,Rye Police Department,NH,5687
NH0086400,Salem Police Department,NH,31998
NH0012000,Sanbornton Police Department,NH,3060
NH0086600,Sandown Police Department,NH,6754
NH0022800,Sandwich Police Department,NH,1562
NH0086800,Seabrook Police Department,NH,8430
NH0092400,Somersworth Police Department,NH,12278
NH0087000,South Hampton Police Department,NH,893
NH0102200,Springfield Police Department,NH,1333
NHNSP0000,State Police,NH,0
NH001010X,State Police: Belknap County,NH,0
NH002010X,State Police: Carroll County,NH,0
NH003010X,State Police: Cheshire County,NH,7530
NH004010X,State Police: Coos County,NH,9610
NH005010X,State Police: Grafton County,NH,3097
NH006010X,State Police: Hillsborough County,NH,167
NH007010X,State Police: Merrimack County,NH,1358
NH008010X,State Police: Rockingham County,NH,0
NH009010X,State Police: Strafford County,NH,0
NH010010X,State Police: Sullivan County,NH,2393
NH0090000,Strafford County Sheriff's Office,NH,0
NH0092600,Strafford Police Department,NH,4360
NH0087200,Stratham Police Department,NH,7766
NH0057000,Sugar Hill Police Department,NH,692
NH0100000,Sullivan County Sheriff's Office,NH,2693
NH0102400,Sunapee Police Department,NH,3487
NH0074800,Sutton Police Department,NH,2088
NH0033800,Swanzey Police Department,NH,7507
NH0023000,Tamworth Police Department,NH,2920
NH0062000,Temple-Greenville Police Department,NH,3420
NH0057200,Thornton Police Department,NH,2903
NH0012200,Tilton Police Department,NH,4150
NH0034000,Troy Police Department,NH,2213
NH0023200,Tuftonboro Police Department,NH,2679
NH00927TZ,University of New Hampshire,NH,0
NH0023400,Wakefield Police Department,NH,6427
NH0034200,Walpole Police Department,NH,3737
NH0075000,Warner Police Department,NH,2979
NH0057400,Warren Police Department,NH,829
NH0102800,Washington Police Department,NH,1218
NH0057600,Waterville Valley Police Department,NH,523
NH0066000,Weare Police Department,NH,9255
NH0075200,Webster Police Department,NH,1993
NH0057800,Wentworth Police Department,NH,846
NH0047000,Whitefield Police Department,NH,2537
NH0075600,Wilmot Police Department,NH,1487
NH0066200,Wilton Police Department,NH,4006
NH0034600,Winchester Police Department,NH,4284
NH0087400,Windham Police Department,NH,16285
NH0023600,Wolfeboro Police Department,NH,6675
NH0058000,Woodstock Police Department,NH,1449
NJ0133000,Aberdeen Township Police Department,NJ,19396
NJ0010100,Absecon Police Department,NJ,9284
NJ0020100,Allendale Police Department,NJ,6944
NJ0130100,Allenhurst Police Department,NJ,467
NJ0130200,Allentown Police Department,NJ,1730
NJ0210200,Alpha Police Department,NJ,2365
NJ0020200,Alpine Police Department,NJ,1777
NJ0190200,Andover Township Police Department,NJ,5614
NJ0130300,Asbury Park Police Department,NJ,15551
NJ0010200,Atlantic City Police Department,NJ,39096
NJ0010000,Atlantic County Sheriff's Office,NJ,0
NJ0130500,Atlantic Highlands Police Department,NJ,4399
NJ0040200,Audubon Park Police Department,NJ,1002
NJ0040100,Audubon Police Department,NJ,8816
NJ0050100,Avalon Police Department,NJ,1211
NJ0130600,Avon-by-the-Sea Police Department,NJ,1948
NJ0150100,Barnegat Light Police Department,NJ,645
NJ0153300,Barnegat Township Police Department,NJ,26304
NJ0040300,Barrington Police Department,NJ,7152
NJ0150200,Bay Head Police Department,NJ,973
NJ0090100,Bayonne Police Department,NJ,75204
NJ0150300,Beach Haven Police Department,NJ,1078
NJ0150400,Beachwood Police Department,NJ,11351
NJ0180100,Bedminster Township Police Department,NJ,8400
NJ0070100,Belleville Police Department,NJ,38778
NJ0040400,Bellmawr Police Department,NJ,11869
NJ0130700,Belmar Police Department,NJ,5835
NJ0210300,Belvidere Police Department,NJ,2553
NJ0020000,Bergen County Sheriff's Office,NJ,0
NJ0020300,Bergenfield Police Department,NJ,29040
NJ0200100,Berkeley Heights Township Police Department,NJ,14845
NJ0150500,Berkeley Township Police Department,NJ,45629
NJ0040500,Berlin Police Department,NJ,7638
NJ0040600,Berlin Township Police Department,NJ,6078
NJ0180200,Bernards Township Police Department,NJ,29020
NJ0180300,Bernardsville Police Department,NJ,8072
NJ0030200,Beverly Police Department,NJ,2555
NJ0210400,Blairstown Township Police Department,NJ,5806
NJ0070200,Bloomfield Police Department,NJ,56009
NJ0160100,Bloomingdale Police Department,NJ,7796
NJ0020400,Bogota Police Department,NJ,10067
NJ0140100,Boonton Police Department,NJ,8907
NJ0140200,Boonton Township Police Department,NJ,4475
NJ0030300,Bordentown Police Department,NJ,4087
NJ0030400,Bordentown Township Police Department,NJ,12980
NJ0180400,Bound Brook Police Department,NJ,12850
NJ0130800,Bradley Beach Police Department,NJ,4132
NJ0180500,Branchburg Township Police Department,NJ,15837
NJ0150600,Brick Township Police Department,NJ,77471
NJ0060100,Bridgeton Police Department,NJ,27867
NJ0180600,Bridgewater Township Police Department,NJ,47220
NJ0130900,Brielle Police Department,NJ,4930
NJ0010300,Brigantine Police Department,NJ,7695
NJ0135600,Brookdale Community College,NJ,0
NJ0040700,Brooklawn Police Department,NJ,1835
NJ0010400,Buena Police Department,NJ,4565
NJ0034100,Burlington County Bridge Commission,NJ,0
NJ0030000,Burlington County Sheriff's Office,NJ,0
NJ0030500,Burlington Police Department,NJ,10249
NJ0030600,Burlington Township Police Department,NJ,24499
NJ0140300,Butler Police Department,NJ,8229
NJ0190400,Byram Township Police Department,NJ,8271
NJ0070300,Caldwell Police Department,NJ,9407
NJ0100400,Califon Police Department,NJ,1021
NJ0040800,Camden County Police Department,NJ,71663
NJ0040000,Camden County Sheriff's Office,NJ,0
NJ0050000,Cape May County Sheriff's Office,NJ,0
NJ0050300,Cape May Point Police Department,NJ,296
NJ0050200,Cape May Police Department,NJ,2735
NJ0020500,Carlstadt Police Department,NJ,6470
NJ0171300,Carney's Point Township Police Department,NJ,8708
NJ0120100,Carteret Police Department,NJ,26151
NJ0070500,Cedar Grove Township Police Department,NJ,13928
NJ0140400,Chatham Police Department,NJ,10283
NJ0140500,Chatham Township Police Department,NJ,11349
NJ0041200,Cherry Hill Township Police Department,NJ,80020
NJ0040900,Chesilhurst Police Department,NJ,1564
NJ0140600,Chester Police Department,NJ,1699
NJ0140700,Chester Township Police Department,NJ,7784
NJ0030700,Chesterfield Township Police Department,NJ,8932
NJ0030800,Cinnaminson Township Police Department,NJ,17881
NJ0200200,Clark Township Police Department,NJ,16469
NJ0080100,Clayton Police Department,NJ,9057
NJ0041000,Clementon Police Department,NJ,5665
NJ0020600,Cliffside Park Police Department,NJ,26287
NJ0160200,Clifton Police Department,NJ,90406
NJ0100500,Clinton Police Department,NJ,2800
NJ0100600,Clinton Township Police Department,NJ,13381
NJ0020700,Closter Police Department,NJ,8758
NJ0041100,Collingswood Police Department,NJ,14372
NJ0130400,Colts Neck Township Police Department,NJ,9969
NJ0120200,Cranbury Township Police Department,NJ,4235
NJ0200300,Cranford Township Police Department,NJ,24660
NJ0020800,Cresskill Police Department,NJ,9344
NJ0060000,Cumberland County Sheriff's Office,NJ,0
NJ0131000,Deal Police Department,NJ,889
NJ0030900,Delanco Township Police Department,NJ,4988
NJNDRPA00,Delaware River Port Authority Police Department,NJ,0
NJ0100700,Delaware Township Police Department,NJ,4604
NJ0031000,Delran Township Police Department,NJ,18939
NJ0020900,Demarest Police Department,NJ,4930
NJ0140800,Denville Township Police Department,NJ,17422
NJ0225500,Department of Corrections,NJ,0
NJ0111900,Department of Human Services,NJ,0
NJ0080200,Deptford Township Police Department,NJ,32673
NJ0111700,Division of Fish and Wildlife,NJ,0
NJ0140900,Dover Police Department,NJ,19011
NJ0021000,Dumont Police Department,NJ,18778
NJ0120300,Dunellen Police Department,NJ,8618
NJ0120400,East Brunswick Township Police Department,NJ,51415
NJ0080300,East Greenwich Township Police Department,NJ,12759
NJ0141000,East Hanover Township Police Department,NJ,11254
NJ0090200,East Newark Police Department,NJ,2531
NJ0070600,East Orange Police Department,NJ,72390
NJ0021200,East Rutherford Police Department,NJ,10776
NJ0110100,East Windsor Township Police Department,NJ,30520
NJ0031100,Eastampton Township Police Department,NJ,6611
NJ0131100,Eatontown Police Department,NJ,13583
NJ0031200,Edgewater Park Township Police Department,NJ,9265
NJ0021300,Edgewater Police Department,NJ,15258
NJ0120500,Edison Township Police Department,NJ,110617
NJ0010700,Egg Harbor City Police Department,NJ,4457
NJ0010800,Egg Harbor Township Police Department,NJ,48731
NJ0200400,Elizabeth Police Department,NJ,141194
NJ0080400,Elk Township Police Department,NJ,4523
NJ0170200,Elmer Police Department,NJ,1386
NJ0021100,Elmwood Park Police Department,NJ,21733
NJ0170300,Elsinboro Township Police Department,NJ,1020
NJ0021400,Emerson Police Department,NJ,7441
NJ0021600,Englewood Cliffs Police Department,NJ,5465
NJ0021500,Englewood Police Department,NJ,30436
NJ0131200,Englishtown Police Department,NJ,2343
NJ0073100,Essex County College,NJ,0
NJ0070000,Essex County Sheriff's Office,NJ,0
NJ0070700,Essex Fells Police Department,NJ,2217
NJ0031300,Evesham Township Police Department,NJ,49635
NJ0110200,Ewing Township Police Department,NJ,35484
NJ0131300,Fair Haven Police Department,NJ,6081
NJ0021700,Fair Lawn Police Department,NJ,36860
NJ0070400,"Fairfield Township Police Department, Essex County",NJ,8288
NJ0021800,Fairview Police Department,NJ,15748
NJ0200500,Fanwood Police Department,NJ,8014
NJ0180700,Far Hills Police Department,NJ,940
NJ0031400,Fieldsboro Police Department,NJ,551
NJ0100900,Flemington Police Department,NJ,4915
NJ0031500,Florence Township Police Department,NJ,13360
NJ0141100,Florham Park Police Department,NJ,15036
NJ0021900,Fort Lee Police Department,NJ,40646
NJ0022000,Franklin Lakes Police Department,NJ,11288
NJ0190600,Franklin Police Department,NJ,5101
NJ0080500,"Franklin Township Police Department, Gloucester County",NJ,16750
NJ0101000,"Franklin Township Police Department, Hunterdon County",NJ,3320
NJ0180800,"Franklin Township Police Department, Somerset County",NJ,70400
NJ0131500,Freehold Police Department,NJ,12535
NJ0131600,Freehold Township Police Department,NJ,35898
NJ0101100,Frenchtown Police Department,NJ,1529
NJ0011100,Galloway Township Police Department,NJ,38491
NJ0022100,Garfield Police Department,NJ,33737
NJ0200600,Garwood Police Department,NJ,5604
NJ0041300,Gibbsboro Police Department,NJ,2266
NJ0080600,Glassboro Police Department,NJ,24586
NJ0070800,Glen Ridge Police Department,NJ,8312
NJ0022200,Glen Rock Police Department,NJ,12393
NJ0041400,Gloucester City Police Department,NJ,11641
NJ0080000,Gloucester County Sheriff's Office,NJ,0
NJ0041500,Gloucester Township Police Department,NJ,67054
NJ0180900,Green Brook Township Police Department,NJ,7514
NJ0080700,"Greenwich Township Police Department, Gloucester County",NJ,5056
NJ0210700,"Greenwich Township Police Department, Warren County",NJ,5543
NJ0090300,Guttenberg Police Department,NJ,11918
NJ0022300,Hackensack Police Department,NJ,46753
NJ0210800,Hackettstown Police Department,NJ,10170
NJ0041800,Haddon Heights Police Department,NJ,7604
NJ0041600,Haddon Township Police Department,NJ,15647
NJ0041700,Haddonfield Police Department,NJ,12732
NJ0160300,Haledon Police Department,NJ,9062
NJ0190900,Hamburg Police Department,NJ,3375
NJ0011200,"Hamilton Township Police Department, Atlantic County",NJ,28970
NJ0110300,"Hamilton Township Police Department, Mercer County",NJ,94259
NJ0011300,Hammonton Police Department,NJ,15124
NJ0141200,Hanover Township Police Department,NJ,15187
NJ0141300,Harding Township Police Department,NJ,3947
NJ0191100,Hardyston Township Police Department,NJ,8564
NJ0022400,Harrington Park Police Department,NJ,5178
NJ0090400,Harrison Police Department,NJ,22891
NJ0080800,Harrison Township Police Department,NJ,13975
NJ0150900,Harvey Cedars Police Department,NJ,405
NJ0022500,Hasbrouck Heights Police Department,NJ,12281
NJ0022600,Haworth Police Department,NJ,3476
NJ0160400,Hawthorne Police Department,NJ,20096
NJ0133900,Hazlet Township Police Department,NJ,20776
NJ0120600,Helmetta Police Department,NJ,2514
NJ0041900,Hi-Nella Police Department,NJ,940
NJ0101400,High Bridge Police Department,NJ,3626
NJ0120700,Highland Park Police Department,NJ,15457
NJ0131700,Highlands Police Department,NJ,4272
NJ0110400,Hightstown Police Department,NJ,5994
NJ0181000,Hillsborough Township Police Department,NJ,46078
NJ0022700,Hillsdale Police Department,NJ,10291
NJ0200700,Hillside Township Police Department,NJ,22751
NJ0022800,Ho-Ho-Kus Police Department,NJ,4362
NJ0090500,Hoboken Police Department,NJ,58889
NJ0101500,Holland Township Police Department,NJ,5251
NJ0131800,Holmdel Township Police Department,NJ,17513
NJ0191200,Hopatcong Police Department,NJ,14857
NJ0110500,Hopewell Police Department,NJ,1945
NJ0110600,Hopewell Township Police Department,NJ,18013
NJ0131900,Howell Township Police Department,NJ,54632
NJ0090000,Hudson County Sheriff's Office,NJ,0
NJ0100000,Hunterdon County Sheriff's Office,NJ,0
NJ0211200,Independence Township Police Department,NJ,5700
NJ0132000,Interlaken Police Department,NJ,823
NJ0070900,Irvington Police Department,NJ,62004
NJ0151000,Island Heights Police Department,NJ,1734
NJ0151100,Jackson Township Police Department,NJ,61301
NJ0120800,Jamesburg Police Department,NJ,5896
NJ0141400,Jefferson Township Police Department,NJ,20732
NJ0090600,Jersey City Police Department,NJ,305249
NJ0202400,Kean University,NJ,0
NJ0132100,Keansburg Police Department,NJ,9674
NJ0090700,Kearny Police Department,NJ,40610
NJ0200800,Kenilworth Police Department,NJ,8550
NJ0132200,Keyport Police Department,NJ,7181
NJ0141500,Kinnelon Police Department,NJ,10135
NJ0151200,Lacey Township Police Department,NJ,30417
NJ0134700,Lake Como Police Department,NJ,1666
NJ0151300,Lakehurst Police Department,NJ,2737
NJ0151400,Lakewood Township Police Department,NJ,143902
NJ0101700,Lambertville Police Department,NJ,4214
NJ0042000,Laurel Springs Police Department,NJ,2008
NJ0151500,Lavallette Police Department,NJ,1872
NJ0042100,Lawnside Police Department,NJ,3433
NJ0110700,"Lawrence Township Police Department, Mercer County",NJ,32186
NJ0101900,Lebanon Township Police Department,NJ,6251
NJ0022900,Leonia Police Department,NJ,9530
NJ0141600,Lincoln Park Police Department,NJ,11052
NJ0200900,Linden Police Department,NJ,45814
NJ0042200,Lindenwold Police Department,NJ,21966
NJ0011400,Linwood Police Department,NJ,7104
NJ0151600,Little Egg Harbor Township Police Department,NJ,21816
NJ0160500,Little Falls Township Police Department,NJ,15182
NJ0023000,Little Ferry Police Department,NJ,11169
NJ0132300,Little Silver Police Department,NJ,6092
NJ0071000,Livingston Township Police Department,NJ,32351
NJ0132400,Loch Arbour Police Department,NJ,226
NJ0023100,Lodi Police Department,NJ,26385
NJ0080900,Logan Township Police Department,NJ,6138
NJ0151700,Long Beach Township Police Department,NJ,3162
NJ0132500,Long Branch Police Department,NJ,33612
NJ0143000,Long Hill Township Police Department,NJ,8703
NJ0011500,Longport Police Department,NJ,881
NJ0211500,Lopatcong Township Police Department,NJ,9688
NJ0170400,Lower Alloways Creek Township Police Department,NJ,1758
NJ0050500,Lower Township Police Department,NJ,21631
NJ0031800,Lumberton Township Police Department,NJ,13102
NJ0023200,Lyndhurst Township Police Department,NJ,22663
NJ0141700,Madison Police Department,NJ,16456
NJ0042300,Magnolia Police Department,NJ,4405
NJ0023300,Mahwah Township Police Department,NJ,25874
NJ0132600,Manalapan Township Police Department,NJ,40773
NJ0132700,Manasquan Police Department,NJ,5924
NJ0151800,Manchester Township Police Department,NJ,46585
NJ0031900,"Mansfield Township Police Department, Burlington County",NJ,9140
NJ0211600,"Mansfield Township Police Department, Warren County",NJ,7919
NJ0151900,Mantoloking Police Department,NJ,343
NJ0081000,Mantua Township Police Department,NJ,15626
NJ0181100,Manville Police Department,NJ,11079
NJ0032000,Maple Shade Township Police Department,NJ,20415
NJ0071100,Maplewood Township Police Department,NJ,26239
NJ0011600,Margate City Police Department,NJ,5225
NJ0132800,Marlboro Township Police Department,NJ,41927
NJ0132900,Matawan Police Department,NJ,9789
NJ0023400,Maywood Police Department,NJ,10250
NJ0032200,Medford Lakes Police Department,NJ,4368
NJ0032100,Medford Township Police Department,NJ,25504
NJ0141800,Mendham Police Department,NJ,5004
NJ0141900,Mendham Township Police Department,NJ,6061
NJ0110000,Mercer County Sheriff's Office,NJ,0
NJ0042400,Merchantville Police Department,NJ,4334
NJ0121000,Metuchen Police Department,NJ,15557
NJ0050600,Middle Township Police Department,NJ,19855
NJ0122600,Middlesex County College,NJ,0
NJ0120000,Middlesex County Sheriff's Office,NJ,0
NJ0121100,Middlesex Police Department,NJ,14928
NJ0133100,Middletown Township Police Department,NJ,66938
NJ0023500,Midland Park Police Department,NJ,7122
NJ0071200,Millburn Township Police Department,NJ,23019
NJ0121200,Milltown Police Department,NJ,7199
NJ0061000,Millville Police Department,NJ,27945
NJ0142000,Mine Hill Township Police Department,NJ,4208
NJ0133300,Monmouth Beach Police Department,NJ,3229
NJ0130000,Monmouth County Sheriff's Office,NJ,0
NJ013559E,Monmouth University,NJ,0
NJ0081100,"Monroe Township Police Department, Gloucester County",NJ,38222
NJ0121300,"Monroe Township Police Department, Middlesex County",NJ,50506
NJ0071300,Montclair Police Department,NJ,41340
NJ0072800,Montclair State University,NJ,0
NJ0181300,Montgomery Township Police Department,NJ,24462
NJ0023600,Montvale Police Department,NJ,9994
NJ0142100,Montville Township Police Department,NJ,24980
NJ0023700,Moonachie Police Department,NJ,3177
NJ0032300,Moorestown Township Police Department,NJ,21904
NJ0140000,Morris County Sheriff's Office,NJ,0
NJ0142300,Morris Plains Police Department,NJ,6703
NJ0142200,Morris Township Police Department,NJ,23877
NJ0142400,Morristown Police Department,NJ,20860
NJ0142600,Mount Arlington Police Department,NJ,5991
NJ0042500,Mount Ephraim Police Department,NJ,4707
NJ0032400,Mount Holly Township Police Department,NJ,10222
NJ0032500,Mount Laurel Township Police Department,NJ,47855
NJ0142700,Mount Olive Township Police Department,NJ,29633
NJ0142500,Mountain Lakes Police Department,NJ,4685
NJ0201000,Mountainside Police Department,NJ,7280
NJ0011700,Mullica Township Police Department,NJ,5896
NJ0081200,National Park Police Department,NJ,3095
NJ0133500,Neptune City Police Department,NJ,4597
NJ0133400,Neptune Township Police Department,NJ,28227
NJ0142800,Netcong Police Department,NJ,4075
NJ0121400,New Brunswick Police Department,NJ,57980
NJ0032600,New Hanover Township Police Department,NJ,6331
NJ0072700,New Jersey Institute of Technology,NJ,0
NJ0073200,New Jersey Transit Police,NJ,0
NJ0023800,New Milford Police Department,NJ,17297
NJ0201100,New Providence Police Department,NJ,14004
NJNPD0000,Newark Police Department,NJ,318638
NJ0081300,Newfield Police Department,NJ,1819
NJ0191500,Newton Police Department,NJ,8458
NJ0023900,North Arlington Police Department,NJ,16747
NJ0090800,North Bergen Township Police Department,NJ,61290
NJ0121500,North Brunswick Township Police Department,NJ,45667
NJ0071500,North Caldwell Police Department,NJ,6791
NJ0160600,North Haledon Police Department,NJ,8831
NJ0032700,North Hanover Township Police Department,NJ,8139
NJ0181400,North Plainfield Police Department,NJ,23202
NJ0050700,North Wildwood Police Department,NJ,3540
NJ0011800,Northfield Police Department,NJ,8553
NJ0024000,Northvale Police Department,NJ,5028
NJ0024100,Norwood Police Department,NJ,5907
NJ0071600,Nutley Township Police Department,NJ,30592
NJ0024200,Oakland Police Department,NJ,12963
NJ0042600,Oaklyn Police Department,NJ,3987
NJ0050800,Ocean City Police Department,NJ,11217
NJ0150000,Ocean County Sheriff's Office,NJ,0
NJ0152100,Ocean Gate Police Department,NJ,2005
NJ0133700,"Ocean Township Police Department, Monmouth County",NJ,28072
NJ0152000,"Ocean Township Police Department, Ocean County",NJ,9358
NJ0133800,Oceanport Police Department,NJ,6445
NJ0191600,Ogdensburg Police Department,NJ,2325
NJ0120900,Old Bridge Township Police Department,NJ,71391
NJ0024300,Old Tappan Police Department,NJ,6460
NJ0024400,Oradell Police Department,NJ,8366
NJ0071700,Orange Police Department,NJ,35247
NJ0211700,Oxford Township Police Department,NJ,2486
NJNPIPP00,Palisades Interstate Parkway,NJ,0
NJ0024500,Palisades Park Police Department,NJ,20554
NJ0032800,Palmyra Police Department,NJ,7624
NJ0024600,Paramus Police Department,NJ,26799
NJ0149100,Park Police: Morris County,NJ,0
NJ0209100,Park Police: Union County,NJ,0
NJ0024700,Park Ridge Police Department,NJ,9828
NJ0142900,Parsippany-Troy Hills Township Police Department,NJ,56828
NJ0160000,Passaic County Sheriff's Office,NJ,0
NJ0160700,Passaic Police Department,NJ,70744
NJ0160800,Paterson Police Department,NJ,160567
NJ0081400,Paulsboro Police Department,NJ,6339
NJ0181500,Peapack and Gladstone Police Department,NJ,2619
NJ0032900,Pemberton Police Department,NJ,1399
NJ0033000,Pemberton Township Police Department,NJ,27452
NJ0110800,Pennington Police Department,NJ,2933
NJ0170800,Penns Grove Police Department,NJ,4937
NJ0042700,Pennsauken Township Police Department,NJ,37777
NJ0170500,Pennsville Township Police Department,NJ,12899
NJ0143100,Pequannock Township Police Department,NJ,15770
NJ0121600,Perth Amboy Police Department,NJ,57269
NJ0211900,Phillipsburg Police Department,NJ,15440
NJ0152200,Pine Beach Police Department,NJ,2233
NJ0042800,Pine Hill Police Department,NJ,10915
NJ0042900,Pine Valley Police Department,NJ,8
NJ0121700,Piscataway Township Police Department,NJ,63164
NJ0081500,Pitman Police Department,NJ,8972
NJ0201200,Plainfield Police Department,NJ,56992
NJ0121800,Plainsboro Township Police Department,NJ,24663
NJ0011900,Pleasantville Police Department,NJ,21008
NJ0152300,Plumsted Township Police Department,NJ,9764
NJ0212000,Pohatcong Township Police Department,NJ,3310
NJ0152500,Point Pleasant Beach Police Department,NJ,4993
NJ0152400,Point Pleasant Police Department,NJ,19745
NJ0160900,Pompton Lakes Police Department,NJ,11159
NJNYPOA00,Port Authority of New York and New Jersey,NJ,0
NJ0111000,Princeton  Police Department,NJ,31613
NJ0115000,Princeton University,NJ,0
NJ0018900,Prosecutor: Atlantic County,NJ,0
NJ0028900,Prosecutor: Bergen County,NJ,0
NJ0038900,Prosecutor: Burlington County,NJ,0
NJ0048900,Prosecutor: Camden County,NJ,0
NJ0058900,Prosecutor: Cape May County,NJ,0
NJ0068900,Prosecutor: Cumberland County,NJ,0
NJ0078900,Prosecutor: Essex County,NJ,0
NJ0088900,Prosecutor: Gloucester County,NJ,0
NJ0098900,Prosecutor: Hudson County,NJ,0
NJ0108900,Prosecutor: Hunterdon County,NJ,0
NJ0118900,Prosecutor: Mercer County,NJ,0
NJ0128900,Prosecutor: Middlesex County,NJ,0
NJ0138900,Prosecutor: Monmouth County,NJ,0
NJ0148900,Prosecutor: Morris County,NJ,0
NJ0158900,Prosecutor: Ocean County,NJ,0
NJ0168900,Prosecutor: Passaic County,NJ,0
NJ0178900,Prosecutor: Salem County,NJ,0
NJ0188900,Prosecutor: Somerset County,NJ,0
NJ0198900,Prosecutor: Sussex County,NJ,0
NJ0208900,Prosecutor: Union County,NJ,0
NJ0218900,Prosecutor: Warren County,NJ,0
NJ0161000,Prospect Park Police Department,NJ,6382
NJ0201300,Rahway Police Department,NJ,31004
NJ0024800,Ramsey Police Department,NJ,15047
NJ0143200,Randolph Township Police Department,NJ,26831
NJ0181600,Raritan Police Department,NJ,8809
NJ0102100,Raritan Township Police Department,NJ,25747
NJ0102200,Readington Township Police Department,NJ,16437
NJ0134000,Red Bank Police Department,NJ,12811
NJ0025000,Ridgefield Park Police Department,NJ,13435
NJ0024900,Ridgefield Police Department,NJ,11704
NJ0025100,Ridgewood Police Department,NJ,26873
NJ0161100,Ringwood Police Department,NJ,11766
NJ0025200,River Edge Police Department,NJ,12265
NJ0025300,River Vale Township Police Department,NJ,10530
NJ0143300,Riverdale Police Department,NJ,4147
NJ0033100,Riverside Township Police Department,NJ,8186
NJ0033200,Riverton Police Department,NJ,2831
NJ0111200,Robbinsville Township Police Department,NJ,16032
NJ0025400,Rochelle Park Township Police Department,NJ,6047
NJ0143400,Rockaway Police Department,NJ,6659
NJ0143500,Rockaway Township Police Department,NJ,27254
NJ0025500,Rockleigh Police Department,NJ,407
NJ0071800,Roseland Police Department,NJ,6387
NJ0201500,Roselle Park Police Department,NJ,14470
NJ0201400,Roselle Police Department,NJ,23152
NJ0082600,Rowan University,NJ,0
NJ0143600,Roxbury Township Police Department,NJ,23460
NJ0134200,Rumson Police Department,NJ,7158
NJ0043000,Runnemede Police Department,NJ,8442
NJ0043900,Rutgers University: Camden,NJ,0
NJ0123000,Rutgers University: New Brunswick,NJ,0
NJ0073000,Rutgers University: Newark,NJ,0
NJ0025600,Rutherford Police Department,NJ,19298
NJ0025700,Saddle Brook Township Police Department,NJ,14553
NJ0025800,Saddle River Police Department,NJ,3459
NJ0170000,Salem County Sheriff's Office,NJ,0
NJ0171200,Salem Police Department,NJ,5386
NJ0121900,Sayreville Police Department,NJ,47610
NJ0201600,Scotch Plains Township Police Department,NJ,25285
NJ0134300,Sea Bright Police Department,NJ,1445
NJ0134400,Sea Girt Police Department,NJ,1876
NJ0050900,Sea Isle City Police Department,NJ,2127
NJ0152600,Seaside Heights Police Department,NJ,2547
NJ0152700,Seaside Park Police Department,NJ,2276
NJ0090900,Secaucus Police Department,NJ,22862
NJ0152800,Ship Bottom Police Department,NJ,1132
NJ0134500,Shrewsbury Police Department,NJ,4166
NJ0043100,Somerdale Police Department,NJ,5746
NJ0012100,Somers Point Police Department,NJ,10650
NJ0180000,Somerset County Sheriff's Office,NJ,0
NJ0181800,Somerville Police Department,NJ,15033
NJ0122000,South Amboy Police Department,NJ,10862
NJ0181900,South Bound Brook Police Department,NJ,5004
NJ0122100,South Brunswick Township Police Department,NJ,48091
NJ0025900,South Hackensack Township Police Department,NJ,2765
NJ0081600,South Harrison Township Police Department,NJ,3486
NJ0071900,South Orange Police Department,NJ,18790
NJ0122200,South Plainfield Police Department,NJ,25232
NJ0122300,South River Police Department,NJ,16459
NJ0152900,South Toms River Police Department,NJ,3788
NJ0191800,Sparta Township Police Department,NJ,20552
NJ0122400,Spotswood Police Department,NJ,8343
NJ0134900,Spring Lake Heights Police Department,NJ,4854
NJ0134800,Spring Lake Police Department,NJ,2780
NJ0033500,"Springfield Township Police Department, Burlington County",NJ,3307
NJ0201700,"Springfield Township Police Department, Union County",NJ,17743
NJ0153000,Stafford Township Police Department,NJ,31111
NJ0191900,Stanhope Police Department,NJ,3620
NJ0225400,State Park Police,NJ,0
NJNSP2200,State Police,NJ,0
NJ001SP00,State Police: Atlantic County,NJ,14888
NJ002SP00,State Police: Bergen County,NJ,0
NJ003SP00,State Police: Burlington County,NJ,34089
NJ004SP00,State Police: Camden County,NJ,0
NJ005SP00,State Police: Cape May County,NJ,20448
NJ006SP00,State Police: Cumberland County,NJ,37754
NJ007SP00,State Police: Essex County,NJ,0
NJ008SP00,State Police: Gloucester County,NJ,0
NJ009SP00,State Police: Hudson County,NJ,0
NJ010SP00,State Police: Hunterdon County,NJ,30221
NJ011SP00,State Police: Mercer County,NJ,0
NJ012SP00,State Police: Middlesex County,NJ,0
NJ013SP00,State Police: Monmouth County,NJ,20213
NJ014SP00,State Police: Morris County,NJ,1598
NJ015SP00,State Police: Ocean County,NJ,0
NJ016SP00,State Police: Passaic County,NJ,0
NJ017SP00,State Police: Salem County,NJ,26188
NJ018SP00,State Police: Somerset County,NJ,0
NJ019SP00,State Police: Sussex County,NJ,44405
NJ020SP00,State Police: Union County,NJ,0
NJ021SP00,State Police: Warren County,NJ,27121
NJ009149E,Stevens Institute of Technology,NJ,0
NJ0012400,Stockton University,NJ,0
NJ0051000,Stone Harbor Police Department,NJ,782
NJ0043200,Stratford Police Department,NJ,7232
NJ0201800,Summit Police Department,NJ,23191
NJ0153100,Surf City Police Department,NJ,1312
NJ0190000,Sussex County Sheriff's Office,NJ,0
NJ0081700,Swedesboro Police Department,NJ,2776
NJ0043300,Tavistock Police Department,NJ,2
NJ0026000,Teaneck Township Police Department,NJ,42875
NJ0026100,Tenafly Police Department,NJ,15463
NJ0026200,Teterboro Police Department,NJ,71
NJ0102400,Tewksbury Township Police Department,NJ,5936
NJ0111800,The College of New Jersey,NJ,0
NJ0133600,Tinton Falls Police Department,NJ,19512
NJ0150700,Toms River Township Police Department,NJ,101100
NJ0161200,Totowa Police Department,NJ,11061
NJ0111100,Trenton Police Department,NJ,91236
NJ0153200,Tuckerton Police Department,NJ,3736
NJ0135000,Union Beach Police Department,NJ,5688
NJ0091000,Union City Police Department,NJ,66539
NJ0200000,Union County Sheriff's Office,NJ,0
NJ0201900,Union Township Police Department,NJ,63958
NJ0026300,Upper Saddle River Police Department,NJ,8779
NJ0012200,Ventnor City Police Department,NJ,9418
NJ0192200,Vernon Township Police Department,NJ,23028
NJ0072000,Verona Police Department,NJ,14817
NJ0061400,Vineland Police Department,NJ,62434
NJ0043400,Voorhees Township Police Department,NJ,31547
NJ0026400,Waldwick Police Department,NJ,10351
NJ0135200,Wall Township Police Department,NJ,26782
NJ0026500,Wallington Police Department,NJ,12099
NJ0161300,Wanaque Police Department,NJ,11351
NJ0210000,Warren County Sheriff's Office,NJ,0
NJ0182000,Warren Township Police Department,NJ,17097
NJ0212100,Washington Police Department,NJ,7397
NJ0026600,"Washington Township Police Department, Bergen County",NJ,9467
NJ0081800,"Washington Township Police Department, Gloucester County",NJ,49956
NJ0143800,"Washington Township Police Department, Morris County",NJ,18392
NJ0212200,"Washington Township Police Department, Warren County",NJ,7041
NJ0182100,Watchung Police Department,NJ,6662
NJ0043500,Waterford Township Police Department,NJ,10559
NJ0161400,Wayne Township Police Department,NJ,53903
NJ0091100,Weehawken Township Police Department,NJ,18053
NJ0081900,Wenonah Police Department,NJ,2336
NJ0102600,West Amwell Township Police Department,NJ,3042
NJ0072100,West Caldwell Township Police Department,NJ,11185
NJ0051200,West Cape May Police Department,NJ,992
NJ0082000,West Deptford Township Police Department,NJ,22734
NJ0135300,West Long Branch Police Department,NJ,8610
NJ0161500,West Milford Township Police Department,NJ,25014
NJ0091200,West New York Police Department,NJ,53036
NJ0072200,West Orange Police Department,NJ,49285
NJ0051300,West Wildwood Police Department,NJ,535
NJ0111300,West Windsor Township Police Department,NJ,32916
NJ0033800,Westampton Township Police Department,NJ,9410
NJ0202000,Westfield Police Department,NJ,32308
NJ0082100,Westville Police Department,NJ,4365
NJ0026700,Westwood Police Department,NJ,11466
NJ0143900,Wharton Police Department,NJ,7483
NJ0051500,Wildwood Crest Police Department,NJ,3021
NJ0051400,Wildwood Police Department,NJ,5088
NJ0161700,William Paterson University,NJ,0
NJ0031700,Willingboro Township Police Department,NJ,32676
NJ0202100,Winfield Township Police Department,NJ,1442
NJ0043600,Winslow Township Police Department,NJ,40547
NJ0026900,Wood-Ridge Police Department,NJ,10457
NJ0122500,Woodbridge Township Police Department,NJ,106592
NJ0082300,Woodbury Heights Police Department,NJ,3165
NJ0082200,Woodbury Police Department,NJ,10169
NJ0026800,Woodcliff Lake Police Department,NJ,6257
NJ0161600,Woodland Park Police Department,NJ,13477
NJ0043700,Woodlynne Police Department,NJ,2946
NJ0171500,Woodstown Police Department,NJ,3776
NJ0082400,Woolwich Township Police Department,NJ,15191
NJ0027000,Wyckoff Township Police Department,NJ,17556
NM0330400,Acoma Tribal,NM,0
NM0190100,Alamogordo Police Department,NM,31851
NM0011200,Albuquerque Fire and Rescue,NM,0
NM0010100,Albuquerque Police Department,NM,559192
NM0040500,Angel Fire Police Department,NM,1180
NM0070200,Anthony Police Department,NM,8959
NM0080100,Artesia Police Department,NM,12471
NM0240100,Aztec Police Department,NM,6111
NM0090200,Bayard Police Department,NM,2058
NM0320100,Belen Police Department,NM,7605
NM0010000,Bernalillo County Sheriff's Office,NM,108749
NM0230100,Bernalillo Police Department,NM,9194
NM0240300,Bloomfield Police Department,NM,7351
NM0320700,Bosque Farms Police Department,NM,4167
NM0140400,Capitan Police Department,NM,1411
NM0080200,Carlsbad Police Department,NM,31936
NM0140200,Carrizozo Police Department,NM,966
NM0020000,Catron County Sheriff's Office,NM,3829
NM0030000,Chaves County Sheriff's Office,NM,13853
NM0330000,Cibola County Sheriff's Office,NM,15191
NM0040200,Cimarron Police Department,NM,795
NM0310100,Clayton Police Department,NM,2537
NM0190300,Cloudcroft Police Department,NM,758
NM0050100,Clovis Police Department,NM,37320
NM0040000,Colfax County Sheriff's Office,NM,3347
NM0230300,Corrales Police Department,NM,8536
NM0230200,Cuba Police Department,NM,643
NM0050000,Curry County Sheriff's Office,NM,8441
NM0060000,De Baca County Sheriff's Office,NM,1645
NM0160100,Deming Police Department,NM,15292
NM0260500,Department of Game and Fish,NM,0
NM0030200,Dexter Police Department,NM,1052
NM0070000,Dona Ana County Sheriff's Office,NM,81588
NM0220200,Eastern New Mexico University,NM,0
NM0080000,Eddy County Sheriff's Office,NM,15117
NM0261200,Edgewood Police Department,NM,6168
NM0210100,Espanola Police Department,NM,10465
NM0300200,Estancia Police Department,NM,1329
NM0130100,Eunice Police Department,NM,3069
NM0240200,Farmington Police Department,NM,46204
NM0170100,Gallup Police Department,NM,19989
NM0090000,Grant County Sheriff's Office,NM,13062
NM0330100,Grants Police Department,NM,8850
NM0100000,Guadalupe County Sheriff's Office,NM,1538
NM0030300,Hagerman Police Department,NM,958
NM0110000,Harding County Sheriff's Office,NM,628
NM0070300,Hatch Police Department,NM,1601
NM0120000,Hidalgo County Sheriff's Office,NM,1729
NM0130200,Hobbs Police Department,NM,41168
NM0080500,Hope Police Department,NM,113
NM0090400,Hurley Police Department,NM,1225
NMDI05700,Isleta Tribal,NM,0
NM0130300,Jal Police Department,NM,2191
NMDI02300,Jemez Pueblo,NM,0
NM0210300,Jicarilla Apache Tribal,NM,0
NM0330300,Laguna Tribal,NM,0
NM0030500,Lake Arthur Police Department,NM,374
NM0070100,Las Cruces Police Department,NM,118356
NM0250100,Las Vegas Police Department,NM,12599
NM0130000,Lea County Sheriff's Office,NM,16169
NM0140000,Lincoln County Sheriff's Office,NM,7261
NM0200200,Logan Police Department,NM,943
NM0120100,Lordsburg Police Department,NM,2174
NM0150100,Los Alamos Police Department,NM,19665
NM0320300,Los Lunas Police Department,NM,20577
NM0080300,Loving Police Department,NM,1353
NM0130400,Lovington Police Department,NM,11699
NM0160000,Luna County Sheriff's Office,NM,10596
NM0280200,Magdalena Police Department,NM,769
NM0170000,McKinley County Sheriff's Office,NM,47822
NMDI07000,Mescalero Tribal,NM,0
NM0070500,Mesilla Police Department,NM,1834
NM0330200,Milan Police Department,NM,2476
NM0180000,Mora County Sheriff's Office,NM,4057
NM0300300,Moriarty Police Department,NM,2090
NM0300400,Mountainair Police Department,NM,940
NM0250300,New Mexico Highlands University,NM,0
NM0280300,New Mexico Institute of Mining and Technology,NM,0
NM0030400,New Mexico Military Institute,NM,0
NMNSP0000,New Mexico State Police,NM,0
NM0070400,New Mexico State University,NM,0
NMDI05000,Northern Pueblos Agency,NM,0
NM0210400,Ohkay Owingeh Tribal,NM,0
NM0190000,Otero County Sheriff's Office,NM,34657
NM032100X,Peralta Police Department,NM,3500
NMDI02200,Pojoaque Tribal,NM,0
NM0220100,Portales Police Department,NM,11706
NMDI05500,Pueblo of Sandia,NM,0
NM0200000,Quay County Sheriff's Office,NM,2345
NM0290200,Questa Police Department,NM,1802
NM0170400,Ramah Navajo Tribal,NM,0
NM0040100,Raton Police Department,NM,5999
NM0290300,Red River Police Department,NM,536
NM0210000,Rio Arriba County Sheriff's Office,NM,32669
NM0321100,Rio Communities Police Department,NM,4926
NM0230600,Rio Rancho Police Department,NM,114641
NM0220000,Roosevelt County Sheriff's Office,NM,6830
NM0030100,Roswell Police Department,NM,46866
NM0140300,Ruidoso Downs Police Department,NM,2618
NM0140100,Ruidoso Police Department,NM,7626
NM0240000,San Juan County Sheriff's Office,NM,60559
NM0250000,San Miguel County Sheriff's Office,NM,13559
NM0230700,San Ysidro Police Department,NM,172
NM0230000,Sandoval County Sheriff's Office,NM,26165
NM0230800,Santa Ana Tribal,NM,0
NM0090300,Santa Clara Police Department,NM,1607
NM0210500,Santa Clara Pueblo,NM,0
NM0260000,Santa Fe County Sheriff's Office,NM,57039
NM0260100,Santa Fe Police Department,NM,91268
NM0100100,Santa Rosa Police Department,NM,2817
NM0270000,Sierra County Sheriff's Office,NM,5387
NM0090100,Silver City Police Department,NM,9322
NM0280000,Socorro County Sheriff's Office,NM,6726
NM0280100,Socorro Police Department,NM,8268
NMDI05100,Southern Pueblos Agency,NM,0
NM0040300,Springer Police Department,NM,929
NM0070600,Sunland Park Police Department,NM,18549
NM0290000,Taos County Sheriff's Office,NM,25494
NM0290100,Taos Police Department,NM,6443
NM0290400,Taos Pueblo,NM,0
NM0290500,Taos Ski Valley Police Department,NM,83
NM0130500,Tatum Police Department,NM,714
NM0260700,Tesuque Pueblo,NM,0
NM0050300,Texico Police Department,NM,921
NM0300000,Torrance County Sheriff's Office,NM,11807
NM0270100,Truth or Consequences Police Department,NM,5917
NM0200100,Tucumcari Police Department,NM,5009
NM0190200,Tularosa Police Department,NM,2652
NM0310000,Union County Sheriff's Office,NM,1338
NM0010200,University of New Mexico: Main Campus,NM,0
NM0321000,University of New Mexico: Valencia,NM,0
NM0320000,Valencia County Sheriff's Office,NM,40846
NM0090500,Western New Mexico University,NM,0
NMDI08300,Zia Pueblo,NM,0
NM0170300,Zuni Tribal,NM,0
NV018065A,Attorney General Investigations Division,NV,0
NV0020400,Boulder City Police Department,NV,15062
NV0131500,Capitol Police,NV,0
NV0040200,Carlin Police Department,NV,1998
NV0130000,Carson City County Sheriff's Office,NV,57592
NV0010000,Churchill County Sheriff's Office,NV,16229
NV002C100,City of Las Vegas Department of Public Safety,NV,0
NV0021400,Clark County Fire Department,NV,0
NV0021600,Clark County School District,NV,0
NV0131100,Department of Public Safety Investigative Division,NV,0
NV0160800,"Department of Wildlife, Law Enforcement Division",NV,0
NV0030000,Douglas County Sheriff's Office,NV,49211
NVDI06600,Duckwater Tribal,NV,0
NVDI05100,Eastern Nevada Agency,NV,0
NVDI06700,Elko Band Tribal,NV,0
NV0040000,Elko County Sheriff's Office,NV,26720
NV0040100,Elko Police Department,NV,20889
NVDI00700,Ely Shoshone Tribal,NV,0
NV0050000,Esmeralda County Sheriff's Office,NV,711
NV0060000,Eureka County Sheriff's Office,NV,1870
NV0010100,Fallon Police Department,NV,9728
NVDI00800,Fallon Tribal,NV,0
NV0020300,Henderson Police Department,NV,358366
NV0049900,Highway Patrol: Northeastern Division,NV,0
NV0169900,Highway Patrol: Northwestern Division,NV,0
NV0029900,Highway Patrol: Southern Division,NV,0
NV0070000,Humboldt County Sheriff's Office,NV,8772
NV0080000,Lander County Sheriff's Office,NV,5758
NV0021500,"Las Vegas Fire and Rescue, Arson Bomb Unit",NV,0
NV0020100,Las Vegas Metropolitan Police Department,NV,1712136
NV002B81J,Las Vegas Municipal Court,NV,0
NV0022000,Las Vegas Paiute Tribal,NV,0
NV0090000,Lincoln County Sheriff's Office,NV,4290
NVDI00500,Lovelock Paiute Tribal,NV,0
NV0140100,Lovelock Police Department,NV,1825
NV0100000,Lyon County Sheriff's Office,NV,61131
NV0020900,Mesquite Police Department,NV,24413
NV0110000,Mineral County Sheriff's Office,NV,4423
NVDI05800,Moapa Tribal,NV,0
NV0130700,Nevada Department of Conservation and Natural Resources,NV,0
NV0131200,Nevada Gaming Control Board: Carson City County,NV,0
NV0020800,Nevada Gaming Control Board: Clark County,NV,0
NV0040700,Nevada Gaming Control Board: Elko County,NV,0
NV0160700,Nevada Gaming Control Board: Washoe County,NV,0
NV0020200,North Las Vegas Police Department,NV,302881
NV0120000,Nye County Sheriff's Office,NV,56627
NV0140000,Pershing County Sheriff's Office,NV,4643
NVDI05700,Pyramid Lake Tribal,NV,0
NV016781J,Reno Municipal Court Marshal,NV,0
NV0160100,Reno Police Department,NV,286060
NV0161600,Reno Tahoe Airport Authority,NV,0
NVDI00300,Reno-Sparks Indian Colony,NV,0
NV002300X,Secretary of State Securities Division Enforcement Section,NV,0
NVDI06500,South Fork Band Tribal,NV,0
NV0160200,Sparks Police Department,NV,112191
NV0131300,State Fire Marshal,NV,0
NV0150000,Storey County Sheriff's Office,NV,4083
NV0162000,Union Pacific Railroad,NV,0
NV0021000,University Police Services,NV,0
NV0160300,University of Nevada: Reno,NV,0
NVDI05500,Walker River Tribal,NV,0
NV0161000,Washoe County School District,NV,0
NV0160000,Washoe County Sheriff's Office,NV,110297
NV0031000,Washoe Tribal,NV,0
NV0040500,West Wendover Police Department,NV,4530
NVDI05000,Western Nevada Agency,NV,0
NVDI06300,Western Shoshone Tribal,NV,0
NV0170000,White Pine County Sheriff's Office,NV,8346
NV0070100,Winnemucca Police Department,NV,8182
NV0100200,Yerington Paiute Tribal,NV,0
NV0100100,Yerington Police Department,NV,3224
NVDI06400,Yomba Shoshone Tribal,NV,0
NY0222000,Adams Village Police Department,NY,1667
NY0502000,Addison Town and Village Police Department,NY,2313
NY0082000,Afton Village Police Department,NY,781
NY0143200,Akron Village Police Department,NY,2880
NY0010000,Albany County Sheriff's Office,NY,22839
NY0010100,Albany Police Department,NY,102009
NY0362000,Albion Village Police Department,NY,5718
NY0222100,Alexandria Bay Village Police Department,NY,939
NY0022000,Alfred Village Police Department,NY,5594
NY0020000,Allegany County Sheriff's Office,NY,26872
NY0042000,Allegany Village Police Department,NY,1601
NY0012100,Altamont Village Police Department,NY,1648
NY0145100,Amherst Town Police Department,NY,125750
NY0512000,Amityville Village Police Department,NY,9781
NY0280100,Amsterdam Police Department,NY,18162
NY0022200,Andover Village Police Department,NY,886
NY0022300,Angelica Village  Police Department,NY,704
NY0602000,Arcade Village Police Department,NY,1913
NY0592400,Ardsley Village Police Department,NY,4950
NY0514400,Asharoken Village Police Department,NY,612
NY0192000,Athens Village  Police Department,NY,1578
NY0602100,Attica Village Police Department,NY,2433
NY0050100,Auburn Police Department,NY,25742
NY0252000,Avon Village Police Department,NY,3457
NY0082100,Bainbridge Village Police Department,NY,1245
NY0332700,Baldwinsville Village Police Department,NY,7625
NY0452000,Ballston Spa Village Police Department,NY,4885
NY0180100,Batavia Police Department,NY,15045
NY0502200,Bath Village Police Department,NY,5491
NY0130100,Beacon Police Department,NY,15544
NY0595000,Bedford Town Police Department,NY,16548
NY0022100,Belmont Village Police Department,NY,829
NY0015100,Bethlehem Town Police Department,NY,35516
NY0030100,Binghamton Police Department,NY,46525
NY0223400,Black River Police Department,NY,1230
NY0142900,Blasdell Village Police Department,NY,2563
NY0357300,Blooming Grove Town Police Department,NY,12754
NY0022400,Bolivar Village Police Department,NY,995
NY0565000,Bolton Town Police Department,NY,2008
NY0322100,Boonville Village Police Department,NY,1998
NY0145400,Brant Town Police Department,NY,1936
NY0392200,Brewster Police Department,NY,2503
NY0593100,Briarcliff Manor Village Police Department,NY,7415
NY0275000,Brighton Town Police Department,NY,36471
NY0272800,Brockport Village Police Department,NY,7588
NY0592200,Bronxville Village Police Department,NY,6444
NY0299800,Brookville Police Department,NY,2915
NY0030000,Broome County Sheriff's Office,NY,89462
NY0222300,Brownville Village  Police Department,NY,926
NY0594100,Buchanan Village Police Department,NY,2228
NY0140100,Buffalo Police Department,NY,276384
NY0195200,Cairo Town Police Department,NY,6634
NY0252100,Caledonia Village Police Department,NY,2078
NY0572100,Cambridge Village Police Department,NY,1800
NY0322300,Camden Village Police Department,NY,2137
NY0335000,Camillus Town and Village Police Department,NY,25266
NY0282200,Canajoharie Village Police Department,NY,2060
NY0342900,Canandaigua Police Department,NY,10462
NY0262600,Canastota Village Police Department,NY,4406
NY0502400,Canisteo Village Police Department,NY,2147
NY0442000,Canton Village Police Department,NY,6853
NY0222600,Cape Vincent Village Police Department,NY,725
NY0395000,Carmel Town Police Department,NY,34090
NY0065200,Carroll Town Police Department,NY,3369
NY0223800,Carthage Village Police Department,NY,3242
NY0192100,Catskill Village Police Department,NY,3705
NY0040000,Cattaraugus County Sheriff's Office,NY,48489
NY0042600,Cattaraugus Village Police Department,NY,951
NY0050000,Cayuga County Sheriff's Office,NY,44923
NY0542500,Cayuga Heights Village Police Department,NY,3918
NY0262100,Cazenovia Village Police Department,NY,2720
NY0372300,Central Square Village Police Department,NY,1845
NY0294700,Centre Island Village Police Department,NY,394
NY0102000,Chatham Village Police Department,NY,1533
NY0060000,Chautauqua County Sheriff's Office,NY,56704
NY0145500,Cheektowaga Town Police Department,NY,79099
NY0070000,Chemung County Sheriff's Office,NY,39505
NY0080000,Chenango County Sheriff's Office,NY,31690
NY0357700,Chester Town Police Department,NY,8820
NY0352100,Chester Village Police Department,NY,3991
NY0262900,Chittenango Village Police Department,NY,4753
NY0335100,Cicero Town Police Department,NY,28825
NY0435000,Clarkstown Town Police Department,NY,81817
NY0222800,Clayton Village Police Department,NY,1679
NY0342100,Clifton Springs Village Police Department,NY,2159
NY0090000,Clinton County Sheriff's Office,NY,58426
NY0582200,Clyde Village Police Department,NY,2116
NY0472000,Cobleskill Village Police Department,NY,4605
NY0015800,Coeymans Town Police Department,NY,7301
NY0502500,Cohocton Town Police Department,NY,2182
NY0010200,Cohoes Police Department,NY,18639
NY0124200,Colchester Town Police Department,NY,1761
NY0392000,Cold Spring Village Police Department,NY,1998
NY0015300,Colonie Town Police Department,NY,82328
NY0100000,Columbia County Sheriff's Office,NY,45013
NY0382400,Cooperstown Village Police Department,NY,1842
NY0182500,Corfu Village Police Department,NY,686
NY054119E,Cornell University,NY,0
NY0500100,Corning Police Department,NY,10610
NY0355200,Cornwall Town Police Department,NY,9598
NY0352200,Cornwall-on-Hudson Village Police Department,NY,2992
NY0110000,Cortland County Sheriff's Office,NY,25692
NY0110100,Cortland Police Department,NY,17445
NY0192200,Coxsackie Village Police Department,NY,2670
NY0357600,Crawford Town Police Department,NY,9030
NY0592100,Croton-on-Hudson Village Police Department,NY,8228
NY0022600,Cuba Town Police Department,NY,3077
NY0252700,Dansville Village Police Department,NY,4327
NY0357100,Deerpark Town Police Department,NY,7374
NY0120000,Delaware County Sheriff's Office,NY,32019
NY0122100,Delhi Village Police Department,NY,3527
NY0142400,Depew Village Police Department,NY,14851
NY0335300,Dewitt Town Police Department,NY,25208
NY0222400,Dexter Village Police Department,NY,1012
NY0592500,Dobbs Ferry Village Police Department,NY,11523
NY0212500,Dolgeville Village Police Department,NY,2008
NY0542000,Dryden Village Police Department,NY,1861
NY0060100,Dunkirk Police Department,NY,12293
NY0195100,Durham Town Police Department,NY,2603
NY0130000,Dutchess County Sheriff's Office,NY,123461
NY0142200,East Aurora-Aurora Town Police Department,NY,13917
NY0136600,East Fishkill Town Police Department,NY,29764
NY0415200,East Greenbush Town Police Department,NY,16600
NY0515200,East Hampton Town Police Department,NY,26350
NY0513200,East Hampton Village Police Department,NY,1570
NY0272400,East Rochester Village Police Department,NY,6093
NY0595200,Eastchester Town Police Department,NY,20296
NY0146100,Eden Town Police Department,NY,7542
NY0552600,Ellenville Village Police Department,NY,4168
NY0065900,Ellicott Town Police Department,NY,5261
NY0042300,Ellicottville Police Department,NY,1305
NY0072100,Elmira Heights Village Police Department,NY,3723
NY0070100,Elmira Police Department,NY,26241
NY0075500,Elmira Town Police Department,NY,5513
NY0593900,Elmsford Village Police Department,NY,5147
NY0030200,Endicott Village Police Department,NY,13090
NY0140000,Erie County Sheriff's Office,NY,118251
NY0150000,Essex County Sheriff's Office,NY,24423
NY0146300,Evans Town Police Department,NY,15092
NY0272500,Fairport Village Police Department,NY,5313
NY0525400,Fallsburg Town Police Department,NY,14563
NY0136400,Fishkill Town Police Department,NY,20753
NY0132000,Fishkill Village Police Department,NY,2142
NY0290300,Floral Park Village Police Department,NY,15927
NY0353400,Florida Village Police Department,NY,2853
NY0282400,Fort Plain Village Police Department,NY,1999
NY0216800,Frankfort Town Police Department,NY,4549
NY0212100,Frankfort Village Police Department,NY,2285
NY0160000,Franklin County Sheriff's Office,NY,35378
NY0042400,Franklinville Village Police Department,NY,1631
NY0062900,Fredonia Village Police Department,NY,9207
NY0290400,Freeport Village Police Department,NY,43965
NY0025000,Friendship Town Police Department,NY,1927
NY0370100,Fulton City Police Department,NY,11202
NY0170000,Fulton County Sheriff's Office,NY,28372
NY0290500,Garden City Village Police Department,NY,23047
NY0275300,Gates Town Police Department,NY,28688
NY0335600,Geddes Town Police Department,NY,10221
NY0180000,Genesee County Sheriff's Office,NY,37876
NY0252200,Geneseo Village Police Department,NY,7751
NY0340200,Geneva Police Department,NY,12322
NY0290100,Glen Cove Police Department,NY,28053
NY0222500,Glen Park Village Police Department,NY,445
NY0560100,Glens Falls Police Department,NY,14374
NY0465100,Glenville Town Police Department,NY,22440
NY0170100,Gloversville Police Department,NY,14846
NY0358100,Goshen Town Police Department,NY,8619
NY0352300,Goshen Village Police Department,NY,5763
NY0442300,Gouverneur Village Police Department,NY,3579
NY0142600,Gowanda Village Police Department,NY,2463
NY0146400,Grand Island Police Department,NY,21594
NY0572500,Granville Village Police Department,NY,2418
NY0293300,Great Neck Estates Village Police Department,NY,3165
NY0275400,Greece Town Police Department,NY,94168
NY0012000,Green Island Village Police Department,NY,2968
NY0595300,Greenburgh Town Police Department,NY,45391
NY0190000,Greene County Sheriff's Office,NY,25245
NY0082200,Greene Village Police Department,NY,1407
NY0100300,Greenport Town Police Department,NY,4323
NY0572200,Greenwich Village Police Department,NY,1667
NY0353300,Greenwood Lake Village Police Department,NY,2976
NY0542200,Groton Village Police Department,NY,2109
NY0015200,Guilderland Town Police Department,NY,36583
NY0146500,Hamburg Town Police Department,NY,48334
NY0143000,Hamburg Village Police Department,NY,9856
NY0200000,Hamilton County Sheriff's Office,NY,4774
NY0262500,Hamilton Village Police Department,NY,4021
NY0502800,Hammondsport Village Police Department,NY,568
NY0122400,Hancock Village Police Department,NY,884
NY0353700,Harriman Village Police Department,NY,2594
NY0595400,Harrison Town Police Department,NY,32178
NY0592600,Hastings-on-Hudson Village Police Department,NY,8372
NY0435100,Haverstraw Town Police Department,NY,39610
NY0514600,Head of the Harbor Village Police Department,NY,1474
NY0290600,Hempstead Village Police Department,NY,59748
NY0210000,Herkimer County Sheriff's Office,NY,27840
NY0212400,Herkimer Village Police Department,NY,7246
NY0352400,Highland Falls Village Police Department,NY,3631
NY0355800,Highlands Town Police Department,NY,9022
NY0362100,Holley Village Police Department,NY,1717
NY0112000,Homer Village Police Department,NY,3050
NY0412000,Hoosick Falls Village Police Department,NY,3187
NY0500200,Hornell Police Department,NY,8036
NY0072200,Horseheads Village Police Department,NY,6282
NY0572600,Hudson Falls Village Police Department,NY,7345
NY0100100,Hudson Police Department,NY,5694
NY0195000,Hunter Town Police Department,NY,2987
NY0513600,Huntington Bay Village Police Department,NY,1450
NY0136500,Hyde Park Town Police Department,NY,21429
NY0212200,Ilion Village Police Department,NY,7533
NY0027000,Independence Town Police Department,NY,1082
NY0205000,Inlet Town Police Department,NY,360
NY0492000,Interlaken Village Police Department,NY,613
NY0270200,Irondequoit Town Police Department,NY,50240
NY0592700,Irvington Village Police Department,NY,6470
NY054029E,Ithaca College,NY,0
NY0540100,Ithaca Police Department,NY,34749
NY0060200,Jamestown Police Department,NY,27461
NY0220000,Jefferson County Sheriff's Office,NY,73887
NY0030300,Johnson City Village Police Department,NY,14593
NY0170200,Johnstown Police Department,NY,7990
NY0332400,Jordan Village Police Department,NY,1203
NY0140400,Kenmore Village Police Department,NY,14877
NY0294100,Kensington Village Police Department,NY,1205
NY0395100,Kent Town Police Department,NY,12851
NY0294400,Kings Point Village Police Department,NY,5697
NY0550100,Kingston Police Department,NY,23691
NY0325100,Kirkland Town Police Department,NY,8060
NY0140200,Lackawanna Police Department,NY,19554
NY0152300,Lake Placid Village Police Department,NY,2310
NY0296300,Lake Success Village Police Department,NY,2833
NY0062000,Lakewood-Busti Police Department,NY,7334
NY0146700,Lancaster Town Police Department,NY,39573
NY0592900,Larchmont Village Police Department,NY,6648
NY0182300,Le Roy Village Police Department,NY,4245
NY0240000,Lewis County Sheriff's Office,NY,23493
NY0595500,Lewisboro Town Police Department,NY,12051
NY0315400,Lewiston Town and Village Police Department,NY,15589
NY0522000,Liberty Village Police Department,NY,5164
NY0212900,Little Falls Police Department,NY,4513
NY0333100,Liverpool Village Police Department,NY,2247
NY0250000,Livingston County Sheriff's Office,NY,39035
NY0513700,Lloyd Harbor Village Police Department,NY,3565
NY0555600,Lloyd Town Police Department,NY,11141
NY0310100,Lockport Police Department,NY,20287
NY0290200,Long Beach Police Department,NY,34771
NY0242400,Lowville Village Police Department,NY,3336
NY0290700,Lynbrook Village Police Department,NY,20769
NY0583000,Macedon Town and Village Police Department,NY,9264
NY0260000,Madison County Sheriff's Office,NY,41594
NY0162400,Malone Village Police Department,NY,5344
NY0293900,Malverne Village Police Department,NY,8445
NY0595600,Mamaroneck Town Police Department,NY,12471
NY0590900,Mamaroneck Village Police Department,NY,19712
NY0332900,Manlius Town Police Department,NY,25216
NY0333000,Marcellus Village Police Department,NY,1769
NY0555800,Marlborough Town Police Department,NY,9085
NY0440200,Massena Village Police Department,NY,9936
NY0353200,Maybrook Village Police Department,NY,3135
NY0452300,Mechanicville Police Department,NY,5063
NY0362200,Medina Village Police Department,NY,5888
NY0012500,Menands Village Police Department,NY,4490
NY0312000,Middleport Village Police Department,NY,1678
NY0350100,Middletown Police Department,NY,30160
NY0132800,Millbrook Village Police Department,NY,1442
NY0132100,Millerton Village Police Department,NY,2994
NY0212300,Mohawk Village Police Department,NY,2367
NY0270000,Monroe County Sheriff's Office,NY,257401
NY0352600,Monroe Village Police Department,NY,9505
NY0280000,Montgomery County Sheriff's Office,NY,26238
NY0357400,Montgomery Town Police Department,NY,9539
NY0352700,Montgomery Village Police Department,NY,3774
NY0522200,Monticello Village Police Department,NY,7225
NY0052600,Moravia Village Police Department,NY,1232
NY0155100,Moriah Town Police Department,NY,4298
NY0355000,Mount Hope Town Police Department,NY,6397
NY0252600,Mount Morris Village Police Department,NY,2836
NY0595700,Mount Pleasant Town Police Department,NY,25400
NY0590300,Mount Vernon Police Department,NY,71615
NY0299700,Muttontown Police Department,NY,3539
NY0290000,Nassau County Police Department,NY,1091921
NY0412100,Nassau Village Police Department,NY,1088
NY0082800,New Berlin Town Police Department,NY,1576
NY0595800,New Castle Town Police Department,NY,18044
NY0324100,New Hartford Town and Village Police Department,NY,20611
NY0552700,New Paltz Town and Village Police Department,NY,15949
NY0590400,New Rochelle Police Department,NY,86892
NY0356700,New Windsor Town Police Department,NY,27881
NY112WN00,New York City Department of Environmental Police: Delaware County,NY,0
NY152WN00,New York City Department of Environmental Police: Sullivan County,NY,0
NY155WN00,New York City Department of Environmental Police: Ulster County,NY,0
NY159WN00,"New York City Department of Environmental Police: Westchester County, Croton-Kensico",NY,0
NY154WN00,New York City Department of Environmental Protection Police: Schoharie County,NY,0
NY153WN00,"New York City Department of Environmental Protection Police: Westchester County, Hillview",NY,0
NY0308300,New York City Metropolitan Transportation Authority,NY,0
NY0303000,New York City Police Department,NY,8496850
NY0324000,New York Mills Village Police Department,NY,3180
NY1010000,New York State Police ,NY,0
NY0582000,Newark Village Police Department,NY,8896
NY0350200,Newburgh Police Department,NY,28035
NY0356300,Newburgh Town Police Department,NY,31824
NY0310000,Niagara County Sheriff's Office,NY,84791
NY0310200,Niagara Falls Police Department,NY,47263
NY0143700,Niagara Frontier Transportation Authority,NY,0
NY0315500,Niagara Town Police Department,NY,7670
NY0465200,Niskayuna Town Police Department,NY,24239
NY0514100,Nissequogue Village Police Department,NY,1631
NY0445100,Norfolk Town  Police Department,NY,4242
NY0595900,North Castle Town Police Department,NY,12241
NY0415300,North Greenbush Town Police Department,NY,13497
NY0503400,North Hornell Village Police Department,NY,762
NY0333500,North Syracuse Village Police Department,NY,6771
NY0310300,North Tonawanda Police Department,NY,29869
NY0512500,Northport Village Police Department,NY,7314
NY0172100,Northville Village Police Department,NY,990
NY0082400,Norwich Police Department,NY,6512
NY0442800,Norwood Village  Police Department,NY,1524
NY0256000,Nunda Town and Village Police Department,NY,2662
NY0513300,Ocean Beach Village Police Department,NY,176
NY0275900,Ogden Town Police Department,NY,20364
NY0440100,Ogdensburg Police Department,NY,9141
NY0297200,Old Brookville Village Police Department,NY,2104
NY0294300,Old Westbury Village Police Department,NY,5134
NY0040100,Olean Police Department,NY,13542
NY0559700,Olive Town Police Department,NY,4283
NY0320000,Oneida County Sheriff's Office,NY,78331
NYDI02100,Oneida Indian Nation,NY,0
NY0260100,Oneida Police Department,NY,10004
NY0380100,Oneonta City Police Department,NY,16457
NY433PR0X,Onondaga County Parks,NY,0
NY0330000,Onondaga County Sheriff's Office,NY,184006
NY0340000,Ontario County Sheriff's Office,NY,87462
NY0350000,Orange County Sheriff's Office,NY,90893
NY0435200,Orangetown Town Police Department,NY,42724
NY0146000,Orchard Park Town Police Department,NY,29940
NY0323900,Oriskany Village Police Department,NY,1352
NY0360000,Orleans County Sheriff's Office,NY,26650
NY0590500,Ossining Village Police Department,NY,26784
NY0370200,Oswego City Police Department,NY,17078
NY0370000,Oswego County Sheriff's Office,NY,85049
NY0380000,Otsego County Sheriff's Office,NY,43376
NY0532400,Owego Village Police Department,NY,4309
NY0082500,Oxford Village Police Department,NY,1323
NY0298800,Oyster Bay Cove Village Police Department,NY,4204
NY0502600,Painted Post Village Police Department,NY,1709
NY0582500,Palmyra Village Police Department,NY,3249
NY0590100,Peekskill Police Department,NY,25865
NY0593700,Pelham Manor Village Police Department,NY,5586
NY0593500,Pelham Village Police Department,NY,7652
NY0612000,Penn Yan Village Police Department,NY,5002
NY0602300,Perry Village Police Department,NY,3572
NY0342500,Phelps Village Police Department,NY,1864
NY0100200,Philmont Village Police Department,NY,1474
NY0372900,Phoenix Village Police Department,NY,2193
NY0432500,Piermont Village Police Department,NY,2831
NY0135000,Pine Plains Town Police Department,NY,2325
NY0556100,Plattekill Town Police Department,NY,10347
NY0090100,Plattsburgh City Police Department,NY,19738
NY0593300,Pleasantville Village Police Department,NY,7316
NY0052200,Port Byron Village Police Department,NY,1246
NY0590600,Port Chester Village Police Department,NY,30805
NY0032000,Port Dickinson Village Police Department,NY,1660
NY0353500,Port Jervis Police Department,NY,8523
NY0295500,Port Washington Police Department,NY,20067
NY0042800,Portville Village Police Department,NY,876
NY0442900,Potsdam Village Police Department,NY,8081
NY0130200,Poughkeepsie Police Department,NY,32478
NY0136300,Poughkeepsie Town Police Department,NY,40983
NY0596300,Pound Ridge Town Police Department,NY,5001
NY0372600,Pulaski Village Police Department,NY,2295
NY0390000,Putnam County Sheriff's Office,NY,48114
NY0513900,Quogue Village Police Department,NY,1713
NY0435300,Ramapo Town Police Department,NY,113671
NY0132500,Red Hook Village Police Department,NY,1952
NY0410100,Rensselaer City Police Department,NY,9516
NY0410000,Rensselaer County Sheriff's Office,NY,55942
NY410UR00,Rensselaer Polytechnic Institute,NY,0
NY0132700,Rhinebeck Village Police Department,NY,2558
NY0515500,Riverhead Town Police Department,NY,36118
NY0270100,Rochester Police Department,NY,206391
NY0430000,Rockland County Sheriff's Office,NY,13205
NY0290900,Rockville Centre Village Police Department,NY,25674
NY0320100,Rome Police Department,NY,32016
NY0559100,Rosendale Town Police Department,NY,5679
NY0465400,Rotterdam Town Police Department,NY,31096
NY0597200,Rye Brook Village Police Department,NY,9883
NY0590800,Rye Police Department,NY,16444
NY0223300,Sackets Harbor Village Police Department,NY,1361
NY0512400,Sag Harbor Village Police Department,NY,2832
NY0043300,Salamanca Police Department,NY,5714
NY0293500,Sands Point Village Police Department,NY,2753
NY0162300,Saranac Lake Village Police Department,NY,4831
NY0450000,Saratoga County Sheriff's Office,NY,185003
NY0450100,Saratoga Springs Police Department,NY,28789
NY0558000,Saugerties Town Police Department,NY,19540
NY0591000,Scarsdale Village Police Department,NY,17997
NY0460000,Schenectady County Sheriff's Office,NY,9687
NY0460100,Schenectady Police Department,NY,69786
NY0415400,Schodack Town Police Department,NY,11431
NY0470000,Schoharie County Sheriff's Office,NY,24986
NY0472400,Schoharie Village Police Department,NY,950
NY0480000,Schuyler County Sheriff's Office,NY,15384
NY0462000,Scotia Village Police Department,NY,7336
NY0490000,Seneca County Sheriff's Office,NY,18574
NY0490100,Seneca Falls Town Police Department,NY,8876
NY0558100,Shandaken Town Police Department,NY,2816
NY0559900,Shawangunk Town Police Department,NY,13424
NY0515600,Shelter Island Town Police Department,NY,3337
NY0082700,Sherburne Village Police Department,NY,1360
NY0322400,Sherrill Police Department,NY,2978
NY0122700,Sidney Village Police Department,NY,3590
NY0333200,Skaneateles Village Police Department,NY,2526
NY0593200,Sleepy Hollow Village Police Department,NY,11834
NY0582800,Sodus Village Police Department,NY,1689
NY0332600,Solvay Village Police Department,NY,6461
NY0315900,Somerset Town Police Department,NY,1979
NY0452400,South Glens Falls Village Police Department,NY,3718
NY0515800,Southampton Town Police Department,NY,60934
NY0512600,Southampton Village Police Department,NY,4731
NY0515900,Southold Town Police Department,NY,21579
NY0432800,Spring Valley Village Police Department,NY,33805
NY0282800,St. Johnsville Village Police Department,NY,1708
NY0440000,St. Lawrence County Sheriff's Office,NY,63334
NYDI02200,St. Regis Tribal,NY,0
NY0049000,State Park: Allegany Region,NY,0
NY0339000,State Park: Central Region,NY,0
NY0549000,State Park: Finger Lakes Region,NY,0
NY0609000,State Park: Genesee Region,NY,0
NY0519000,State Park: Long Island Region,NY,0
NY0303100,State Park: New York City Region,NY,0
NY0319000,State Park: Niagara Region,NY,0
NY0439000,State Park: Palisades Region,NY,0
NY0452900,State Park: Saratoga/Capital Region,NY,0
NY0015500,State Park: Statewide,NY,0
NY0139000,State Park: Taconic Region,NY,0
NY0229000,State Park: Thousand Island Region,NY,0
NY201UN00,State University of New York Police: Albany,NY,0
NY202UN00,State University of New York Police: Alfred,NY,0
NY203UN00,State University of New York Police: Binghamton,NY,0
NY227UN00,State University of New York Police: Brockport,NY,0
NY214UB00,State University of New York Police: Buffalo,NY,0
NY214UC00,State University of New York Police: Buffalo State College,NY,0
NY244UK00,State University of New York Police: Canton,NY,0
NY247UN00,State University of New York Police: Cobleskill,NY,0
NY211UC00,State University of New York Police: Cortland,NY,0
NY212UN00,State University of New York Police: Delhi,NY,0
NY223UN00,State University of New York Police: Downstate Medical,NY,0
NY233UE00,State University of New York Police: Environmental Science,NY,0
NY251UF00,State University of New York Police: Farmingdale,NY,0
NY206UN00,State University of New York Police: Fredonia,NY,0
NY225UN00,State University of New York Police: Geneseo,NY,0
NY262UN00,State University of New York Police: Maritime,NY,0
NY226UN00,State University of New York Police: Morrisville,NY,0
NY255UN00,State University of New York Police: New Paltz,NY,0
NY229UN00,State University of New York Police: Old Westbury,NY,0
NY238UN00,State University of New York Police: Oneonta,NY,0
NY230UN00,State University of New York Police: Optometry,NY,0
NY237UN00,State University of New York Police: Oswego,NY,0
NY209UN00,State University of New York Police: Plattsburgh,NY,0
NY232UN00,State University of New York Police: Polytechnic Institute,NY,0
NY244UP00,State University of New York Police: Potsdam,NY,0
NY259UN00,State University of New York Police: Purchase,NY,0
NY251US00,State University of New York Police: Stony Brook,NY,0
NY233UM00,State University of New York Police: Upstate Medical,NY,0
NY0017500,State University of New York: Albany (Plaza),NY,0
NY0500000,Steuben County Sheriff's Office,NY,57077
NY0457000,Stillwater Town Police Department,NY,8311
NY0102500,Stockport Town Police Department,NY,2565
NY0435400,Stony Point Town Police Department,NY,15042
NY0432900,Suffern Village Police Department,NY,11568
NY0510100,Suffolk County Police Department,NY,1366793
NY0510000,Suffolk County Sheriff's Office,NY,0
NY0520000,Sullivan County Sheriff's Office,NY,54074
NY0330100,Syracuse Police Department,NY,145890
NY0330500,Syracuse Regional Airport Authority,NY,0
NY0592800,Tarrytown Village Police Department,NY,11836
NY0223700,Theresa Village Police Department,NY,738
NY0152700,Ticonderoga Town Police Department,NY,4590
NY0530000,Tioga County Sheriff's Office,NY,39324
NY0540000,Tompkins County Sheriff's Office,NY,63749
NY0140300,Tonawanda Police Department,NY,14949
NY0147200,Tonawanda Town Police Department,NY,56278
NY0410200,Troy Police Department,NY,51004
NY0542400,Trumansburg Village Police Department,NY,1795
NY0592300,Tuckahoe Village Police Department,NY,6964
NY0162000,Tupper Lake Village Police Department,NY,3291
NY0353600,Tuxedo Park Village Police Department,NY,620
NY0356500,Tuxedo Town Police Department,NY,3114
NY0550000,Ulster County Sheriff's Office,NY,46196
NY0550300,Ulster Regional Gang Enforcement Narcotics Team,NY,0
NY0559500,Ulster Town Police Department,NY,12646
NY0299300,United States Merchant Marine Academy,NY,0
NY0320200,Utica Police Department,NY,63288
NY0323100,Vernon Village Police Department,NY,1154
NY0036400,Vestal Town Police Department,NY,32515
NY0352800,Walden Village Police Department,NY,6920
NY0357800,Wallkill Town Police Department,NY,31622
NY0122900,Walton Village Police Department,NY,2827
NY0132400,Wappingers Falls Village Police Department,NY,6062
NY0560000,Warren County Sheriff's Office,NY,49454
NY0602700,Warsaw Village Police Department,NY,3608
NY0357000,Warwick Town Police Department,NY,19384
NY0570000,Washington County Sheriff's Office,NY,44391
NY0352000,Washingtonville Village Police Department,NY,5633
NY0456800,Waterford Town and Village Police Department,NY,8070
NY0492100,Waterloo Village Police Department,NY,4690
NY0220100,Watertown Police Department,NY,23911
NY0010300,Watervliet Police Department,NY,10246
NY0482100,Watkins Glen Village Police Department,NY,1720
NY0532000,Waverly Village Police Department,NY,4205
NY0502900,Wayland Village Police Department,NY,1681
NY0580000,Wayne County Sheriff's Office,NY,64734
NY0216700,Webb Town Police Department,NY,1824
NY0276700,Webster Town and Village Police Department,NY,45343
NY0052100,Weedsport Village Police Department,NY,1749
NY0022800,Wellsville Village Police Department,NY,4531
NY0222700,West Carthage Village Police Department,NY,1745
NY0147400,West Seneca Town Police Department,NY,45359
NY0590000,Westchester Public Safety County Sheriff's Office,NY,83226
NY0063200,Westfield Village Police Department,NY,2861
NY0514000,Westhampton Beach Village Police Department,NY,2248
NY0590200,White Plains Police Department,NY,63332
NY0572800,Whitehall Village Police Department,NY,2480
NY0323700,Whitesboro Village Police Department,NY,3575
NY0325000,Whitestown Town Police Department,NY,8602
NY0025600,Willing Town Police Department,NY,1244
NY0192500,Windham Town Police Department,NY,1719
NY0582100,Wolcott Village Police Department,NY,1568
NY0356900,Woodbury Town Police Department,NY,11524
NY0522300,Woodridge Village Police Department,NY,709
NY0556600,Woodstock Town Police Department,NY,6210
NY0600000,Wyoming County Sheriff's Office,NY,28420
NY0610000,Yates County Sheriff's Office,NY,19537
NY0590700,Yonkers Police Department,NY,211056
NY0596800,Yorktown Town Police Department,NY,35573
NY0323800,Yorkville Village Police Department,NY,2576
NY0312300,Youngstown Village Police Department,NY,1822
OH0080100,Aberdeen Police Department,OH,1549
OH0330100,Ada Police Department,OH,5285
OH0010000,Adams County Sheriff's Office,OH,19015
OH0310100,Addyston Police Department,OH,911
OH0410700,Adena Police Department,OH,643
OH0773900,Akron Metro Regional Transit Authority,OH,0
OH0770100,Akron Police Department,OH,189545
OH0050400,Albany Police Department,OH,1014
OH0450200,Alexandria Police Department,OH,500
OH0020000,Allen County Sheriff's Office,OH,23225
OH0760100,Alliance Police Department,OH,21496
OH0310200,Amberley Village Police Department,OH,3848
OH0021300,American Township Police Department,OH,12517
OH0470100,Amherst Police Department,OH,13129
OH0410800,Amsterdam Police Department,OH,422
OH0040400,Andover Police Department,OH,946
OH0190200,Ansonia Police Department,OH,1147
OH0850400,Apple Creek Police Department,OH,1185
OH0190300,Arcanum Police Department,OH,2327
OH0260100,Archbold Police Department,OH,4429
OH0030000,Ashland County Sheriff's Office,OH,30134
OH0030100,Ashland Police Department,OH,18658
OH0210200,Ashley Police Department,OH,1388
OH0041400,Ashtabula County Metroparks Ranger Division,OH,0
OH0040000,Ashtabula County Sheriff's Office,OH,49902
OH0040100,Ashtabula Police Department,OH,17725
OH0650200,Ashville Police Department,OH,4811
OH0050000,Athens County Sheriff's Office,OH,29720
OH0050100,Athens Police Department,OH,25190
OH0060000,Auglaize County Sheriff's Office,OH,18181
OH0670100,Aurora Police Department,OH,18170
OH0500100,Austintown Police Department,OH,35563
OH0470300,Avon Lake Police Department,OH,26615
OH0470200,Avon Police Department,OH,25735
OH0281200,Bainbridge Township Police Department,OH,12914
OH0189900,Baldwin Wallace University,OH,0
OH0230300,Baltimore Police Department,OH,3101
OH0770200,Barberton Police Department,OH,24497
OH0070100,Barnesville Police Department,OH,3877
OH0130100,Batavia Police Department,OH,2036
OH0772000,"Bath Township Police Department, Summit County",OH,10012
OH0220500,Bay View Police Department,OH,587
OH0180100,Bay Village Police Department,OH,15839
OH0781500,Bazetta Township Police Department,OH,5874
OH0761200,Beach City Police Department,OH,1198
OH0180200,Beachwood Police Department,OH,13766
OH0501300,Beaver Township Police Department,OH,6668
OH0291100,Beavercreek Police Department,OH,48369
OH0180400,Bedford Heights Police Department,OH,10735
OH0180300,Bedford Police Department,OH,12757
OH0070200,Bellaire Police Department,OH,3717
OH0290500,Bellbrook Police Department,OH,7587
OH0460100,Bellefontaine Police Department,OH,14097
OH0390400,Bellevue Police Department,OH,8149
OH0700500,Bellville Police Department,OH,2004
OH0071900,Belmont County Major Crimes Unit,OH,0
OH0070000,Belmont County Sheriff's Office,OH,27703
OH0691700,Belmore Police Department,OH,59
OH0840100,Belpre Police Department,OH,6556
OH0180500,Bentleyville Village Police Department,OH,885
OH0180600,Berea Police Department,OH,17869
OH0410900,Bergholz Police Department,OH,520
OH0480800,Berkey Police Department,OH,285
OH0220600,Berlin Heights Police Department,OH,676
OH0130200,Bethel Police Department,OH,2700
OH0071600,Bethesda Police Department,OH,1178
OH0740400,Bettsville Police Department,OH,586
OH0840400,Beverly Police Department,OH,1204
OH0250100,Bexley Police Department,OH,12533
OH0140100,Blanchester Police Department,OH,4225
OH0253000,Blendon Township Police Department,OH,7921
OH0870600,Bloomdale Police Department,OH,647
OH0740500,Bloomville Police Department,OH,851
OH0310400,Blue Ash Police Department,OH,13669
OH0020100,Bluffton Police Department,OH,3861
OH0500200,Boardman Police Department,OH,39658
OH0790900,Bolivar Police Department,OH,958
OH0771500,Boston Heights Police Department,OH,1405
OH0750300,Botkins Police Department,OH,1190
OH0870100,Bowling Green Police Department,OH,30411
OH0872700,Bowling Green State University,OH,0
OH0782700,Braceville Police Department,OH,2451
OH0870700,Bradner Police Department,OH,985
OH0180700,Bratenahl Police Department,OH,1397
OH0180800,Brecksville Police Department,OH,14038
OH0760200,Brewster Police Department,OH,2103
OH0251300,Brice Police Department,OH,103
OH0070300,Bridgeport Police Department,OH,1520
OH0671300,Brimfield Township Police Department,OH,11533
OH0180900,Broadview Heights Police Department,OH,19753
OH0181200,Brook Park Police Department,OH,18033
OH0781300,Brookfield Township Police Department,OH,8385
OH0181100,Brooklyn Heights Police Department,OH,1470
OH0181000,Brooklyn Police Department,OH,11003
OH0571600,Brookville Police Department,OH,5935
OH0080000,Brown County Sheriff's Office,OH,29980
OH0521500,Brunswick Hills Township Police Department,OH,11535
OH0520100,Brunswick Police Department,OH,35100
OH0860100,Bryan Police Department,OH,8570
OH0050600,Buchtel Police Department,OH,518
OH0451700,Buckeye Lake Police Department,OH,2589
OH0170100,Bucyrus Police Department,OH,11538
OH0280300,Burton Police Department,OH,1408
OH0091900,Butler County Metroparks,OH,0
OH0090000,Butler County Sheriff's Office,OH,82750
OH0700600,Butler Police Department,OH,937
OH0572400,Butler Township Police Department,OH,8234
OH0300200,Byesville Police Department,OH,2343
OH0340100,Cadiz Police Department,OH,2925
OH0300100,Cambridge Police Department,OH,10017
OH0680200,Camden Police Department,OH,1990
OH0500300,Campbell Police Department,OH,7730
OH0760300,Canal Fulton Police Department,OH,5397
OH0500400,Canfield Police Department,OH,7615
OH0760400,Canton Police Department,OH,68866
OH025A10X,Capital University,OH,0
OH0590200,Cardington Police Department,OH,2235
OH0880100,Carey Police Department,OH,3473
OH0830800,Carlisle Police Department,OH,5945
OH0100000,Carroll County Sheriff's Office,OH,21340
OH0230600,Carroll Police Department,OH,501
OH0621400,Carroll Township Police Department,OH,2068
OH0100100,Carrollton Police Department,OH,3054
OH0621300,Catawba Island Township Police Department,OH,3645
OH0290700,Cedarville Police Department,OH,4542
OH0540100,Celina Police Department,OH,10949
OH0152000,Center Township Police Department,OH,3185
OH0570100,Centerville Police Department,OH,26872
OH0451900,Central Ohio Drug Enforcement Task Force,OH,0
OH0291400,Central State University,OH,0
OH0181300,Chagrin Falls Police Department,OH,4101
OH0110000,Champaign County Sheriff's Office,OH,24372
OH0781700,Champion Township Police Department,OH,9308
OH0280100,Chardon Police Department,OH,5231
OH0440400,Chesapeake Police Department,OH,717
OH0281000,Chester Township Police Department,OH,9956
OH0310500,Cheviot Police Department,OH,8613
OH0710100,Chillicothe Police Department,OH,21702
OHCIP0000,Cincinnati Police Department,OH,316260
OH0315900,Cincinnati State College,OH,0
OH0650100,Circleville Police Department,OH,14556
OH0121600,Clark County Park District,OH,0
OH0120000,Clark County Sheriff's Office,OH,63872
OH0620300,Clay Center Police Department,OH,245
OH0572900,"Clay Township Police Department, Montgomery County",OH,4139
OH0620900,"Clay Township Police Department, Ottawa County",OH,2527
OH0571100,Clayton Police Department,OH,13294
OH0831600,Clearcreek Township Police Department,OH,20122
OH0130000,Clermont County Sheriff's Office,OH,65712
OH0181500,Cleveland Heights Police Department,OH,43764
OH0186700,Cleveland Lakefront State Parks,OH,0
OH0186300,Cleveland Metropolitan Park District,OH,0
OHCLP0000,Cleveland Police Department,OH,363659
OH0186100,Cleveland State University,OH,0
OH0140000,Clinton County Sheriff's Office,OH,22676
OH0253100,Clinton Township Police Department,OH,4271
OH0720200,Clyde Police Department,OH,6373
OH0440100,Coal Grove Police Department,OH,1785
OH0400300,Coalton Police Department,OH,444
OH0502300,Coitsville Township Police Department,OH,1244
OH0540400,Coldwater Police Department,OH,4719
OH0314200,Colerain Township Police Department,OH,59366
OH0150000,Columbiana County Sheriff's Office,OH,35500
OH0150100,Columbiana Police Department,OH,6823
OH0690400,Columbus Grove Police Department,OH,2117
OHCOP0000,Columbus Police Department,OH,940106
OH0254400,Columbus State Community College,OH,0
OH0251400,Columbus and Franklin County Metropolitan Park District,OH,0
OH0650300,Commercial Point Police Department,OH,3254
OH0040200,Conneaut Police Department,OH,12370
OH0690500,Continental Police Department,OH,1082
OH0810200,Convoy Police Department,OH,999
OH0051200,Coolville Police Department,OH,446
OH0772700,Copley Township Police Department,OH,18412
OH0640400,Corning Police Department,OH,483
OH0780800,Cortland Police Department,OH,7063
OH0160000,Coshocton County Sheriff's Office,OH,34619
OH0550600,Covington Police Department,OH,2639
OH0501100,Craig Beach Police Department,OH,1061
OH0170000,Crawford County Sheriff's Office,OH,14413
OH0170200,Crestline Police Department,OH,4453
OH0850700,Creston Police Department,OH,2146
OH0060400,Cridersville Police Department,OH,1732
OH0640100,Crooksville Police Department,OH,2396
OH0412100,Cross Creek Township Police Department,OH,4909
OH0186400,Cuyahoga Community College,OH,0
OH0180000,Cuyahoga County Sheriff's Office,OH,0
OH0770300,Cuyahoga Falls Police Department,OH,50961
OH0181600,Cuyahoga Heights Police Department,OH,552
OH0850800,Dalton Police Department,OH,1926
OH0420300,Danville Police Department,OH,1003
OH0190000,Darke County Sheriff's Office,OH,32789
OH0570200,Dayton Police Department,OH,136047
OH0460400,De Graff Police Department,OH,1260
OH0310700,Deer Park Police Department,OH,5441
OH0200000,Defiance County Sheriff's Office,OH,18057
OH0200100,Defiance Police Department,OH,17213
OH0210000,Delaware County Sheriff's Office,OH,108438
OH0210100,Delaware Police Department,OH,47808
OH0310800,Delhi Township Police Department,OH,28885
OH0020200,Delphos Police Department,OH,7064
OH0260200,Delta Police Department,OH,3310
OH0790100,Dennison Police Department,OH,2637
OH0350200,Deshler Police Department,OH,1565
OH0411100,Dillonvale Police Department,OH,593
OH0120500,Donnelsville Police Department,OH,256
OH0790200,Dover Police Department,OH,12886
OH0850900,Doylestown Police Department,OH,3084
OH0600300,Dresden Police Department,OH,1645
OH0250300,Dublin Police Department,OH,49484
OH0760500,East Canton Police Department,OH,1512
OH0181700,East Cleveland Police Department,OH,13311
OH0150200,East Liverpool Police Department,OH,9582
OH0150300,East Palestine Police Department,OH,4617
OH0430100,Eastlake Police Department,OH,17366
OH0680100,Eaton Police Department,OH,8324
OH0860500,Edgerton Police Department,OH,1873
OH0020700,Elida Police Department,OH,1899
OH0620400,Elmore Police Department,OH,1364
OH0310900,Elmwood Place Police Department,OH,2075
OH0470400,Elyria Police Department,OH,53836
OH0411200,Empire Police Department,OH,226
OH0571800,Englewood Police Department,OH,13235
OH0120600,Enon Police Department,OH,2444
OH0220000,Erie County Sheriff's Office,OH,23271
OH0221300,Erie Metroparks,OH,0
OH0181800,Euclid Police Department,OH,48117
OH0311000,Evendale Police Department,OH,2656
OH0290100,Fairborn Police Department,OH,35239
OH0311100,Fairfax Police Department,OH,1760
OH0230000,Fairfield County Sheriff's Office,OH,79560
OH0090100,Fairfield Police Department,OH,45140
OH0091800,Fairfield Township Police Department,OH,23545
OH0770400,Fairlawn Police Department,OH,7790
OH0430200,Fairport Harbor Police Department,OH,3083
OH0181900,Fairview Park Police Department,OH,16752
OH0240000,Fayette County Sheriff's Office,OH,14133
OH0260300,Fayette Police Department,OH,1277
OH0130600,Felicity Police Department,OH,665
OH0320100,Findlay Police Department,OH,40360
OH0071100,Flushing Police Department,OH,802
OH0311200,Forest Park Police Department,OH,20000
OH0330500,Forest Police Department,OH,1326
OH0750400,Fort Loramie Police Department,OH,1586
OH0540500,Fort Recovery Police Department,OH,1468
OH0740100,Fostoria Police Department,OH,13067
OH0782400,Fowler Police Department,OH,2343
OH0250000,Franklin County Sheriff's Office,OH,59554
OH0830100,Franklin Police Department,OH,11776
OH0253200,Franklin Township Police Department,OH,10463
OH0600400,Frazeysburg Police Department,OH,1351
OH0420400,Fredericktown Police Department,OH,2660
OH0720300,Fremont Police Department,OH,15794
OH0260000,Fulton County Sheriff's Office,OH,21730
OH0250400,Gahanna Police Department,OH,35504
OH0170300,Galion Police Department,OH,10270
OH0270000,Gallia County Sheriff's Office,OH,24787
OH0270100,Gallipolis Police Department,OH,3273
OH0182000,Garfield Heights Police Department,OH,28828
OH0670200,Garrettsville Police Department,OH,2487
OH0182100,Gates Mills Police Department,OH,2246
OH0280000,Geauga County Sheriff's Office,OH,53623
OH0040300,Geneva Police Department,OH,5859
OH0040500,Geneva-on-the-Lake Police Department,OH,934
OH0620500,Genoa Police Department,OH,2177
OH0210800,Genoa Township Police Department,OH,28755
OH0080200,Georgetown Police Department,OH,4509
OH0121300,"German Township Police Department, Clark County",OH,7207
OH0572500,"German Township Police Department, Montgomery County",OH,2946
OH0570300,Germantown Police Department,OH,5878
OH0720600,Gibsonburg Police Department,OH,2486
OH0780100,Girard Police Department,OH,9424
OH0311300,Glendale Police Department,OH,2278
OH0380200,Glenmont Police Department,OH,243
OH0182200,Glenwillow Police Department,OH,987
OH0050200,Glouster Police Department,OH,1643
OH0791000,Gnadenhutten Police Department,OH,1194
OH0311400,Golf Manor Police Department,OH,3795
OH0131400,"Goshen Township Police Department, Clermont County",OH,16689
OH0501800,"Goshen Township Police Department, Mahoning County",OH,3079
OH0471000,Grafton Police Department,OH,5792
OH0250500,Grandview Heights Police Department,OH,9436
OH0450300,Granville Police Department,OH,6409
OH0680500,Gratis Police Department,OH,834
OH0186500,Greater Cleveland Regional Transit Authority,OH,0
OH0740600,Green Springs Police Department,OH,1303
OH0314400,Green Township Police Department,OH,60370
OH0290000,Greene County Sheriff's Office,OH,34815
OH0360100,Greenfield Police Department,OH,4352
OH0311500,Greenhills Police Department,OH,3691
OH0190100,Greenville Police Department,OH,12675
OH0390500,Greenwich Police Department,OH,1379
OH0250600,Grove City Police Department,OH,44723
OH0251600,Groveport Police Department,OH,5834
OH0630500,Grover Hill Police Department,OH,380
OH0300000,Guernsey County Sheriff's Office,OH,25379
OH0820200,Hamden Police Department,OH,715
OH0080500,Hamersville Police Department,OH,498
OH0314600,Hamilton County Park District,OH,0
OH0310000,Hamilton County Sheriff's Office,OH,120595
OH0090200,Hamilton Police Department,OH,64088
OH0831000,"Hamilton Township Police Department, Warren County",OH,28840
OH0320000,Hancock County Sheriff's Office,OH,30058
OH0440500,Hanging Rock Police Department,OH,191
OH0150900,Hanoverton Police Department,OH,342
OH0330000,Hardin County Sheriff's Office,OH,15866
OH0251700,Harrisburg Police Department,OH,314
OH0340000,Harrison County Sheriff's Office,OH,10355
OH0311600,Harrison Police Department,OH,13762
OH0781900,Hartford Township Police Department,OH,1843
OH0760600,Hartville Police Department,OH,3465
OH0830200,Harveysburg Police Department,OH,585
OH0871200,Haskins Police Department,OH,1259
OH0450700,Heath Police Department,OH,10913
OH0450800,Hebron Police Department,OH,2426
OH0350000,Henry County Sheriff's Office,OH,17235
OH0200200,Hicksville Police Department,OH,3452
OH0080600,Higginsport Police Department,OH,219
OH0360000,Highland County Sheriff's Office,OH,29432
OH0182300,Highland Heights Police Department,OH,8585
OH0185600,Highland Hills Police Department,OH,705
OH0360500,Highland Police Department,OH,232
OH0250700,Hilliard Police Department,OH,39258
OH0761400,Hills and Dales Police Department,OH,244
OH0360200,Hillsboro Police Department,OH,6637
OH0521200,Hinckley Township Police Department,OH,8226
OH0670800,Hiram Police Department,OH,966
OH0051100,Hocking College,OH,0
OH0370000,Hocking County Sheriff's Office,OH,20130
OH0281800,Holden Arboretum,OH,0
OH0481000,Holland Police Department,OH,1788
OH0380000,Holmes County Sheriff's Office,OH,41154
OH0781200,Howland Township Police Department,OH,17061
OH0780200,Hubbard Police Department,OH,7552
OH0781600,Hubbard Township Police Department,OH,5272
OH0571400,Huber Heights Police Department,OH,43627
OH0770500,Hudson Police Department,OH,23075
OH0182400,Hunting Valley Police Department,OH,786
OH0390000,Huron County Sheriff's Office,OH,24022
OH0220200,Huron Police Department,OH,6567
OH0182500,Independence Police Department,OH,7498
OH0311700,Indian Hill Police Department,OH,6092
OH0440200,Ironton Police Department,OH,10048
OH0750500,Jackson Center Police Department,OH,1437
OH0400000,Jackson County Sheriff's Office,OH,19146
OH0400100,Jackson Police Department,OH,6218
OH0502100,"Jackson Township Police Department, Mahoning County",OH,2108
OH0572700,"Jackson Township Police Department, Montgomery County",OH,3612
OH0762400,"Jackson Township Police Department, Stark County",OH,43144
OH0050800,Jacksonville Police Department,OH,396
OH0290900,Jamestown Police Department,OH,2129
OH0410000,Jefferson County Sheriff's Office,OH,17677
OH0040600,Jefferson Police Department,OH,3181
OH0340700,Jewett Police Department,OH,527
OH0021700,Johnny Appleseed Metropolitan Park District,OH,0
OH0450900,Johnstown Police Department,OH,5398
OH0640700,Junction City Police Department,OH,723
OH0691600,Kalida Police Department,OH,1450
OH0220700,Kelleys Island Police Department,OH,261
OH0670300,Kent Police Department,OH,27693
OH0671100,Kent State University,OH,0
OH0330200,Kenton Police Department,OH,7833
OH0570500,Kettering Police Department,OH,56832
OH0782600,Kinsman Police Department,OH,1712
OH0471100,Kipton Police Department,OH,209
OH0451000,Kirkersville Police Department,OH,482
OH0430400,Kirtland Hills Police Department,OH,691
OH0432200,Kirtland Police Department,OH,6909
OH0420000,Knox County Sheriff's Office,OH,43008
OH0471200,LaGrange Police Department,OH,2983
OH0430000,Lake County Sheriff's Office,OH,46116
OH0432400,Lake Metroparks,OH,0
OH0873000,Lake Township Police Department,OH,8268
OH008130X,Lake Waynoka Rangers,OH,0
OH0432100,Lakeland Community College,OH,0
OH0770600,Lakemore Police Department,OH,2914
OH0182600,Lakewood Police Department,OH,49178
OH0230100,Lancaster Police Department,OH,41935
OH0440000,Lawrence County Sheriff's Office,OH,38385
OH0762200,Lawrence Township Police Department,OH,8225
OH0830300,Lebanon Police Department,OH,22283
OH0150400,Leetonia Police Department,OH,1774
OH0691100,Leipsic Police Department,OH,2152
OH0680600,Lewisburg Police Department,OH,1734
OH0700700,Lexington Police Department,OH,4828
OH0780300,Liberty Township Police Department,OH,11870
OH0450000,Licking County Sheriff's Office,OH,73362
OH0451800,Licking Park District,OH,0
OH0021800,Lima Park Services Ranger Division,OH,0
OH0020400,Lima Police Department,OH,34495
OH0186200,Linndale Police Department,OH,108
OH0150500,Lisbon Police Department,OH,2503
OH0230700,Lithopolis Police Department,OH,3059
OH0151400,Liverpool Township Police Department,OH,3759
OH0311900,Lockland Police Department,OH,3501
OH0520800,Lodi Police Department,OH,2805
OH0460000,Logan County Sheriff's Office,OH,25574
OH0370100,Logan Police Department,OH,7104
OH0490100,London Police Department,OH,10865
OH0471900,Lorain County Drug Task Force,OH,0
OH0471800,Lorain County Metropolitan Park District,OH,0
OH0470000,Lorain County Sheriff's Office,OH,58325
OH0470500,Lorain Police Department,OH,65882
OH0781400,Lordstown Police Department,OH,3332
OH0030200,Loudonville Police Department,OH,2777
OH0760700,Louisville Police Department,OH,9867
OH0312000,Loveland Police Department,OH,13270
OH0840500,Lowell Police Department,OH,544
OH0500500,Lowellville Police Department,OH,983
OH0480000,Lucas County Sheriff's Office,OH,52939
OH0871500,Luckey Police Department,OH,1017
OH0360400,Lynchburg Police Department,OH,1551
OH0182700,Lyndhurst Police Department,OH,13617
OH0770700,Macedonia Police Department,OH,12131
OH0312100,Madeira Police Department,OH,9554
OH0490000,Madison County Sheriff's Office,OH,26240
OH0430500,Madison Police Department,OH,3422
OH0253500,"Madison Township  Police Department, Franklin County",OH,19633
OH0431800,"Madison Township Police Department, Lake County",OH,15028
OH0763000,Magnolia Police Department,OH,1014
OH0500000,Mahoning County Sheriff's Office,OH,16114
OH0502700,Mahoning Valley Law Enforcement Task Force,OH,0
OH076349E,Malone University,OH,0
OH0010100,Manchester Police Department,OH,1862
OH0700100,Mansfield Police Department,OH,47610
OH0670400,Mantua Police Department,OH,1017
OH0182800,Maple Heights Police Department,OH,22937
OH0620600,Marblehead Police Department,OH,832
OH0312200,Mariemont Police Department,OH,3480
OH084089E,Marietta College,OH,0
OH0840200,Marietta Police Department,OH,12960
OH0510000,Marion County Sheriff's Office,OH,29386
OH0510100,Marion Police Department,OH,35459
OH0021600,Marion Township Police Department,OH,2833
OH0762100,Marlboro Township Police Department,OH,4262
OH0851100,Marshallville Police Department,OH,793
OH0070400,Martins Ferry Police Department,OH,6004
OH0800100,Marysville Police Department,OH,30246
OH0830400,Mason Police Department,OH,36342
OH0760800,Massillon Police Department,OH,32928
OH0840300,Matamoras Police Department,OH,693
OH0480100,Maumee Police Department,OH,13566
OH0182900,Mayfield Heights Police Department,OH,19774
OH0183000,Mayfield Village Police Department,OH,3317
OH0820100,McArthur Police Department,OH,1732
OH0320700,McComb Police Department,OH,1535
OH0580100,McConnelsville Police Department,OH,1626
OH0780400,McDonald Police Department,OH,3116
OH0110100,Mechanicsburg Police Department,OH,1682
OH0521700,Medina County Drug Task Force,OH,0
OH0521600,Medina County Park District,OH,0
OH0520000,Medina County Sheriff's Office,OH,49317
OH0520200,Medina Police Department,OH,25679
OH0521400,Medina Township Police Department,OH,9438
OH0530000,Meigs County Sheriff's Office,OH,15889
OH0430600,Mentor Police Department,OH,47035
OH0430700,Mentor-on-the-Lake Police Department,OH,7101
OH0540000,Mercer County Sheriff's Office,OH,21884
OH0551300,Miami County Park District,OH,0
OH0550000,Miami County Sheriff's Office,OH,40212
OH0131500,"Miami Township Police Department, Clermont County",OH,45451
OH0570700,"Miami Township Police Department, Montgomery County",OH,30895
OH0091700,Miami University,OH,0
OH0570800,Miamisburg Police Department,OH,20340
OH0183100,Middleburg Heights Police Department,OH,15588
OH0280500,Middlefield Police Department,OH,2749
OH0530100,Middleport Police Department,OH,2111
OH0090300,Middletown Police Department,OH,52613
OH0791100,Midvale Police Department,OH,653
OH0030800,Mifflin Police Department,OH,154
OH0253300,Mifflin Township Police Department,OH,2541
OH0220800,Milan Police Department,OH,1334
OH0130300,Milford Police Department,OH,6398
OH0501900,Mill Creek Metropark,OH,0
OH0380100,Millersburg Police Department,OH,3289
OH0230800,Millersport Police Department,OH,997
OH0502000,Milton Township Police Department,OH,2463
OH0252000,Minerva Park Police Department,OH,1949
OH0760900,Minerva Police Department,OH,3692
OH0410200,Mingo Junction Police Department,OH,3227
OH0060500,Minster Police Department,OH,3043
OH0770800,Mogadore Police Department,OH,3821
OH0560000,Monroe County Sheriff's Office,OH,10839
OH0090500,Monroe Police Department,OH,18578
OH0390700,Monroeville Police Department,OH,1283
OH0570000,Montgomery County Sheriff's Office,OH,64977
OH0312300,Montgomery Police Department,OH,10978
OH0860200,Montpelier Police Department,OH,3870
OH0521300,Montville Township Police Department,OH,13509
OH0570900,Moraine Police Department,OH,6645
OH0183200,Moreland Hills Police Department,OH,3495
OH0580000,Morgan County Sheriff's Office,OH,11846
OH0590000,Morrow County Sheriff's Office,OH,30362
OH0830500,Morrow Police Department,OH,2234
OH0590100,Mount Gilead Police Department,OH,3554
OH0312400,Mount Healthy Police Department,OH,6899
OH0080700,Mount Orab Police Department,OH,4412
OH0411400,Mount Pleasant Police Department,OH,377
OH0315800,Mount St. Joseph University,OH,0
OH0420100,Mount Vernon Police Department,OH,17398
OH0360600,Mowrystown Police Department,OH,386
OH0771700,Munroe Falls Police Department,OH,4973
OH0600000,Muskingum County Sheriff's Office,OH,53706
OH060139E,Muskingum University,OH,0
OH0792100,Muskingum Watershed Conservancy District,OH,0
OH0350100,Napoleon Police Department,OH,8690
OH0761000,Navarre Police Department,OH,1826
OH0050300,Nelsonville Police Department,OH,4544
OH0252100,New Albany Police Department,OH,11741
OH0730100,New Boston Police Department,OH,2209
OH0060600,New Bremen Police Department,OH,3015
OH0600600,New Concord Police Department,OH,2336
OH0772900,New Franklin Police Department,OH,13858
OH0650600,New Holland Police Department,OH,837
OH0060700,New Knoxville Police Department,OH,903
OH0572000,New Lebanon Police Department,OH,3815
OH0640200,New Lexington Police Department,OH,4470
OH0390100,New London Police Department,OH,2364
OH0191100,New Madison Police Department,OH,832
OH0090600,New Miami Police Department,OH,2292
OH0501200,New Middletown Police Department,OH,1486
OH0680700,New Paris Police Department,OH,1485
OH0790400,New Philadelphia Police Department,OH,17306
OH0131000,New Richmond Police Department,OH,2812
OH0740700,New Riegel Police Department,OH,279
OH0640300,New Straitsville Police Department,OH,648
OH0170400,New Washington Police Department,OH,857
OH0151000,New Waterford Police Department,OH,1156
OH0450100,Newark Police Department,OH,51776
OH0183300,Newburgh Heights Police Department,OH,1803
OH0790300,Newcomerstown Police Department,OH,3612
OH0780500,Newton Falls Police Department,OH,4528
OH0312500,Newtown Police Department,OH,2683
OH0780600,Niles Police Department,OH,18193
OH0610000,Noble County Sheriff's Office,OH,14304
OH0870200,North Baltimore Police Department,OH,3421
OH0761100,North Canton Police Department,OH,17641
OH0312700,North College Hill Police Department,OH,9528
OH0120800,North Hampton Police Department,OH,451
OH0040700,North Kingsville Police Department,OH,2717
OH0110500,North Lewisburg Police Department,OH,1659
OH0183400,North Olmsted Police Department,OH,31509
OH0431600,North Perry Police Department,OH,910
OH0183500,North Randall Police Department,OH,929
OH0470700,North Ridgeville Police Department,OH,38035
OH0183600,North Royalton Police Department,OH,30786
OH0770900,Northfield Police Department,OH,3566
OH0871800,Northwood Police Department,OH,5237
OH0771000,Norton Police Department,OH,11367
OH0390200,Norwalk Police Department,OH,17206
OH0312800,Norwood Police Department,OH,19567
OH018A10X,Notre Dame College,OH,0
OH0620100,Oak Harbor Police Department,OH,2783
OH0400400,Oak Hill Police Department,OH,1402
OH0571000,"Oakwood Police Department, Montgomery County",OH,9359
OH0630900,"Oakwood Police Department, Paulding County",OH,537
OH0183700,Oakwood Village Police Department,OH,3478
OH0470600,Oberlin Police Department,OH,8609
OH0252300,Obetz Police Department,OH,7844
OH0253800,Ohio Department of Natural Resources,OH,0
OH0254700,Ohio Investigative Unit,OH,0
OHOHP0000,Ohio State Highway Patrol,OH,0
OH0252700,Ohio State University: Columbus,OH,0
OH070130X,Ohio State University: Mansfield,OH,0
OH0510900,Ohio State University: Marion,OH,0
OH045160X,Ohio State University: Newark,OH,0
OH0852000,Ohio State University: Wooster,OH,0
OH0051000,Ohio University,OH,0
OH0183900,Olmsted Falls Police Department,OH,8679
OH0183800,Olmsted Township Police Department,OH,14567
OH0700200,Ontario Police Department,OH,6643
OH0184000,Orange Village Police Department,OH,3573
OH0480200,Oregon Police Department,OH,19676
OH0850100,Orrville Police Department,OH,8437
OH0040800,Orwell Police Department,OH,1510
OH0210400,Ostrander Police Department,OH,1262
OH0620000,Ottawa County Sheriff's Office,OH,17538
OH0480300,Ottawa Hills Police Department,OH,4800
OH0690100,Ottawa Police Department,OH,4412
OH0259900,Otterbein University,OH,0
OH0691300,Ottoville Police Department,OH,968
OH0131200,Owensville Police Department,OH,824
OH0090700,Oxford Police Department,OH,22563
OH0091300,Oxford Township Police Department,OH,2356
OH0430800,Painesville Police Department,OH,20754
OH0691400,Pandora Police Department,OH,1183
OH0184300,Parma Heights Police Department,OH,20447
OH0184200,Parma Police Department,OH,78925
OH0451100,Pataskala Police Department,OH,18640
OH0630000,Paulding County Sheriff's Office,OH,13110
OH0630100,Paulding Police Department,OH,3528
OH0631000,Payne Police Department,OH,1179
OH0010200,Peebles Police Department,OH,1758
OH0871900,Pemberville Police Department,OH,1338
OH0771800,Peninsula Police Department,OH,515
OH0184400,Pepper Pike Police Department,OH,6895
OH0221000,Perkins Township Police Department,OH,12577
OH0640000,Perry County Sheriff's Office,OH,22863
OH0430900,Perry Police Department,OH,1600
OH0021400,"Perry Township Police Department, Allen County",OH,3323
OH0151900,"Perry Township Police Department, Columbiana County",OH,4283
OH0253400,"Perry Township Police Department, Franklin County",OH,3803
OH0572800,"Perry Township Police Department, Montgomery County",OH,3278
OH0762300,"Perry Township Police Department, Stark County",OH,28221
OH0870300,Perrysburg Police Department,OH,25382
OH0872800,Perrysburg Township Police Department,OH,13820
OH0030300,Perrysville Police Department,OH,731
OH0650000,Pickaway County Sheriff's Office,OH,35374
OH0230900,Pickerington Police Department,OH,26501
OH0131700,Pierce Township Police Department,OH,15632
OH0660000,Pike County Sheriff's Office,OH,20762
OH0660600,Piketon Police Department,OH,2183
OH0860700,Pioneer Police Department,OH,1402
OH0550200,Piqua Police Department,OH,21075
OH0490600,Plain City Police Department,OH,4433
OH0231700,Pleasantville Police Department,OH,957
OH0700300,Plymouth Police Department,OH,1686
OH0502200,Poland Township Police Department,OH,12073
OH0500600,Poland Village Police Department,OH,2416
OH0530200,Pomeroy Police Department,OH,1490
OH0620200,Port Clinton Police Department,OH,5890
OH0255400,Port Columbus International Airport,OH,0
OH0750800,Port Jefferson Police Department,OH,301
OH0791400,Port Washington Police Department,OH,538
OH0670000,Portage County Sheriff's Office,OH,70180
OH0730200,Portsmouth Police Department,OH,17315
OH0210500,Powell Police Department,OH,14705
OH0070500,Powhatan Point Police Department,OH,1403
OH0680000,Preble County Sheriff's Office,OH,25048
OH0212200,Preservation Parks of Delaware County,OH,0
OH0440600,Proctorville Police Department,OH,493
OH0620700,Put-In-Bay  Police Department,OH,151
OH0690000,Putnam County Sheriff's Office,OH,20718
OH0530300,Racine Police Department,OH,654
OH0670500,Ravenna Police Department,OH,11216
OH0411600,Rayland Police Department,OH,379
OH0312900,Reading Police Department,OH,11276
OH0771900,Reminderville Police Department,OH,5323
OH0763200,Republic N&T Railroad,OH,0
OH0740800,Republic Police Department,OH,542
OH0250800,Reynoldsburg Police Department,OH,43371
OH0772600,Richfield Police Department,OH,3720
OH0700000,Richland County Sheriff's Office,OH,52600
OH0071800,Richland Township Police Department,OH,9408
OH0184500,Richmond Heights Police Department,OH,10492
OH0411700,Richmond Police Department,OH,398
OH0800200,Richwood Police Department,OH,2668
OH0270600,Rio Grande Police Department,OH,725
OH0080300,Ripley Police Department,OH,1595
OH0872100,Risingsun Police Department,OH,549
OH0850200,Rittman Police Department,OH,6114
OH0572200,Riverside Police Department,OH,24472
OH0041000,Roaming Shores Village Police Department,OH,1568
OH0540800,Rockford Police Department,OH,1028
OH0620800,Rocky Ridge Police Department,OH,305
OH0184600,Rocky River Police Department,OH,21397
OH0600900,Roseville Police Department,OH,1742
OH0710000,Ross County Sheriff's Office,OH,54057
OH0091600,Ross Township Police Department,OH,9118
OH0870400,Rossford Police Department,OH,6366
OH0280800,Russell Township Police Department,OH,5390
OH0460200,Russells Point Police Department,OH,1319
OH0080800,Russellville Police Department,OH,550
OH0530400,Rutland Police Department,OH,408
OH0140300,Sabina Police Department,OH,2458
OH0773000,Sagamore Hills Police Department,OH,10837
OH0150600,Salem Police Department,OH,11637
OH0151600,Salem Township Police Department,OH,2925
OH0412200,Saline Township Police Department,OH,1124
OH0150700,Salineville Police Department,OH,1159
OH0721000,Sandusky County Park District,OH,0
OH0720000,Sandusky County Sheriff's Office,OH,26945
OH0220300,Sandusky Police Department,OH,23951
OH0080900,Sardinia Police Department,OH,1114
OH0730000,Scioto County Sheriff's Office,OH,51738
OH0010600,Seaman Police Department,OH,970
OH0500700,Sebring Police Department,OH,4124
OH0740000,Seneca County Sheriff's Office,OH,24954
OH0301000,Senecaville Police Department,OH,413
OH0184700,Seven Hills Police Department,OH,11517
OH0090800,Seven Mile Police Department,OH,749
OH0520900,Seville Police Department,OH,2385
OH0070600,Shadyside Police Department,OH,3329
OH0184800,Shaker Heights Police Department,OH,28509
OH0254000,Sharon Township Police Department,OH,2325
OH0313100,Sharonville Police Department,OH,14024
OH0210600,Shawnee Hills Police Department,OH,965
OH0641000,Shawnee Police Department,OH,502
OH0730900,Shawnee State University,OH,0
OH0021100,Shawnee Township Police Department,OH,12485
OH0470800,Sheffield Lake Police Department,OH,9055
OH0471400,Sheffield Village Police Department,OH,4720
OH0750000,Shelby County Sheriff's Office,OH,23014
OH0700400,Shelby Police Department,OH,9225
OH0851300,Shreve Police Department,OH,1497
OH0750100,Sidney Police Department,OH,20353
OH0771100,Silver Lake Police Department,OH,2508
OH0573300,Sinclair Community College,OH,0
OH0501500,Smith Township Police Department,OH,3997
OH0412600,Smithfield Township Police Department,OH,2262
OH0851400,Smithville Police Department,OH,1337
OH0184900,Solon Police Department,OH,23780
OH0641100,Somerset Police Department,OH,1484
OH0650800,South Bloomfield Police Department,OH,4345
OH0120900,South Charleston Police Department,OH,1692
OH0185000,South Euclid Police Department,OH,21236
OH0440700,South Point Police Department,OH,3623
OH0280600,South Russell Police Department,OH,3911
OH0121100,South Vienna Police Department,OH,406
OH0601000,South Zanesville Police Department,OH,1900
OH073500X,Southern Ohio Organized and Major Crimes Task Force,OH,0
OH0521000,Spencer Police Department,OH,697
OH0020500,Spencerville Police Department,OH,2155
OH0831400,Springboro Police Department,OH,19775
OH0313300,Springdale Police Department,OH,11228
OH0120200,Springfield Police Department,OH,58026
OH0313400,"Springfield Township Police Department, Hamilton County",OH,35794
OH0501600,"Springfield Township Police Department, Mahoning County",OH,6740
OH0772500,"Springfield Township Police Department, Summit County",OH,14171
OH0313000,St. Bernard Police Department,OH,3963
OH0151500,St. Clair Township Police Department,OH,7546
OH0070700,St. Clairsville Police Department,OH,4924
OH0540900,St. Henry Police Department,OH,2610
OH0451200,St. Louisville Police Department,OH,369
OH0060100,St. Marys Police Department,OH,8370
OH0762700,Stark County Park District,OH,0
OH0760000,Stark County Sheriff's Office,OH,112595
OH0410300,Steubenville Police Department,OH,18000
OH0771200,Stow Police Department,OH,34012
OH0791800,Strasburg Police Department,OH,2745
OH0671200,Streetsboro Police Department,OH,18019
OH0185100,Strongsville Police Department,OH,45589
OH0500800,Struthers Police Department,OH,9862
OH0860800,Stryker Police Department,OH,1233
OH0231200,Sugar Grove Police Department,OH,408
OH0790500,Sugarcreek Police Department,OH,2300
OH0291300,Sugarcreek Township Police Department,OH,9937
OH0770000,Summit County Sheriff's Office,OH,51695
OH0210700,Sunbury Police Department,OH,10643
OH0260400,Swanton Police Department,OH,3884
OH0480500,Sylvania Police Department,OH,19118
OH0480600,Sylvania Township Police Department,OH,31858
OH0530500,Syracuse Police Department,OH,766
OH0771300,Tallmadge Police Department,OH,18412
OH0314100,Terrace Park Police Department,OH,2350
OH0641200,Thornville Police Department,OH,1096
OH0740200,Tiffin Police Department,OH,17654
OH0412000,Tiltonsville Police Department,OH,1211
OH0431700,Timberlake Police Department,OH,605
OH0550300,Tipp City Police Department,OH,10671
OH0481900,Toledo Fire Department Fire Investigation Unit,OH,0
OH0482200,Toledo Metropolitan Park District,OH,0
OH0480700,Toledo Police Department,OH,264490
OH0482300,Toledo-Lucas County Port Authority,OH,0
OH0410400,Toronto Police Department,OH,5159
OH0121000,Tremont City Police Department,OH,345
OH0090900,Trenton Police Department,OH,14409
OH0571200,Trotwood Police Department,OH,23072
OH0550400,Troy Police Department,OH,27309
OH0780000,Trumbull County Sheriff's Office,OH,24701
OH0790000,Tuscarawas County Sheriff's Office,OH,40786
OH0791900,Tuscarawas Police Department,OH,1018
OH0771400,Twinsburg Police Department,OH,19565
OH0790600,Uhrichsville Police Department,OH,5089
OH0191800,Union City Police Department,OH,1561
OH0800000,Union County Sheriff's Office,OH,35987
OH0572300,Union Police Department,OH,7121
OH0131600,"Union Township Police Department, Clermont County",OH,51327
OH0762500,Uniontown Police Department,OH,7237
OH0185200,University Heights Police Department,OH,13111
OH067149E,University Hospitals Portage Medical Center,OH,0
OH0772800,University of Akron,OH,0
OH0313700,University of Cincinnati,OH,0
OH0270900,University of Rio Grande,OH,0
OH0481300,University of Toledo,OH,0
OH0250900,Upper Arlington Police Department,OH,35987
OH0880200,Upper Sandusky Police Department,OH,6612
OH0110200,Urbana Police Department,OH,11218
OH0451300,Utica Police Department,OH,2146
OH0185300,"Valley View Police Department, Cuyahoga County",OH,1847
OH0252600,"Valleyview Police Department, Franklin County",OH,649
OH0810000,Van Wert County Sheriff's Office,OH,13600
OH0810100,Van Wert Police Department,OH,11127
OH0571300,Vandalia Police Department,OH,14968
OH0220400,Vermilion Police Department,OH,10752
OH0782800,Vienna Township Police Department,OH,4054
OH0360300,Village of Leesburg Police Department,OH,1285
OH0820000,Vinton County Sheriff's Office,OH,10027
OH0520300,Wadsworth Police Department,OH,24927
OH0431000,Waite Hill Police Department,OH,524
OH0391000,Wakeman Police Department,OH,1016
OH0872300,Walbridge Police Department,OH,3069
OH076309E,Walsh University,OH,0
OH0185400,Walton Hills Police Department,OH,1988
OH0060200,Wapakoneta Police Department,OH,9783
OH0830000,Warren County Sheriff's Office,OH,104684
OH0780700,Warren Police Department,OH,38564
OH0782100,Warren Township Police Department,OH,4670
OH0185500,Warrensville Heights Police Department,OH,13372
OH0840000,Washington County Sheriff's Office,OH,36023
OH0240100,Washington Court House Police Department,OH,14447
OH0461300,"Washington Township Police Department, Logan County",OH,2049
OH0481500,"Washington Township Police Department, Lucas County",OH,3077
OH0151300,Washingtonville Police Department,OH,696
OH0481100,Waterville Police Department,OH,6023
OH0481800,Waterville Township Police Department,OH,2042
OH0260500,Wauseon Police Department,OH,7430
OH0660100,Waverly Police Department,OH,4105
OH0850000,Wayne County Sheriff's Office,OH,61837
OH0872400,Wayne Police Department,OH,860
OH0761800,Waynesburg Police Department,OH,922
OH0060900,Waynesfield Police Department,OH,738
OH0831500,Waynesville Police Department,OH,2910
OH0782300,Weathersfield Police Department,OH,8018
OH0470900,Wellington Police Department,OH,4916
OH0412400,Wells Township Police Department,OH,2374
OH0400200,Wellston Police Department,OH,5512
OH0150800,Wellsville Police Department,OH,3007
OH0680900,West Alexandria Police Department,OH,1315
OH0571500,West Carrollton Police Department,OH,12864
OH0091500,West Chester Township Police Department,OH,64911
OH0781000,West Farmington Police Department,OH,533
OH0490200,West Jefferson Police Department,OH,5167
OH0160600,West Lafayette Police Department,OH,2471
OH0461000,West Liberty Police Department,OH,1759
OH0551200,West Milton Police Department,OH,4892
OH0851500,West Salem Police Department,OH,1438
OH0010300,West Union Police Department,OH,3109
OH0860900,West Unity Police Department,OH,1724
OH0251000,Westerville Police Department,OH,38457
OH0520700,Westfield Center Police Department,OH,1219
OH0185700,Westlake Police Department,OH,34228
OH0251100,Whitehall Police Department,OH,19900
OH0481200,Whitehouse Police Department,OH,5103
OH0431100,Wickliffe Police Department,OH,12655
OH029159E,Wilberforce University,OH,0
OH0390300,Willard Police Department,OH,6083
OH0860000,Williams County Sheriff's Office,OH,17735
OH0131300,Williamsburg Police Department,OH,2661
OH0431300,Willoughby Hills Police Department,OH,9979
OH0431200,Willoughby Police Department,OH,24294
OH0431400,Willowick Police Department,OH,14143
OH0140400,Wilmington Police Department,OH,12634
OH0010700,Winchester Police Department,OH,1001
OH0670600,Windham Police Department,OH,1684
OH0410500,Wintersville Police Department,OH,3648
OH0873400,Wood County Park District,OH,0
OH0870000,Wood County Sheriff's Office,OH,29492
OH0313500,Woodlawn Police Department,OH,3914
OH0185900,Woodmere Village Police Department,OH,640
OH0560100,Woodsfield Police Department,OH,2131
OH0720400,Woodville Police Department,OH,1986
OH0850300,Wooster Police Department,OH,26922
OH0251200,Worthington Police Department,OH,14616
OH0291200,Wright State University,OH,0
OH0880000,Wyandot County Sheriff's Office,OH,11184
OH0313600,Wyoming Police Department,OH,8787
OH0290300,Xenia Police Department,OH,26222
OH0290400,Yellow Springs Police Department,OH,3769
OH0410600,Yorkville Police Department,OH,930
OH0500900,Youngstown Police Department,OH,58934
OH0501400,Youngstown State University,OH,0
OH0600100,Zanesville Police Department,OH,24952
OK0632300,Absentee Shawnee Tribal,OK,0
OK0070200,Achille Police Department,OK,435
OK0620100,Ada Police Department,OK,16601
OK0010000,Adair County Sheriff's Office,OK,14288
OK0490300,Adair Police Department,OK,746
OK0580400,Afton Police Department,OK,754
OK0260400,Alex Police Department,OK,514
OK0020000,Alfalfa County Sheriff's Office,OK,4253
OK0620300,Allen Police Department,OK,803
OK0330100,Altus Police Department,OK,18503
OK0760100,Alva Police Department,OK,4954
OK0260500,Amber Police Department,OK,465
OKDI05100,Anadarko Agency,OK,0
OK0080100,Anadarko Police Department,OK,5481
OK0640100,Antlers Police Department,OK,2177
OK0080400,Apache Police Department,OK,1001
OK0200300,Arapaho Police Department,OK,662
OK0550900,Arcadia Police Department,OK,178
OK0100100,Ardmore Police Department,OK,25148
OK0400300,Arkoma Police Department,OK,1870
OK0030000,Atoka County Sheriff's Office,OK,10689
OK0030100,Atoka Police Department,OK,2938
OK0570600,Avant Police Department,OK,302
OK0570100,Barnsdall Police Department,OK,962
OK0740100,Bartlesville Police Department,OK,38600
OK0040000,Beaver County Sheriff's Office,OK,3767
OK0040200,Beaver Police Department,OK,1249
OK0050000,Beckham County Sheriff's Office,OK,5015
OK0560400,Beggs Police Department,OK,1187
OK0561800,Beggs Public Schools,OK,0
OK0070500,Bennington Police Department,OK,328
OK0210100,Bernice Police Department,OK,437
OK0550100,Bethany Police Department,OK,20323
OK0520200,Billings Police Department,OK,572
OK0080500,Binger Police Department,OK,438
OK0720600,Bixby Police Department,OK,32529
OK0360100,Blackwell Police Department,OK,6003
OK0060000,Blaine County Sheriff's Office,OK,3285
OK0330200,Blair Police Department,OK,708
OK0440100,Blanchard Police Department,OK,10117
OK0130100,Boise City Police Department,OK,1057
OK0070700,Bokchito Police Department,OK,621
OK0400500,Bokoshe Police Department,OK,410
OK0540400,Boley Police Department,OK,1085
OK0120300,Boswell Police Department,OK,578
OK0190100,Bristow Police Department,OK,4289
OK0720100,Broken Arrow Police Department,OK,125062
OK0450100,Broken Bow Police Department,OK,4231
OK0070000,Bryan County Sheriff's Office,OK,23036
OK0750300,Burns Flat Police Department,OK,1909
OK0200400,Butler Police Department,OK,207
OK0160200,Cache Police Department,OK,3240
OK0080000,Caddo County Sheriff's Office,OK,10620
OK0070900,Caddo Police Department,OK,1089
OK0071000,Calera Police Department,OK,3149
OK0090300,Calumet Police Department,OK,523
OK0320400,Calvin Police Department,OK,309
OK0161500,Cameron University,OK,0
OK0090000,Canadian County Sheriff's Office,OK,7511
OK0030200,Caney Police Department,OK,194
OK0060200,Canton Police Department,OK,452
OK0403300,Carl Albert State College: Poteau,OK,0
OK0682000,Carl Albert State College: Sallisaw,OK,0
OK0080800,Carnegie Police Department,OK,1369
OK0410600,Carney Police Department,OK,579
OK0100000,Carter County Sheriff's Office,OK,13559
OK0370300,Cashion Police Department,OK,971
OK0660300,Catoosa Police Department,OK,7519
OK0080900,Cement Police Department,OK,419
OK0410100,Chandler Police Department,OK,2966
OK0160300,Chattanooga Police Department,OK,409
OK0460100,Checotah Police Department,OK,3103
OK0660400,Chelsea Police Department,OK,1988
OK0110000,Cherokee County Sheriff's Office,OK,31023
OK0111200,Cherokee Nation,OK,0
OK0020100,Cherokee Police Department,OK,1450
OKDI18000,Chickasaw Nation,OK,0
OK0260100,Chickasha Police Department,OK,17260
OK0120000,Choctaw County Sheriff's Office,OK,7599
OKDI00600,Choctaw Nation,OK,0
OK0551000,Choctaw Police Department,OK,12385
OK0556500,Choctaw-Nicoma Park Schools,OK,0
OK0490100,Chouteau Police Department,OK,2179
OK0130000,Cimarron County Sheriff's Office,OK,1035
OK0632200,Citizen Potawatomi Nation,OK,0
OK0660100,Claremore Police Department,OK,20852
OK0640300,Clayton Police Department,OK,556
OK0140000,Cleveland County Sheriff's Office,OK,17883
OK0590100,Cleveland Police Department,OK,3279
OK0200100,Clinton Police Department,OK,8320
OK0150000,Coal County Sheriff's Office,OK,3379
OK0150100,Coalgate Police Department,OK,1727
OK0072700,Colbert Campus,OK,0
OK0071300,Colbert Police Department,OK,1123
OK0210400,Colcord Police Department,OK,760
OK0720200,Collinsville Police Department,OK,10246
OK0160000,Comanche County Sheriff's Office,OK,20480
OKDI15000,Comanche Nation,OK,0
OK0690100,Comanche Police Department,OK,1404
OK0580100,Commerce Police Department,OK,2269
OKDI05200,Concho Agency,OK,0
OK0750100,Cordell Police Department,OK,2738
OK0170000,Cotton County Sheriff's Office,OK,3110
OK0621700,Council on Law Enforcement Education and Training,OK,0
OK0240600,Covington Police Department,OK,469
OK0730300,Coweta Police Department,OK,11472
OK0180000,Craig County Sheriff's Office,OK,9173
OK0190000,Creek County Sheriff's Office,OK,35085
OK0420300,Crescent Police Department,OK,1408
OK0600100,Cushing Police Department,OK,8476
OK0200000,Custer County Sheriff's Office,OK,5812
OK0081100,Cyril Police Department,OK,799
OK0410700,Davenport Police Department,OK,863
OK0500200,Davis Police Department,OK,2831
OK0550200,Del City Police Department,OK,21141
OK0210000,Delaware County Sheriff's Office,OK,29093
OK0553300,Department of Agriculture and Forestry Service Law Enforcement Section,OK,0
OKOHP1200,Department of Public Safety Communication Center,OK,0
OK0190500,Depew Police Department,OK,416
OK0560600,Dewar Police Department,OK,762
OK0220000,Dewey County Sheriff's Office,OK,2837
OK0740200,Dewey Police Department,OK,3454
OK0440600,Dibble Police Department,OK,1010
OK0100500,Dickson Police Department,OK,1382
OK0490500,Disney Police Department,OK,228
OK070015A,District Attorneys Council: Drug Task Force 1,OK,0
OK040015A,District Attorneys Council: Drug Task Force 16,OK,0
OK063015A,District Attorneys Council: Drug Task Force 23,OK,0
OK068015A,District Attorneys Council: Drug Task Force 27,OK,0
OK033013A,District Attorneys Council: Drug Task Force 3,OK,0
OK036015A,District Attorneys Council: Drug Task Force 8,OK,0
OK0190200,Drumright Police Department,OK,2519
OK0330400,Duke Police Department,OK,398
OK0690200,Duncan Police Department,OK,23306
OK0070100,Durant Police Department,OK,21494
OK0630900,Earlsboro Police Department,OK,615
OK0621600,East Central University,OK,0
OK0391100,Eastern Oklahoma State College,OK,0
OKDI14000,Eastern Shawnee Tribal,OK,0
OK0550300,Edmond Police Department,OK,100144
OK0090100,El Reno Police Department,OK,20843
OK0330500,Eldorado Police Department,OK,314
OK0160400,Elgin Police Department,OK,3628
OK0050100,Elk City Police Department,OK,11349
OK0230000,Ellis County Sheriff's Office,OK,2383
OK0250500,Elmore City Police Department,OK,755
OK0240100,Enid Police Department,OK,50360
OK0050200,Erick Police Department,OK,980
OK0460200,Eufaula Police Department,OK,2896
OK0570200,Fairfax Police Department,OK,1096
OK0580600,Fairland Police Department,OK,1111
OK0470100,Fairview Police Department,OK,2632
OK0160600,Fletcher Police Department,OK,1261
OK0551600,Forest Park Police Department,OK,1041
OK0081300,Fort Cobb Police Department,OK,502
OK0510700,Fort Gibson Police Department,OK,3815
OK0120500,Fort Towson Police Department,OK,494
OK0661600,Foyil Police Department,OK,454
OK0710100,Frederick Police Department,OK,3328
OK0680600,Gans Police Department,OK,253
OK0241000,Garber Police Department,OK,730
OK0240000,Garfield County Sheriff's Office,OK,7340
OK0250000,Garvin County Sheriff's Office,OK,11367
OK0060500,Geary Police Department,OK,985
OK0160700,Geronimo Police Department,OK,1161
OK0720700,Glenpool Police Department,OK,14789
OK0700600,Goodwell Police Department,OK,921
OK0680700,Gore Police Department,OK,1001
OK0260000,Grady County Sheriff's Office,OK,25665
OK0491900,Grand River Dam Authority Lake Patrol,OK,0
OK0710300,Grandfield Police Department,OK,876
OK0280300,Granite Police Department,OK,1621
OK0270000,Grant County Sheriff's Office,OK,2113
OK0280000,Greer County Sheriff's Office,OK,1081
OKDIT0800,Grey Snow,OK,0
OK0210700,Grove Police Department,OK,7423
OK0420100,Guthrie Police Department,OK,11908
OK0700100,Guymon Police Department,OK,12275
OK0611400,Haileyville Police Department,OK,694
OK0290000,Harmon County Sheriff's Office,OK,637
OK0300000,Harper County Sheriff's Office,OK,2002
OK0551100,Harrah Police Department,OK,6939
OK0610100,Hartshorne Police Department,OK,1872
OK0310000,Haskell County Sheriff's Office,OK,8242
OK0510800,Haskell Police Department,OK,1743
OK0451000,Haworth Police Department,OK,284
OK0101000,Healdton Police Department,OK,2382
OK0401100,Heavener Police Department,OK,3076
OK0370100,Hennessey Police Department,OK,2242
OK0560100,Henryetta Police Department,OK,5598
OK0081500,Hinton Police Department,OK,4932
OK0380100,Hobart Police Department,OK,3273
OK0451100,Hochatown Police Department,OK,267
OK0320100,Holdenville Police Department,OK,5886
OK0290100,Hollis Police Department,OK,1637
OK0570300,Hominy Police Department,OK,3277
OK0700200,Hooker Police Department,OK,1717
OK0401400,Howe Police Department,OK,643
OK0320000,Hughes County Sheriff's Office,OK,5886
OK0120100,Hugo Police Department,OK,5137
OK0110500,Hulbert Police Department,OK,498
OK0081600,Hydro Police Department,OK,903
OK0450200,Idabel Police Department,OK,6984
OK0660600,Inola Police Department,OK,1897
OK0330000,Jackson County Sheriff's Office,OK,4072
OK0210800,Jay Police Department,OK,2488
OK0340000,Jefferson County Sheriff's Office,OK,2656
OK0720800,Jenks Police Department,OK,28337
OK0721300,Jenks Public Schools,OK,0
OK0590500,Jennings Police Department,OK,296
OK0350000,Johnston County Sheriff's Office,OK,7212
OK0551200,Jones Police Department,OK,3297
OK0210900,Kansas Police Department,OK,764
OK0361800,Kaw Tribal,OK,0
OK0360000,Kay County Sheriff's Office,OK,7904
OKDI16000,Keetoowah Tribal,OK,0
OK0190600,Kellyville Police Department,OK,1053
OK0310400,Keota Police Department,OK,449
OK0612400,Kiamichi Technology Center,OK,0
OK0632100,Kickapoo Tribal,OK,0
OK0190700,Kiefer Police Department,OK,2296
OK0191900,Kiefer Public Schools,OK,0
OK0370000,Kingfisher County Sheriff's Office,OK,6847
OK0370200,Kingfisher Police Department,OK,5261
OK0480300,Kingston Police Department,OK,1490
OK0380000,Kiowa County Sheriff's Office,OK,2665
OK0611700,Kiowa Police Department,OK,610
OKDIT1700,Kiowa Tribal,OK,0
OK0670100,Konawa Police Department,OK,1235
OK0611800,Krebs Police Department,OK,2064
OK0241500,Lahoma Police Department,OK,524
OK0490700,Langley Police Department,OK,641
OK0420400,Langston Police Department,OK,1741
OK0421200,Langston University,OK,0
OK0390000,Latimer County Sheriff's Office,OK,6696
OK0300200,Laverne Police Department,OK,1193
OK0160100,Lawton Police Department,OK,89942
OK0161600,Lawton Public Schools,OK,0
OK040013C,Le Flore County Detention Center,OK,0
OK0400000,Le Flore County Sheriff's Office,OK,23811
OK0140300,Lexington Police Department,OK,2065
OK0410000,Lincoln County Sheriff's Office,OK,23302
OK0250100,Lindsay Police Department,OK,2920
OK0490800,Locust Grove Police Department,OK,1405
OK0420000,Logan County Sheriff's Office,OK,39517
OK0101100,Lone Grove Police Department,OK,5347
OK0430000,Love County Sheriff's Office,OK,7161
OK0551300,Luther Police Department,OK,1718
OK0480100,Madill Police Department,OK,4132
OK0470000,Major County Sheriff's Office,OK,4882
OK0280100,Mangum Police Department,OK,2708
OK0190800,Mannford Police Department,OK,3468
OK0680900,Marble City Police Department,OK,186
OK0430100,Marietta Police Department,OK,2899
OK0690300,Marlow Police Department,OK,4535
OK0480000,Marshall County Sheriff's Office,OK,10709
OK0631300,Maud Police Department,OK,869
OK0490000,Mayes County Sheriff's Office,OK,23929
OK0250900,Maysville Police Department,OK,1089
OK0610200,McAlester Police Department,OK,18095
OK0612300,McAlester Public Schools,OK,0
OK0440000,McClain County Sheriff's Office,OK,17929
OK0450000,McCurtain County Sheriff's Office,OK,17369
OK0310800,McCurtain Police Department,OK,361
OK0460000,McIntosh County Sheriff's Office,OK,13876
OK0631400,McLoud Police Department,OK,4560
OK0270600,Medford Police Department,OK,911
OK0161000,Medicine Park Police Department,OK,491
OK0411100,Meeker Police Department,OK,1035
OKDI06000,Miami Agency,OK,0
OK0580200,Miami Police Department,OK,12866
OK0581700,Miami Public Schools,OK,0
OKDI00400,Miami Tribal,OK,0
OK0550400,Midwest City Police Department,OK,58515
OK0451200,Millerton Police Department,OK,213
OK0260900,Minco Police Department,OK,1559
OK0140100,Moore Police Department,OK,64044
OK0770500,Mooreland Police Department,OK,1125
OK0561100,Morris Police Department,OK,1342
OK0191000,Mounds Police Department,OK,996
OK0380800,Mountain Park Police Department,OK,313
OK0381400,Mountain View Police Department,OK,716
OK0681200,Muldrow Police Department,OK,3383
OK0500000,Murray County Sheriff's Office,OK,6049
OK0561700,Muscogee Nation Tribal,OK,0
OK0512100,Muskogee City Schools,OK,0
OK0510000,Muskogee County Sheriff's Office,OK,21800
OK0510100,Muskogee Police Department,OK,36869
OK0090500,Mustang Police Department,OK,25026
OK0270700,Nash Police Department,OK,187
OK0440800,Newcastle Police Department,OK,15715
OK0360200,Newkirk Police Department,OK,2242
OK0550500,Nichols Hills Police Department,OK,3846
OK0551400,Nicoma Park Police Department,OK,2289
OK0261000,Ninnekah Police Department,OK,830
OK0520000,Noble County Sheriff's Office,OK,5864
OK0140400,Noble Police Department,OK,7978
OK0141300,Noble Public Schools,OK,0
OK0140200,Norman Police Department,OK,131728
OK0241600,North Enid Police Department,OK,999
OK0581600,Northeast Technology Center,OK,0
OK0581500,Northeastern Oklahoma A&M College,OK,0
OK0111000,Northeastern State University: Tahlequah,OK,0
OK0761500,Northwestern Oklahoma State University,OK,0
OK0530000,Nowata County Sheriff's Office,OK,5300
OK0530100,Nowata Police Department,OK,3610
OK0191100,Oilton Police Department,OK,893
OK0370700,Okarche Police Department,OK,1206
OK0061000,Okeene Police Department,OK,1046
OK0540100,Okemah Police Department,OK,3067
OK0540000,Okfuskee County Sheriff's Office,OK,6404
OK0553000,Oklahoma City Community College,OK,0
OK0550600,Oklahoma City Police Department,OK,720580
OK0554300,Oklahoma City University,OK,0
OK0550000,Oklahoma County Sheriff's Office,OK,19825
OK055025C,Oklahoma Department of Corrections,OK,0
OK0701200,Oklahoma Panhandle State University,OK,0
OK0601000,Oklahoma State University: Main Campus,OK,0
OK0561600,Oklahoma State University: Okmulgee,OK,0
OK0721400,Oklahoma State University: Tulsa,OK,0
OK056013C,Okmulgee County Criminal Justice Authority,OK,0
OK0560000,Okmulgee County Sheriff's Office,OK,16873
OK0560200,Okmulgee Police Department,OK,11370
OK0331100,Olustee Police Department,OK,458
OK0660700,Oologah Police Department,OK,1365
OK0570000,Osage County Sheriff's Office,OK,25072
OK0572600,Osage Nation,OK,0
OKDIT1500,Otoe-Missouria Tribal,OK,0
OK0580000,Ottawa County Sheriff's Office,OK,12905
OK0721000,Owasso Police Department,OK,44008
OK0402200,Panama Police Department,OK,1307
OK0251000,Paoli Police Department,OK,594
OK0250200,Pauls Valley Police Department,OK,6130
OK0570400,Pawhuska Police Department,OK,2909
OKDI05300,Pawnee Agency,OK,0
OK0590000,Pawnee County Sheriff's Office,OK,10651
OK0590200,Pawnee Police Department,OK,1980
OK0591200,Pawnee Tribal,OK,0
OK0600000,Payne County Sheriff's Office,OK,21198
OK0600600,Perkins Police Department,OK,3311
OK0520100,Perry Police Department,OK,4438
OK0090600,Piedmont Police Department,OK,9546
OK0610000,Pittsburg County Sheriff's Office,OK,18441
OK0402300,Pocola Police Department,OK,4671
OK0360300,Ponca City Police Department,OK,24200
OK0362000,Ponca Tribal,OK,0
OK0270900,Pond Creek Police Department,OK,893
OK0620000,Pontotoc County Sheriff's Office,OK,20635
OK0511200,Porum Police Department,OK,613
OK0400100,Poteau Police Department,OK,9185
OK0630000,Pottawatomie County Sheriff's Office,OK,30285
OK0410200,Prague Police Department,OK,2425
OK0490200,Pryor Creek Police Department,OK,9764
OK0440200,Purcell Police Department,OK,7012
OK0640000,Pushmataha County Sheriff's Office,OK,7773
OK0552200,Putnam City Campus,OK,0
OKDI00800,Quapaw Tribal,OK,0
OK0612000,Quinton Police Department,OK,844
OK0740600,Ramona Police Department,OK,553
OK0101400,Ratliff City Police Department,OK,65
OK0641700,Rattan Police Department,OK,280
OK0390800,Red Oak Police Department,OK,528
OK0340800,Ringling Police Department,OK,877
OK0650000,Roger Mills County Sheriff's Office,OK,3269
OK0660000,Rogers County Sheriff's Office,OK,59594
OK0661300,Rogers State University,OK,0
OK0681400,Roland Police Department,OK,4196
OK0261300,Rush Springs Police Department,OK,1031
OK0411800,Sac and Fox Tribal,OK,0
OK0491500,Salina Police Department,OK,1110
OK0680100,Sallisaw Police Department,OK,8752
OK0682100,Sallisaw Public Schools,OK,0
OK0720300,Sand Springs Police Department,OK,20427
OK0190300,Sapulpa Police Department,OK,23636
OK0612100,Savanna Police Department,OK,613
OK0121500,Sawyer Police Department,OK,337
OK0050300,Sayre Police Department,OK,4851
OK0050900,Sayre Public Schools,OK,0
OK0221100,Seiling Police Department,OK,800
OK0670000,Seminole County Sheriff's Office,OK,11432
OKDI06200,Seminole Nation Lighthorse,OK,0
OK0670200,Seminole Police Department,OK,7299
OK0671300,Seminole State College,OK,0
OK0680000,Sequoyah County Sheriff's Office,OK,21668
OK0402600,Shady Point Police Department,OK,1006
OK0230700,Shattuck Police Department,OK,1178
OK0630100,Shawnee Police Department,OK,32290
OK0720400,Skiatook Police Department,OK,8987
OK0381100,Snyder Police Department,OK,1219
OK0530800,South Coffeyville Police Department,OK,697
OK0072600,Southeastern Oklahoma State University,OK,0
OK055529E,Southern Nazarene University,OK,0
OK0200900,Southwestern Oklahoma State University,OK,0
OK0411400,Sparks Police Department,OK,125
OK0491700,Spavinaw Police Department,OK,359
OK0551500,Spencer Police Department,OK,3859
OK0721100,Sperry Police Department,OK,1253
OK0402700,Spiro Police Department,OK,2218
OKOBI0000,State Bureau of Investigation,OK,0
OK0552300,State Park Rangers,OK,0
OK0690000,Stephens County Sheriff's Office,OK,14504
OK0161400,Sterling Police Department,OK,667
OK0310100,Stigler Police Department,OK,2807
OK0600200,Stillwater Police Department,OK,50585
OK0010100,Stilwell Police Department,OK,3893
OK0621400,Stonewall Police Department,OK,418
OK0251300,Stratford Police Department,OK,1434
OK0030800,Stringtown Police Department,OK,437
OK0410300,Stroud Police Department,OK,2896
OK0500100,Sulphur Police Department,OK,4822
OK0110100,Tahlequah Police Department,OK,17540
OK0660900,Talala Police Department,OK,268
OK0400200,Talihina Police Department,OK,936
OK0630200,Tecumseh Police Department,OK,6385
OK0700000,Texas County Sheriff's Office,OK,3893
OK0701000,Texhoma Police Department,OK,829
OK0430800,Thackerville Police Department,OK,415
OK0550700,The Village Police Department,OK,9281
OK0200800,Thomas Police Department,OK,1135
OK0710000,Tillman County Sheriff's Office,OK,1647
OK0710700,Tipton Police Department,OK,825
OK0350100,Tishomingo Police Department,OK,3079
OK0360400,Tonkawa Police Department,OK,2980
OK0361900,Tonkawa Tribal,OK,0
OK0411500,Tryon Police Department,OK,399
OK0721200,Tulsa Community College,OK,0
OK072013J,Tulsa County Court Services,OK,0
OK0720000,Tulsa County Sheriff's Office,OK,38040
OK0721500,Tulsa International Airport,OK,0
OK0720500,Tulsa Police Department,OK,415528
OK0150800,Tupelo Police Department,OK,334
OK0030900,Tushka Police Department,OK,431
OK0261500,Tuttle Police Department,OK,8900
OK0701100,Tyrone Police Department,OK,737
OK0090800,Union City Police Department,OK,2149
OK0551700,University of Central Oklahoma,OK,0
OK0551800,University of Oklahoma: Health Sciences Center,OK,0
OK0140500,University of Oklahoma: Norman,OK,0
OK0722400,University of Oklahoma: Tulsa,OK,0
OK0552100,Valley Brook Police Department,OK,639
OK0451600,Valliant Police Department,OK,801
OK0691100,Velma Police Department,OK,578
OK0691200,Velma-Alma Public Schools,OK,0
OK0261600,Verden Police Department,OK,517
OK0661500,Verdigris Police Department,OK,5883
OK0681600,Vian Police Department,OK,1388
OK0221400,Vici Police Department,OK,576
OK007270X,Victory Life,OK,0
OK0180100,Vinita Police Department,OK,5423
OK0730000,Wagoner County Sheriff's Office,OK,48178
OK0730100,Wagoner Police Department,OK,8580
OK0170100,Walters Police Department,OK,2377
OK0511600,Warner Police Department,OK,1610
OK0550800,Warr Acres Police Department,OK,10459
OK0740000,Washington County Sheriff's Office,OK,11744
OK0441100,Washington Police Department,OK,783
OK0750000,Washita County Sheriff's Office,OK,6161
OK0060100,Watonga Police Department,OK,2601
OK0011000,Watts Police Department,OK,279
OK0241700,Waukomis Police Department,OK,1321
OK0341200,Waurika Police Department,OK,1844
OK0760200,Waynoka Police Department,OK,700
OK0200200,Weatherford Police Department,OK,12044
OK0511700,Webbers Falls Police Department,OK,342
OK0540200,Weleetka Police Department,OK,806
OK0411700,Wellston Police Department,OK,718
OK0211600,West Siloam Springs Police Department,OK,1077
OK0010200,Westville Police Department,OK,1423
OK0320200,Wetumka Police Department,OK,1127
OK0670300,Wewoka Police Department,OK,3027
OK0390100,Wilburton Police Department,OK,2278
OK0101700,Wilson Police Department,OK,1455
OK0403100,Wister Police Department,OK,1068
OK0760000,Woods County Sheriff's Office,OK,2910
OK0770000,Woodward County Sheriff's Office,OK,7063
OK0770100,Woodward Police Department,OK,11668
OK0451800,Wright City Police Department,OK,600
OK0581400,Wyandotte Nation,OK,0
OK0581200,Wyandotte Police Department,OK,497
OK0250300,Wynnewood Police Department,OK,1948
OK0251600,Wynnewood Public Schools,OK,0
OK0572300,Wynona Police Department,OK,387
OK0600300,Yale Police Department,OK,1079
OK0090200,Yukon Police Department,OK,27954
OR0220100,Albany Police Department,OR,57315
ORAMX019E,Amtrak Police,OR,0
OR0150100,Ashland Police Department,OR,20832
OR0040100,Astoria Police Department,OR,9837
OR0241200,Aumsville Police Department,OR,4207
OR026209E,BNSF Railway Police,OR,0
OR0010100,Baker City Police Department,OR,10135
OR0010000,Baker County Sheriff's Office,OR,6595
OR0060100,Bandon Police Department,OR,3305
OR0340900,Banks Police Department,OR,1829
OR0340100,Beaverton Police Department,OR,98494
OR0090100,Bend Police Department,OR,108819
OR0020000,Benton County Sheriff's Office,OR,21811
OR0090400,Black Butte Police Department,OR,0
OR0250400,Boardman Police Department,OR,4481
OR0080100,Brookings Police Department,OR,6428
OR0130300,Burns Paiute Tribal,OR,0
OR0130100,Burns Police Department,OR,2678
OR0151000,Butte Falls Police Department,OR,431
OR0030100,Canby Police Department,OR,17979
OR0040500,Cannon Beach Police Department,OR,1499
OR0360500,Carlton Police Department,OR,2282
OR0150200,Central Point Police Department,OR,19136
OR0030000,Clackamas County Sheriff's Office,OR,245076
OR0040000,Clatsop County Sheriff's Office,OR,14304
OR0200700,Coburg Police Department,OR,1357
OR0050600,Columbia City Police Department,OR,1948
OR0050000,Columbia County Sheriff's Office,OR,25046
ORDI06000,Columbia River Inter-Tribal Fisheries Enforcement,OR,0
OR0060200,Coos Bay Police Department,OR,15755
OR0060000,Coos County Sheriff's Office,OR,27893
ORDI01300,"Coos, Lower Umpqua, and Siuslaw Tribal",OR,0
OR0060300,Coquille Police Department,OR,3963
OR0061000,Coquille Tribal,OR,0
OR0340700,Cornelius Police Department,OR,16087
OR0020100,Corvallis Police Department,OR,62971
OR0200100,Cottage Grove Police Department,OR,10702
ORDI01500,Cow Creek Tribal,OR,0
OR0070000,Crook County Sheriff's Office,OR,15743
OR0080000,Curry County Sheriff's Office,OR,12773
OR0270100,Dallas Police Department,OR,18147
OR0090000,Deschutes County Sheriff's Office,OR,64843
OR0100000,Douglas County Sheriff's Office,OR,66327
OR0150700,Eagle Point Police Department,OR,9835
OR0320100,Enterprise Police Department,OR,2092
OR0200200,Eugene Police Department,OR,178886
OR0200300,Florence Police Department,OR,9511
OR0340200,Forest Grove Police Department,OR,27331
OR0340500,Gaston Police Department,OR,675
OR0040200,Gearhart Police Department,OR,1887
OR0240600,Gervais Police Department,OR,2564
OR0110000,Gilliam County Sheriff's Office,OR,1957
OR0030300,Gladstone Police Department,OR,11861
OR0080200,Gold Beach Police Department,OR,2253
ORDI01400,Grand Ronde Tribal,OR,0
OR0120000,Grant County Sheriff's Office,OR,7048
OR0170100,Grants Pass Police Department,OR,39525
OR0260100,Gresham Police Department,OR,110776
OR0130000,Harney County Sheriff's Office,OR,3074
OR0300100,Hermiston Police Department,OR,19818
OR0340300,Hillsboro Police Department,OR,111167
OR0341600,Hillsboro School District,OR,0
OR0130200,Hines Police Department,OR,1614
OR0140000,Hood River County Sheriff's Office,OR,15337
OR0140200,Hood River Police Department,OR,8358
OR0240700,Hubbard Police Department,OR,3394
OR0270200,Independence Police Department,OR,10370
OR0150000,Jackson County Sheriff's Office,OR,67727
OR0150300,Jacksonville Police Department,OR,2925
OR0160000,Jefferson County Sheriff's Office,OR,17908
OR0170000,Josephine County Sheriff's Office,OR,48632
OR0200400,Junction City Police Department,OR,7398
OR0241700,Keizer Police Department,OR,39110
OR0341100,King City Police Department,OR,4960
OR0180000,Klamath County Sheriff's Office,OR,46682
OR0180100,Klamath Falls Police Department,OR,22242
OR0310100,La Grande Police Department,OR,13071
OR0190000,Lake County Sheriff's Office,OR,8188
OR0030400,Lake Oswego Police Department,OR,39817
OR0200000,Lane County Sheriff's Office,OR,109362
OR0220300,Lebanon Police Department,OR,20319
OR0210100,Lincoln City Police Department,OR,10082
OR0210000,Lincoln County Sheriff's Office,OR,26752
OR0220000,Linn County Sheriff's Office,OR,54600
OR001070X,Liquor Commission: Baker County,OR,0
OR002050X,Liquor Commission: Benton County,OR,0
OR0031300,Liquor Commission: Clackamas County,OR,0
OR004070X,Liquor Commission: Clatsop County,OR,0
OR005070X,Liquor Commission: Columbia County,OR,0
OR006090X,Liquor Commission: Coos County,OR,0
OR007020X,Liquor Commission: Crook County,OR,0
OR008040X,Liquor Commission: Curry County,OR,0
OR0090600,Liquor Commission: Deschutes County,OR,0
OR010120X,Liquor Commission: Douglas County,OR,0
OR011030X,Liquor Commission: Gilliam County,OR,0
OR012060X,Liquor Commission: Grant County,OR,0
OR013040X,Liquor Commission: Harney County,OR,0
OR0LCC100,Liquor Commission: Headquarters,OR,0
OR014030X,Liquor Commission: Hood River County,OR,0
OR015120X,Liquor Commission: Jackson County,OR,0
OR016060X,Liquor Commission: Jefferson County,OR,0
OR017030X,Liquor Commission: Josephine County,OR,0
OR018060X,Liquor Commission: Klamath County,OR,0
OR019020X,Liquor Commission: Lake County,OR,0
OR020110X,Liquor Commission: Lane County,OR,0
OR021050X,Liquor Commission: Lincoln County,OR,0
OR022080X,Liquor Commission: Linn County,OR,0
OR023050X,Liquor Commission: Malheur County,OR,0
OR024160X,Liquor Commission: Marion County,OR,0
OR025050X,Liquor Commission: Morrow County,OR,0
OR026140X,Liquor Commission: Multnomah County,OR,0
OR027050X,Liquor Commission: Polk County,OR,0
OR028040X,Liquor Commission: Sherman County,OR,0
OR029070X,Liquor Commission: Tillamook County,OR,0
OR030110X,Liquor Commission: Umatilla County,OR,0
OR031050X,Liquor Commission: Union County,OR,0
OR032040X,Liquor Commission: Wallowa County,OR,0
OR033050X,Liquor Commission: Wasco County,OR,0
OR034130X,Liquor Commission: Washington County,OR,0
OR035030X,Liquor Commission: Wheeler County,OR,0
OR036110X,Liquor Commission: Yamhill County,OR,0
OR0160200,Madras Police Department,OR,7835
OR0230000,Malheur County Sheriff's Office,OR,17148
OR0180500,Malin Police Department,OR,742
OR0290500,Manzanita Police Department,OR,647
OR0240000,Marion County Sheriff's Office,OR,97343
OR0360100,McMinnville Police Department,OR,35508
OR0150400,Medford Police Department,OR,86298
OR0180300,Merrill Police Department,OR,870
OR0300200,Milton-Freewater Police Department,OR,6988
OR0030500,Milwaukie Police Department,OR,21734
OR0030600,Molalla Police Department,OR,10110
OR0270300,Monmouth Police Department,OR,11782
OR0250000,Morrow County Sheriff's Office,OR,7896
OR0240800,Mount Angel Police Department,OR,3451
OR0260000,Multnomah County Sheriff's Office,OR,47460
OR0100200,Myrtle Creek Police Department,OR,3502
OR0060500,Myrtle Point Police Department,OR,2467
OR0360200,Newberg-Dundee Police Department,OR,27558
OR0210200,Newport Police Department,OR,10973
OR0060600,North Bend Police Department,OR,9984
OR0340800,North Plains Police Department,OR,3419
OR0230100,Nyssa Police Department,OR,3284
OR0200500,Oakridge Police Department,OR,3145
OR0230200,Ontario Police Department,OR,12005
OR0030700,Oregon City Police Department,OR,38468
OR0020400,Oregon State University,OR,0
OR0300300,Pendleton Police Department,OR,17031
OR0020200,Philomath Police Department,OR,5915
OR0150500,Phoenix Police Department,OR,4594
OR0300700,Pilot Rock Police Department,OR,1308
OR0270000,Polk County Sheriff's Office,OR,20126
OR0080300,Port Orford Police Department,OR,1105
OR0260300,Port of Portland,OR,0
OR0260200,Portland Police Department,OR,631483
OR0261800,Portland State University,OR,0
OR0060700,Powers Police Department,OR,702
OR0070100,Prineville Police Department,OR,12189
OR0050200,Rainier Police Department,OR,1938
OR0090200,Redmond Police Department,OR,38660
OR0100300,Reedsport Police Department,OR,4296
OR0150900,Rogue River Police Department,OR,2318
OR0100500,Roseburg Police Department,OR,23827
OR0240200,Salem Police Department,OR,181534
OR0030800,Sandy Police Department,OR,13074
OR0050400,Scappoose Police Department,OR,8349
OR0040300,Seaside Police Department,OR,7094
OR0280000,Sherman County Sheriff's Office,OR,2033
OR0340600,Sherwood Police Department,OR,20439
ORDI00400,Siletz Tribal,OR,0
OR0240300,Silverton Police Department,OR,10367
OR0200600,Springfield Police Department,OR,61013
OR0050300,St. Helens Police Department,OR,14602
OR0300800,Stanfield Police Department,OR,2111
OR001SP00,State Police: Baker County,OR,0
OR002SP00,State Police: Benton County,OR,0
OR003SP00,State Police: Clackamas County,OR,0
OR004SP00,State Police: Clatsop County,OR,0
OR005SP00,State Police: Columbia County,OR,0
OR006SP00,State Police: Coos County,OR,0
OR007SP00,State Police: Crook County,OR,0
OR008SP00,State Police: Curry County,OR,0
OR009SP00,State Police: Deschutes County,OR,0
OR010SP00,State Police: Douglas County,OR,0
OR011SP00,State Police: Gilliam County,OR,0
OR012SP00,State Police: Grant County,OR,0
OR013SP00,State Police: Harney County,OR,0
OR014SP00,State Police: Hood River County,OR,0
OR015SP00,State Police: Jackson County,OR,0
OR016SP00,State Police: Jefferson County,OR,0
OR017SP00,State Police: Josephine County,OR,0
OR018SP00,State Police: Klamath County,OR,0
OR019SP00,State Police: Lake County,OR,0
OR020SP00,State Police: Lane County,OR,0
OR021SP00,State Police: Lincoln County,OR,0
OR022SP00,State Police: Linn County,OR,0
OR023SP00,State Police: Malheur County,OR,0
OR024SP00,State Police: Marion County,OR,0
OR025SP00,State Police: Morrow County,OR,0
OR026SP00,State Police: Multnomah County,OR,0
OR027SP00,State Police: Polk County,OR,0
OR028SP00,State Police: Sherman County,OR,0
OR029SP00,State Police: Tillamook County,OR,0
OR030SP00,State Police: Umatilla County,OR,0
OR031SP00,State Police: Union County,OR,0
OR032SP00,State Police: Wallowa County,OR,0
OR033SP00,State Police: Wasco County,OR,0
OR034SP00,State Police: Washington County,OR,0
OR035SP00,State Police: Wheeler County,OR,0
OR036SP00,State Police: Yamhill County,OR,0
OR0240400,Stayton Police Department,OR,8594
OR0090500,Sunriver Police Department,OR,2028
OR0100600,Sutherlin Police Department,OR,8673
OR0220400,Sweet Home Police Department,OR,10370
OR0150600,Talent Police Department,OR,6306
OR0330100,The Dalles Police Department,OR,15860
OR0340400,Tigard Police Department,OR,57885
OR0290000,Tillamook County Sheriff's Office,OR,21386
OR0290400,Tillamook Police Department,OR,5142
OR0210300,Toledo Police Department,OR,3505
OR0341200,Tualatin Police Department,OR,28076
OR0241000,Turner Police Department,OR,2405
OR0300000,Umatilla County Sheriff's Office,OR,25197
OR0300400,Umatilla Police Department,OR,8068
OR0301200,Umatilla Tribal,OR,0
OR0310000,Union County Sheriff's Office,OR,12921
OR026179E,Union Pacific Railroad: Portland,OR,0
OR0201300,University of Oregon,OR,0
OR0050500,Vernonia Police Department,OR,2440
OR0320000,Wallowa County Sheriff's Office,OR,5451
ORDI05000,Warm Springs Tribal,OR,0
OR0040400,Warrenton Police Department,OR,6334
OR0330000,Wasco County Sheriff's Office,OR,10582
OR0340000,Washington County Sheriff's Office,OR,244106
OR0030900,West Linn Police Department,OR,26407
OR0350000,Wheeler County Sheriff's Office,OR,1453
OR0100700,Winston Police Department,OR,5704
OR0240500,Woodburn Police Department,OR,31663
OR0360000,Yamhill County Sheriff's Office,OR,44950
OR0360800,Yamhill Police Department,OR,1219
PA0460100,"Abington Township Police Department, Montgomery County",PA,59217
PADTF010X,Adams County Drug Task Force,PA,0
PA0010000,Adams County Sheriff's Office,PA,0
PA0103300,"Adams Township Police Department, Butler County",PA,15926
PA0115200,"Adams Township Police Department, Cambria County",PA,5594
PA0391400,Alburtis Police Department,PA,2634
PA0234000,Aldan Police Department,PA,4283
PA0040100,Aliquippa Police Department,PA,8949
PA020239E,Allegheny College,PA,0
PA002A500,Allegheny County Community College,PA,0
PADAA020X,Allegheny County District Attorney: Investigation Division,PA,0
PA0021J00,Allegheny County Housing Authority,PA,0
PA0022800,Allegheny County Police Department,PA,0
PA0022D00,Allegheny County Port Authority,PA,0
PA0020000,Allegheny County Sheriff's Office,PA,0
PA0070700,"Allegheny Township Police Department, Blair County",PA,6579
PA0652800,"Allegheny Township Police Department, Westmoreland County",PA,9402
PA0021U00,Allegheny Valley Regional Police Department,PA,4479
PA0390100,Allentown Police Department,PA,127494
PA0070100,Altoona Police Department,PA,42434
PA0072100,Altoona School District,PA,0
PA0460200,Ambler Police Department,PA,6923
PA0040200,Ambridge Police Department,PA,6870
PA0065000,Amity Township Police Department,PA,13620
PA0030100,Apollo Police Department,PA,1538
PA0350500,Archbald Police Department,PA,7560
PA0440600,Armagh Township Police Department,PA,4062
PA0651400,Arnold Police Department,PA,4631
PA0541200,Ashland Police Department,PA,2503
PA0401500,Ashley Police Department,PA,2643
PA0024800,Aspinwall Police Department,PA,2777
PA0230100,Aston Township Police Department,PA,16850
PA0080100,Athens Police Department,PA,3217
PA0080800,Athens Township Police Department,PA,5098
PA0022900,Avalon Police Department,PA,6376
PA0401600,Avoca Police Department,PA,2567
PA0652900,Avonmore Borough Police Department,PA,879
PA0020100,Baldwin Borough Police Department,PA,20523
PA0020A00,Baldwin Township Police Department,PA,1905
PA0063000,Bally Police Department,PA,1238
PA0480100,Bangor Police Department,PA,5167
PA0408100,Bear Creek Charter School District,PA,0
PA0040000,Beaver County Sheriff's Office,PA,0
PA0040500,Beaver Falls Police Department,PA,11683
PA0131200,Beaver Meadows Police Department,PA,896
PA0040400,Beaver Police Department,PA,7344
PA0046400,Beaver Valley Regional Police Department,PA,10057
PA0050000,Bedford County Sheriff's Office,PA,0
PA0050100,Bedford Police Department,PA,2836
PA0095300,Bedminster Township Police Department,PA,7511
PA0024900,Bell Acres Police Department,PA,1459
PA0140100,Bellefonte Police Department,PA,5968
PA0020200,Bellevue Police Department,PA,7922
PA0070500,Bellwood Police Department,PA,1752
PA0012100,Bendersville Police Department,PA,766
PA0090100,Bensalem Township Police Department,PA,63183
PA0631000,Bentleyville Police Department,PA,2328
PA0193300,Benton Area School District,PA,0
PA0190100,Benton Police Department,PA,825
PA0060000,Berks County Sheriff's Office,PA,0
PA0560400,Berlin Police Department,PA,1935
PA0063100,Bern Township Police Department,PA,6819
PA0063200,Bernville Police Department,PA,917
PA0190200,Berwick Police Department,PA,10332
PA0012700,Berwick Township Police Department,PA,2486
PA0370400,Bessemer Police Department,PA,1036
PA0020300,Bethel Park Police Department,PA,32097
PA002B700,Bethel Park School District,PA,0
PA0064200,"Bethel Township Police Department, Berks County",PA,4186
PA0230200,"Bethel Township Police Department, Delaware County",PA,9841
PA0480300,Bethlehem Police Department,PA,80424
PA0481200,Bethlehem Township Police Department,PA,26938
PA0213900,Big Spring School District,PA,0
PA0011500,Biglerville Police Department,PA,1264
PA0060100,Birdsboro Police Department,PA,5178
PA0152000,Birmingham Township Police Department,PA,4147
PA0111900,Blacklick Township Police Department,PA,1855
PA0070000,Blair County Sheriff's Office,PA,0
PA0071500,Blair Township Police Department,PA,4654
PA0320100,Blairsville Police Department,PA,3210
PA0350600,Blakely Police Department,PA,6662
PA0193500,Bloomsburg Area School District,PA,0
PA0190300,Bloomsburg Town Police Department,PA,13437
PA0190900,Bloomsburg University,PA,0
PA0590300,Blossburg Police Department,PA,1503
PA0582200,Blue Ridge School District,PA,0
PA0544900,Blythe Township Police Department,PA,1894
PA0011600,Bonneauville Police Department,PA,1818
PA0560500,Boswell Police Department,PA,1191
PA0080000,Bradford County Sheriff's Office,PA,0
PA0420100,Bradford Police Department,PA,7465
PA0420400,Bradford Township Police Department,PA,4613
PA0544700,Branch Township Police Department,PA,1769
PA0064300,"Brecknock Township Police Department, Berks County",PA,4680
PA002A400,Brentwood Borough School District,PA,0
PA0020400,Brentwood Police Department,PA,9613
PA0190500,Briar Creek Township Police Department,PA,5154
PA0460300,Bridgeport Police Department,PA,5502
PA0025600,Bridgeville Police Department,PA,4578
PA0043200,Bridgewater Police Department,PA,732
PA0040900,Brighton Township Police Department,PA,8769
PA0090200,Bristol Police Department,PA,10014
PA0090300,Bristol Township Police Department,PA,54120
PA0330100,Brockway Police Department,PA,2213
PA0230300,Brookhaven Police Department,PA,8435
PA0330200,Brookville Police Department,PA,3876
PA0260100,Brownsville Police Department,PA,2080
PA0460400,Bryn Athyn Police Department,PA,1325
PA0094700,Buckingham Township Police Department,PA,20842
PAUNI600X,Bucknell University,PA,0
PA0095400,Bucks County Park Police,PA,0
PA0090000,Bucks County Sheriff's Office,PA,0
PA0101800,Buffalo Township Police Department,PA,8249
PA0601100,Buffalo Valley Regional Police Department,PA,12761
PA001BF0X,Bureau of Forestry: Adams County,PA,0
PA002BF0X,Bureau of Forestry: Allegheny County,PA,0
PA003BF0X,Bureau of Forestry: Armstrong County,PA,0
PA004BF0X,Bureau of Forestry: Beaver County,PA,0
PA005BF0X,Bureau of Forestry: Bedford County,PA,0
PA006BF0X,Bureau of Forestry: Berks County,PA,0
PA007BF0X,Bureau of Forestry: Blair County,PA,0
PA008BF0X,Bureau of Forestry: Bradford County,PA,0
PA009BF0X,Bureau of Forestry: Bucks County,PA,0
PA010BF0X,Bureau of Forestry: Butler County,PA,0
PA011BF0X,Bureau of Forestry: Cambria County,PA,0
PA012BF0X,Bureau of Forestry: Cameron County,PA,0
PA013BF0X,Bureau of Forestry: Carbon County,PA,0
PA014BF0X,Bureau of Forestry: Centre County,PA,0
PA015BF0X,Bureau of Forestry: Chester County,PA,0
PA016BF0X,Bureau of Forestry: Clarion County,PA,0
PA017BF0X,Bureau of Forestry: Clearfield County,PA,0
PA018BF0X,Bureau of Forestry: Clinton County,PA,0
PA019BF0X,Bureau of Forestry: Columbia County,PA,0
PA020BF0X,Bureau of Forestry: Crawford County,PA,0
PA021BF0X,Bureau of Forestry: Cumberland County,PA,0
PA022BF0X,Bureau of Forestry: Dauphin County,PA,0
PA023BF0X,Bureau of Forestry: Delaware County,PA,0
PA024BF0X,Bureau of Forestry: Elk County,PA,0
PA025BF0X,Bureau of Forestry: Erie County,PA,0
PA026BF0X,Bureau of Forestry: Fayette County,PA,0
PA0224200,"Bureau of Forestry: Fire Protection Division, Harrisburg",PA,0
PA027BF0X,Bureau of Forestry: Forest County,PA,0
PA028BF0X,Bureau of Forestry: Franklin County,PA,0
PA029BF0X,Bureau of Forestry: Fulton County,PA,0
PA030BF0X,Bureau of Forestry: Greene County,PA,0
PA031BF0X,Bureau of Forestry: Huntingdon County,PA,0
PA032BF0X,Bureau of Forestry: Indiana County,PA,0
PA033BF0X,Bureau of Forestry: Jefferson County,PA,0
PA034BF0X,Bureau of Forestry: Juniata County,PA,0
PA035BF0X,Bureau of Forestry: Lackawanna County,PA,0
PA036BF0X,Bureau of Forestry: Lancaster County,PA,0
PA037BF0X,Bureau of Forestry: Lawrence County,PA,0
PA038BF0X,Bureau of Forestry: Lebanon County,PA,0
PA039BF0X,Bureau of Forestry: Lehigh County,PA,0
PA040BF0X,Bureau of Forestry: Luzerne County,PA,0
PA041BF0X,Bureau of Forestry: Lycoming County,PA,0
PA042BF0X,Bureau of Forestry: McKean County,PA,0
PA043BF0X,Bureau of Forestry: Mercer County,PA,0
PA044BF0X,Bureau of Forestry: Mifflin County,PA,0
PA045BF0X,Bureau of Forestry: Monroe County,PA,0
PA046BF0X,Bureau of Forestry: Montgomery,PA,0
PA047BF0X,Bureau of Forestry: Montour County,PA,0
PA048BF0X,Bureau of Forestry: Northampton County,PA,0
PA049BF0X,Bureau of Forestry: Northumberland County,PA,0
PA050BF0X,Bureau of Forestry: Perry County,PA,0
PA051BF0X,Bureau of Forestry: Philadelphia County,PA,0
PA052BF0X,Bureau of Forestry: Pike County,PA,0
PA053BF0X,Bureau of Forestry: Potter County,PA,0
PA054BF0X,Bureau of Forestry: Schuylkill County,PA,0
PA055BF0X,Bureau of Forestry: Snyder County,PA,0
PA056BF0X,Bureau of Forestry: Somerset County,PA,0
PA057BF0X,Bureau of Forestry: Sullivan County,PA,0
PA058BF0X,Bureau of Forestry: Susquehanna County,PA,0
PA059BF0X,Bureau of Forestry: Tioga County,PA,0
PA060BF0X,Bureau of Forestry: Union County,PA,0
PA061BF0X,Bureau of Forestry: Venango County,PA,0
PA062BF0X,Bureau of Forestry: Warren County,PA,0
PA063BF0X,Bureau of Forestry: Washington County,PA,0
PA064BF0X,Bureau of Forestry: Wayne County,PA,0
PA065BF0X,Bureau of Forestry: Westmoreland County,PA,0
PA066BF0X,Bureau of Forestry: Wyoming County,PA,0
PA067BF0X,Bureau of Forestry: York County,PA,0
PA0481300,Bushkill Township Police Department,PA,8769
PA0103700,Butler County Community College,PA,0
PA0100000,Butler County Sheriff's Office,PA,0
PA0100100,Butler Police Department,PA,12894
PA0100200,"Butler Township Police Department, Butler County",PA,16886
PA0405600,"Butler Township Police Department, Luzerne County",PA,10306
PA0543100,"Butler Township Police Department, Schuylkill County",PA,5855
PA0062400,"Caernarvon Township Police Department, Berks County",PA,4651
PA0630700,California Police Department,PA,4570
PA0634400,California University,PA,0
PA0102300,Callery Police Department,PA,343
PA0151700,Caln Township Police Department,PA,15405
PA0110000,Cambria  County Sheriff's Office,PA,0
PA0115100,Cambria County District Attorney's Office,PA,0
PA0112000,Cambria Township Police Department,PA,5705
PA0200300,Cambridge Springs Police Department,PA,2276
PA0210100,Camp Hill Police Department,PA,8260
PA035389E,Canadian Pacific Railway,PA,0
PA0630100,Canonsburg Police Department,PA,10710
PA0080200,Canton Police Department,PA,1708
PA0130000,Carbon County Sheriff's Office,PA,0
PA0350100,Carbondale Police Department,PA,11872
PA0353500,Carbondale Township Police Department,PA,1155
PA0210200,Carlisle Police Department,PA,23168
PA0029D9E,Carlow University,PA,0
PA0022F9E,Carnegie Mellon University,PA,0
PA0020500,Carnegie Police Department,PA,7791
PA0631400,"Carroll Township Police Department, Washington County",PA,5280
PA0674600,"Carroll Township Police Department, York County",PA,10040
PA0012300,Carroll Valley Police Department,PA,4626
PA0112100,Carrolltown Police Department,PA,2146
PA0025700,Castle Shannon Police Department,PA,8047
PA0390200,Catasauqua Police Department,PA,6654
PA0190400,Catawissa Police Department,PA,1537
PA0631500,Cecil Township Police Department,PA,15236
PA0041800,Center Township Police Department,PA,12318
PA0631600,Centerville Police Department,PA,5453
PA0063500,Central Berks Regional Police Department,PA,14115
PA0096300,Central Bucks Regional Police Department,PA,15667
PA0560600,Central City Police Department,PA,961
PA0193200,Central Columbia School District,PA,0
PA0224800,Central Dauphin School District,PA,0
PA0140000,Centre County Sheriff's Office,PA,0
PA0280100,Chambersburg Police Department,PA,23343
PA0636000,Charelroi Regional Police Department,PA,6689
PA0631700,Chartiers Township Police Department,PA,9379
PA0022H9E,Chatham University,PA,0
PA0460500,Cheltenham Township Police Department,PA,39204
PA0320500,Cherry Tree Police Department,PA,272
PA0150000,Chester County Sheriff's Office,PA,0
PA0235900,Chester Housing Authority,PA,0
PA0230400,Chester Police Department,PA,34402
PA0234200,Chester Township Police Department,PA,4084
PA0235000,Cheyney University,PA,0
PA0041900,Chippewa Township Police Department,PA,8083
PA0361800,Christiana Police Department,PA,1098
PA0026000,Churchill Police Department,PA,3007
PA0020600,Clairton Police Department,PA,5890
PA0160000,Clarion County Sheriff's Office,PA,0
PA0160100,Clarion Police Department,PA,4205
PA0160700,Clarion University,PA,0
PA0350700,Clarks Summit Police Department,PA,6614
PA0172300,Clearfield Regional Police Department,PA,13037
PA0381400,Cleona Police Department,PA,4350
PA0230500,Clifton Heights Police Department,PA,6889
PA0320400,Clymer Police Department,PA,1721
PA0490600,Coal Township Police Department,PA,9554
PA0150100,Coatesville Police Department,PA,13405
PA0200500,Cochranton Police Department,PA,1094
PA0460600,Collegeville Police Department,PA,5378
PA0020B00,Collier Township Police Department,PA,9032
PA0230600,Collingdale Police Department,PA,8972
PA0480200,Colonial Regional Police Department,PA,18908
PA0360100,Columbia Police Department,PA,10448
PA0230700,Colwyn Police Department,PA,2486
PA0110200,"Conemaugh Township Police Department, Cambria County",PA,1878
PA0560700,"Conemaugh Township Police Department, Somerset County",PA,6552
PA0010300,"Conewago Township Police Department, Adams County",PA,8139
PA0620200,Conewango Township Police Department,PA,3301
PA0201800,Conneaut Lake Regional Police Department,PA,5533
PA0260200,Connellsville Police Department,PA,8426
PA0460700,Conshohocken Police Department,PA,9363
PA0402900,Conyngham Police Department,PA,1842
PA0390300,Coopersburg Police Department,PA,2553
PA0390900,Coplay Police Department,PA,3611
PA0020700,Coraopolis Police Department,PA,5290
PA0380900,Cornwall Police Department,PA,6905
PA0250100,Corry Police Department,PA,6031
PA0530100,Coudersport Police Department,PA,2293
PAPDH020X,County Detective: Adams County,PA,0
PA0040300,County Detective: Beaver County,PA,0
PA0064900,County Detective: Berks County,PA,0
PA0094800,County Detective: Bucks County,PA,0
PA0101700,County Detective: Butler County,PA,0
PA0154500,County Detective: Chester County,PA,0
PA0160600,County Detective: Clarion County,PA,0
PA0222600,County Detective: Dauphin County,PA,0
PA0251600,County Detective: Erie County,PA,0
PA0262100,County Detective: Fayette County,PA,0
PA0300300,County Detective: Greene County,PA,0
PA0320900,County Detective: Indiana County,PA,0
PA0352800,County Detective: Lackawanna County,PA,0
PA0371200,County Detective: Lawrence County,PA,0
PA0382100,County Detective: Lebanon County,PA,0
PA0405500,County Detective: Luzerne County,PA,0
PA0421100,County Detective: McKean County,PA,0
PA0431700,County Detective: Mercer County,PA,0
PADAA440X,County Detective: Mifflin County,PA,0
PA0451000,County Detective: Monroe County,PA,0
PA0465200,County Detective: Montgomery County,PA,0
PA0470300,County Detective: Montour County,PA,0
PA0483000,County Detective: Northampton County,PA,0
PA0520300,County Detective: Pike County,PA,0
PA0543500,County Detective: Schuylkill County,PA,0
PA0590800,County Detective: Tioga County,PA,0
PA0620700,County Detective: Warren County,PA,0
PA0640500,County Detective: Wayne County,PA,0
PA0654400,County Detective: Westmoreland County,PA,0
PA0660500,County Detective: Wyoming County,PA,0
PA0674500,County Detective: York County,PA,0
PA0406100,Courtdale Police Department,PA,706
PA0353300,Covington Township Police Department,PA,2271
PA0026100,Crafton Police Department,PA,6253
PA0101200,Cranberry Township Police Department,PA,35475
PA0021H00,Crescent Township Police Department,PA,2373
PA0110700,Cresson Police Department,PA,1470
PA0112300,Cresson Township Police Department,PA,2814
PA0408000,Crestwood School District,PA,0
PA0115300,Croyle Township Police Department,PA,2262
PADAA210X,Cumberland County District Attorney,PA,0
PA0210000,Cumberland County Sheriff's Office,PA,0
PA0010500,"Cumberland Township Police Department, Adams County",PA,7260
PA0300400,"Cumberland Township Police Department, Greene County",PA,6413
PA0213700,Cumberland Valley School District,PA,0
PA0060300,Cumru Township Police Department,PA,15945
PA0170300,Curwensville Police Department,PA,2470
PA0400100,Dallas Police Department,PA,2719
PA0405000,Dallas Township Police Department,PA,9414
PA0351500,Dalton Police Department,PA,1298
PA0470100,Danville Police Department,PA,4182
PA0230800,Darby Police Department,PA,10762
PA0230900,Darby Township Police Department,PA,9274
PA0045400,Darlington Township Police Department,PA,2072
PA039249E,DeSales University,PA,0
PA0234800,Delaware County District Attorney Criminal Investigation Division,PA,0
PA0234400,Delaware County Park,PA,0
PAUNI090X,Delaware Valley University,PA,0
PA0450100,Delaware Water Gap Police Department,PA,663
PA0653800,Delmont Police Department,PA,2623
PA0651500,Derry Police Department,PA,2569
PA0221500,"Derry Township Police Department, Dauphin County",PA,25296
PA021269E,Dickinson College,PA,0
PA0350800,Dickson City Police Department,PA,6007
PA0632100,Donegal Township Police Department,PA,4559
PA0630600,Donora Police Department,PA,4462
PA0020800,Dormont Police Department,PA,7848
PA0063400,"Douglass Township Police Department, Berks County",PA,3888
PA0464900,"Douglass Township Police Department, Montgomery County",PA,11281
PA0150200,Downingtown Police Department,PA,8578
PA0092700,Doylestown Township Police Department,PA,18188
PA051189E,Drexel University,PA,0
PA0170200,DuBois Police Department,PA,18822
PA0095700,Dublin Borough Police Department,PA,2305
PA0261000,Dunbar Police Department,PA,968
PA0070800,Duncansville Police Department,PA,1208
PA0350200,Dunmore Police Department,PA,14308
PA0354600,Dunmore School District,PA,0
PA0400200,Dupont Police Department,PA,2598
PA0020900,Duquesne Police Department,PA,5032
PA0029A9E,Duquesne University,PA,0
PA0400300,Duryea Police Department,PA,5169
PA0481400,East Bangor Police Department,PA,1109
PA0010800,East Berlin Police Department,PA,1593
PA0154900,East Brandywine Township Police Department,PA,10633
PA0363700,East Cocalico Township Police Department,PA,14927
PA0110900,East Conemaugh Police Department,PA,1044
PA0154800,East Coventry Township Police Department,PA,7436
PA0363900,East Earl Township Police Department,PA,6827
PA0152100,East Fallowfield Township Police Department,PA,8027
PA0032200,East Franklin Township Police Department,PA,3693
PA0466900,East Greenville Police Department,PA,3188
PA0362300,East Hempfield Township Police Department,PA,27487
PA0364000,East Lampeter Township Police Department,PA,28078
PA0231000,East Lansdowne Police Department,PA,2728
PA0156200,East Marlborough Township Police Department,PA,8171
PA0026300,East McKeesport Police Department,PA,2462
PA0460800,East Norriton Township Police Department,PA,14456
PA0210300,East Pennsboro Township Police Department,PA,21638
PA0153200,East Pikeland Township Police Department,PA,8830
PA0451100,East Stroudsburg University,PA,0
PA0112600,East Taylor Township Police Department,PA,2341
PA0545300,East Union Township Police Department,PA,1727
PA0153300,East Vincent Township Police Department,PA,7891
PA0632300,East Washington Police Department,PA,1813
PA0150400,East Whiteland Township Police Department,PA,15358
PA0011800,Eastern Adams Regional Police Department,PA,8053
PA0067100,Eastern Berks Regional Police Department,PA,10432
PA0520400,Eastern Pike Regional Police Department,PA,6128
PA002B800,Eastern Regional Mon Valley Police Department,PA,9519
PA0480400,Easton Police Department,PA,31067
PA0150300,Easttown Township Police Department,PA,11212
PA0110300,Ebensburg Police Department,PA,3256
PA0041100,Economy Police Department,PA,8968
PA0231100,Eddystone Police Department,PA,2468
PA0023100,Edgewood Police Department,PA,3007
PA0026500,Edgeworth Police Department,PA,1620
PA0250900,Edinboro Police Department,PA,6080
PA0251700,Edinboro University,PA,0
PA0020D00,Elizabeth Township Police Department,PA,17056
PA0360200,Elizabethtown Police Department,PA,12077
PA0240000,Elk County Sheriff's Office,PA,0
PA0562500,Elk Lick Township Police Department,PA,2204
PA0590400,Elkland Police Department,PA,1778
PA0370100,Ellwood City Police Department,PA,7367
PA0611100,Emlenton Borough Police Department,PA,596
PA0390400,Emmaus Police Department,PA,12490
PA0120100,Emporium Police Department,PA,1823
PA0360300,Ephrata Police Department,PA,34047
PA0250000,Erie County Sheriff's Office,PA,0
PA0252200,Erie Municipal Airport Authority,PA,0
PA0250200,Erie Police Department,PA,92461
PA0026800,Etna Police Department,PA,3273
PA0100700,Evans City Police Department,PA,1671
PA0050200,Everett Police Department,PA,1744
PA0261100,Everson Police Department,PA,736
PA0060400,"Exeter Township Police Department, Berks County",PA,26120
PA0253200,Fairview School District,PA,0
PA0403100,"Fairview Township Police Department, Luzerne County",PA,4793
PA0670600,"Fairview Township Police Department, York County",PA,18071
PA0090500,"Falls Township Police Department, Bucks County",PA,34442
PA0432800,Farrell Police Department,PA,4114
PA0020P00,Fawn Township Police Department,PA,2108
PA0140700,Ferguson Township Police Department,PA,19198
PA0112900,Ferndale Police Department,PA,1490
PA0020R00,Findlay Township Police Department,PA,7782
PA0060500,Fleetwood Police Department,PA,4115
PA0231200,Folcroft Police Department,PA,6836
PA0270500,Forest Area School District,PA,0
PA0580200,Forest City Police Department,PA,8389
PA0021000,Forest Hills Police Department,PA,6840
PA0601000,Forest Rangers: Bald Eagle State Forest District 7,PA,0
PA0290400,Forest Rangers: Buchanan State Forest District 2,PA,0
PA0161500,Forest Rangers: Clear Creek State Forest District 8,PA,0
PA0621300,Forest Rangers: Cornplanter State Forest District 14,PA,0
PA0451500,Forest Rangers: Delaware State Forest District 19,PA,0
PA0242600,Forest Rangers: Elk State Forest District 13,PA,0
PA0656200,Forest Rangers: Forbes State Forest District 4,PA,0
PA0116900,Forest Rangers: Gallitzin State Forest District 6,PA,0
PA0570500,Forest Rangers: Loyalsock State Forest District 20,PA,0
PA0281200,Forest Rangers: Michaux State Forest District 1,PA,0
PA0354100,Forest Rangers: Pinchot State Forest District 11,PA,0
PA0311200,Forest Rangers: Rothrock State Forest District 5,PA,0
PA0182600,Forest Rangers: Sproul State Forest District 10,PA,0
PA0531600,Forest Rangers: Susquehannock State Forest District 15,PA,0
PA0412200,Forest Rangers: Tiadaghton State Forest District 12,PA,0
PA0592200,Forest Rangers: Tioga State Forest District 16,PA,0
PA0501600,Forest Rangers: Tuscarora State Forest District 3,PA,0
PA0545500,Forest Rangers: Weiser State Forest District 18,PA,0
PA0156100,Forest Rangers: William Penn State Forest District 17,PA,0
PA0481500,Forks Township Police Department,PA,16799
PA0382500,Fort Indiantown Gap,PA,0
PA0401800,Forty Fort Police Department,PA,4292
PA0420500,"Foster Township Police Department, McKean County",PA,3863
PA0545700,"Foster Township Police Department, Schuylkill County",PA,246
PA0390500,Fountain Hill Police Department,PA,4894
PA0026900,Fox Chapel Police Department,PA,5147
PA0540200,Frackville Police Department,PA,4499
PA0465100,Franconia Township Police Department,PA,13890
PA0281400,Franklin County Drug Task Force,PA,0
PA0280000,Franklin County Sheriff's Office,PA,0
PA0027000,Franklin Park Police Department,PA,14977
PA0610100,Franklin Police Department,PA,5901
PA0657300,Franklin Regional School District,PA,0
PA0043600,"Franklin Township Police Department, Beaver County",PA,3827
PA0130800,"Franklin Township Police Department, Carbon County",PA,4439
PAUNI360X,Franklin and Marshall College,PA,0
PA0022A00,Frazer Township Police Department,PA,1244
PA0071800,Freedom Township Police Department,PA,2940
PA0400500,Freeland Police Department,PA,3872
PA0483100,Freemansburg Police Department,PA,3000
PA0591800,Gaines Township Police Department,PA,602
PA0530200,Galeton Police Department,PA,948
PA0111000,Gallitzin Police Department,PA,1672
PA0115800,Gallitzin Township Police Department,PA,1252
PA025249E,Gannon University,PA,0
PA0022M00,Gateway School District,PA,0
PA0111100,Geistown Police Department,PA,2280
PA0264100,German Township Police Department,PA,4444
PA0012600,Gettsyburg Area School District,PA,0
PA0010100,Gettysburg Police Department,PA,9110
PA0251100,Girard Police Department,PA,2929
PA0023200,Glassport Police Department,PA,4257
PA0231300,Glenolden Police Department,PA,7277
PA0440700,Granville Township Police Department,PA,4565
PA0581900,Great Bend Police Department,PA,615
PA0118100,Greater Johnstown School District,PA,0
PA0021100,Green Tree Police Department,PA,4707
PA0280200,Greencastle Police Department,PA,4226
PA0281800,Greencastle-Antrim School District,PA,0
PA0300000,Greene County Sheriff's Office,PA,0
PA0638200,Greene Washington Regional Police Department,PA,12945
PA0353000,Greenfield Township Police Department,PA,2286
PA0071100,"Greenfield Township Police Department, Blair County",PA,3673
PA0650200,Greensburg Police Department,PA,14503
PA0430200,Greenville Police Department,PA,5441
PA0433100,Grove City Area School District,PA,0
PA0430300,Grove City Police Department,PA,7717
PA0221600,Halifax Police Department,PA,817
PA0060600,Hamburg Police Department,PA,4614
PA0210400,Hampden Township Police Department,PA,36116
PA0023300,Hampton Township Police Department,PA,17835
PA0670100,Hanover Police Department,PA,16797
PA0400600,"Hanover Township Police Department, Luzerne County",PA,11774
PA0633900,"Hanover Township Police Department, Washington County",PA,2376
PA0255500,Harbor Creek School District,PA,0
PA0020T00,Harmar Township Police Department,PA,2995
PA0041300,Harmony Township Police Department,PA,3090
PA0223200,Harrisburg International Airport,PA,0
PA0220200,Harrisburg Police Department,PA,50789
PA0020E00,Harrison Township Police Department,PA,9695
PA0102900,Harrisville Police Department,PA,785
PA0404000,Harveys Lake Police Department,PA,2881
PA0113100,Hastings Police Department,PA,2182
PA0460900,Hatboro Police Department,PA,8365
PA0464100,Hatfield Township Police Department,PA,23234
PA0231400,Haverford Township Police Department,PA,51486
PA0640200,Hawley Police Department,PA,1216
PA0407700,Hazleton Area School District,PA,0
PA0400700,Hazleton Police Department,PA,30465
PA0541500,Hegins Township Police Department,PA,3374
PA0027300,Heidelberg Police Department,PA,1229
PA0672000,Hellam Township Police Department,PA,11082
PA0480500,Hellertown Police Department,PA,6152
PA0191400,Hemlock Township Police Department,PA,4872
PA0430900,"Hempfield Township Police Department, Mercer County",PA,3610
PA0430400,Hermitage Police Department,PA,16857
PA0221000,Highspire Police Department,PA,2733
PA0092900,Hilltown Township Police Department,PA,17908
PA0070200,Hollidaysburg Police Department,PA,5514
PA0320200,Homer City Police Department,PA,1724
PA0021200,Homestead Police Department,PA,2845
PA0640100,Honesdale Police Department,PA,4435
PA0152900,Honey Brook Police Department,PA,1921
PA0560900,Hooversville Police Department,PA,602
PA0041400,Hopewell Township Police Department,PA,13214
PA0461000,Horsham Township Police Department,PA,28040
PA0406500,Hughestown Police Department,PA,1364
PA0410800,Hughesville Police Department,PA,2112
PA0092500,Hulmeville  Police Department,PA,989
PA0220300,Hummelstown Police Department,PA,4542
PA0310100,Huntingdon Police Department,PA,6868
PA0042300,"Independence Township Police Department, Beaver County",PA,2200
PA0561700,Indian Lake Police Department,PA,390
PA0320000,Indiana County Sheriff's Office,PA,0
PA0320300,Indiana Police Department,PA,14363
PA0020V00,Indiana Township Police Department,PA,7402
PA0321000,Indiana University,PA,0
PA0331400,Indiana University: Punxsutawney,PA,0
PA0027400,Ingram Police Department,PA,3225
PA0650300,Irwin Police Department,PA,4589
PA0095200,Ivyland Police Department,PA,951
PA0102200,"Jackson Township Police Department, Butler County",PA,6395
PA0113200,"Jackson Township Police Department, Cambria County",PA,4095
PA0404100,"Jackson Township Police Department, Luzerne County",PA,4583
PA0432100,Jamestown Police Department,PA,561
PA0650400,Jeannette Police Department,PA,8517
PA0330000,Jefferson County Sheriff's Office,PA,0
PA0027500,Jefferson Hills Borough Police Department,PA,12258
PA0353600,"Jefferson Township Police Department, Lackawanna County",PA,3924
PA0431500,"Jefferson Township Police Department, Mercer County",PA,1841
PA0635300,"Jefferson Township Police Department, Washington County",PA,1117
PA0404500,Jenkins Township Police Department,PA,4547
PA0461100,Jenkintown Police Department,PA,4746
PA0561100,Jennerstown Police Department,PA,661
PA0350900,Jermyn Police Department,PA,2135
PA0351600,Jessup Police Department,PA,4501
PA0130200,Jim Thorpe Police Department,PA,4553
PA0240100,Johnsonburg Police Department,PA,2298
PA0110400,Johnstown Police Department,PA,20026
PA031139E,Juniata College,PA,0
PA0340000,Juniata County Sheriff's Office,PA,0
PA0420200,Kane Police Department,PA,3455
PA0020F00,Kennedy Township Police Department,PA,8376
PA0150500,Kennett Square Police Department,PA,6924
PA0156500,Kennett Township Police Department,PA,9521
PA0130900,Kidder Township Police Department,PA,1864
PA0400800,Kingston Police Department,PA,14425
PA0405100,Kingston Township Police Department,PA,7238
PA0030800,Kiskiminetas Township Police Department,PA,5676
PA0030400,Kittanning Police Department,PA,3920
PA0543800,Kline Township Police Department,PA,1488
PA0160400,Knox Police Department,PA,1068
PA0043300,Koppel Police Department,PA,691
PA0490700,Kulpmont Police Department,PA,2684
PA0060800,Kutztown Police Department,PA,4229
PA0065700,Kutztown University,PA,0
PAPDR350X,Lackawanna College: Scranton,PA,0
PA048439E,Lafayette College,PA,0
PA0251200,Lake City Police Department,PA,2850
PAPDE250X,Lake Erie College of Osteopathic Medicine,PA,0
PA0360000,Lancaster  County Sheriff's Office,PA,0
PAPDJ390X,Lancaster County Detectives Drug Task Force,PA,0
PA0360500,Lancaster Police Department,PA,58569
PA0102500,"Lancaster Township Police Department, Butler County",PA,3828
PA0366200,"Lancaster Township Police Department, Lancaster County",PA,18704
PA0580300,Lanesboro Police Department,PA,492
PA0096100,Langhorne Borough Police Department,PA,1633
PA0094100,Langhorne Manor  Police Department,PA,1471
PA0461200,Lansdale Police Department,PA,19235
PA0231500,Lansdowne Police Department,PA,11261
PA0130300,Lansford Police Department,PA,4144
PA0012400,Latimore Township Police Department,PA,2732
PA0650500,Latrobe Police Department,PA,7868
PA0060900,Laureldale Police Department,PA,4364
PA0370000,Lawrence  County Sheriff's Office,PA,0
PA0250600,Lawrence Park Township Police Department,PA,3711
PA0590600,"Lawrence Township Police Department, Tioga County",PA,2848
PA0384100,Lebanon County Regional Police Department,PA,22844
PA0380200,Lebanon Police Department,PA,26375
PA0382800,Lebanon Valley College,PA,0
PA0030500,Leechburg Police Department,PA,2058
PA0021I00,Leet Township Police Department,PA,1550
PA0027600,Leetsdale Police Department,PA,1109
PA0392900,Lehigh Career and Technical Institute,PA,0
PADAA390X,Lehigh County District Attorney,PA,0
PA0390000,Lehigh County Sheriff's Office,PA,0
PA0640400,Lehigh Township Police Department,PA,1870
PA0480600,"Lehigh Township Police Department, Northampton County",PA,10829
PA048359E,Lehigh University,PA,0
PA0392100,Lehigh Valley International Airport,PA,0
PA0130400,Lehighton Police Department,PA,5265
PA0403300,Lehman Township Police Department,PA,3469
PA0441200,Lewistown Police Department,PA,8352
PA0027700,Liberty Police Department,PA,2243
PA0011200,"Liberty Township Police Department, Adams County",PA,1412
PA0657200,Ligonier Valley Regional Police Department,PA,7558
PA0465300,Limerick Township Police Department,PA,21799
PA0027800,Lincoln Police Department,PA,886
PA0154700,Lincoln University,PA,0
PA0360600,Lititz Police Department,PA,9799
PA0372100,Little Beaver Township  Police Department,PA,1186
PA0010200,Littlestown Police Department,PA,4950
PA0180100,Lock Haven Police Department,PA,8647
PA0181200,Lock Haven University,PA,0
PA0191500,Locust Township Police Department,PA,2590
PA0070300,Logan Township Police Department,PA,12112
PA0113500,Loretto Police Department,PA,1136
PA0210600,Lower Allen Township Police Department,PA,21067
PA0650600,Lower Burrell Police Department,PA,11492
PA0231600,Lower Chichester Township Police Department,PA,3423
PA0464200,Lower Frederick Township Police Department,PA,4975
PA0461300,Lower Gwynedd Township Police Department,PA,12403
PA0063600,Lower Heidelberg Township Police Department,PA,6983
PA0090700,Lower Makefield Township Police Department,PA,34484
PA0461400,Lower Merion Township Police Department,PA,64974
PA0461500,Lower Moreland Township Police Department,PA,14253
PA0220400,Lower Paxton Township Police Department,PA,55909
PA0461600,Lower Pottsgrove Township Police Department,PA,13172
PA0461700,Lower Providence Township Police Department,PA,26259
PA0464300,Lower Salford Township Police Department,PA,16561
PA0481700,Lower Saucon Township Police Department,PA,11090
PA0090800,Lower Southampton Township Police Department,PA,20509
PA0221700,Lower Swatara Township Police Department,PA,10130
PA0676000,Lower Windsor Township Police Department,PA,7795
PA0412500,Loyalsock Township School District,PA,0
PAUNI400X,Luzerne County Community College,PA,0
PA0409000,Luzerne Intermediate School District,PA,0
PA0400900,Luzerne Police Department,PA,2764
PA0261500,Luzerne Township Police Department,PA,5336
PA0410000,Lycoming County Sheriff's Office,PA,0
PA0412800,Lycoming Regional Police Department,PA,14843
PA0391200,Macungie Police Department,PA,3356
PA0540500,Mahanoy City Police Department,PA,3544
PA0542000,Mahanoy Township Police Department,PA,2915
PA0131000,"Mahoning Township Police Department, Carbon County",PA,4349
PA0372000,"Mahoning Township Police Department, Lawrence County",PA,2618
PA0470200,"Mahoning Township Police Department, Montour County",PA,4513
PA0192200,Main Township Police Department,PA,1288
PA0150600,Malvern Police Department,PA,3463
PA0360700,Manheim Police Department,PA,5002
PA0360800,Manheim Township Police Department,PA,44560
PA0654000,Manor Police Department,PA,3494
PA0031400,"Manor Township Police Department, Armstrong County",PA,5074
PA0362500,"Manor Township Police Department, Lancaster County",PA,22117
PA0590200,Mansfield Police Department,PA,2966
PA0590900,Mansfield University,PA,0
PA0232000,Marcus Hook Police Department,PA,2470
PA0044400,"Marion Township Police Department, Beaver County",PA,788
PA0465700,Marlborough Township Police Department,PA,3589
PA0231700,Marple Township Police Department,PA,24479
PA0104200,Mars Area School District,PA,0
PA0100800,Mars Police Department,PA,1404
PA0070900,Martinsburg Police Department,PA,1812
PA0500100,Marysville Police Department,PA,2738
PA0260500,Masontown Police Department,PA,3126
PA0351700,Mayfield Police Department,PA,1766
PA0540400,McAdoo Police Department,PA,2477
PA0023400,McCandless Police Department,PA,28444
PA0630900,McDonald Borough Police Department,PA,4591
PA0021400,McKees Rocks Police Department,PA,5642
PA0021300,McKeesport Police Department,PA,18513
PA0010400,McSherrystown Police Department,PA,3182
PA0200100,Meadville Police Department,PA,17415
PA0210700,Mechanicsburg Police Department,PA,10275
PA0231800,Media Police Department,PA,5953
PA0261600,Menallen Township Police Department,PA,3998
PA0430000,Mercer County Sheriff's Office,PA,0
PA0430500,Mercer Police Department,PA,1907
PA0280400,Mercersburg Police Department,PA,1490
PA025239E,Mercyhurst University,PA,0
PA0660200,Meshoppen Police Department,PA,1221
PA0467100,Methacton School District,PA,0
PA0560100,Meyersdale Police Department,PA,1992
PA0354500,Mid Valley School District,PA,0
PA0550200,Middleburg Police Department,PA,1311
PA0100900,"Middlesex Township Police Department, Butler County",PA,7583
PA0211300,"Middlesex Township Police Department, Cumberland County",PA,7570
PA0220500,Middletown Police Department,PA,9800
PA0090900,Middletown Township Police Department,PA,45807
PA0040600,Midland Police Department,PA,2351
PA0440100,Mifflin County Regional Police Department,PA,17054
PA0340400,Mifflin Police Department,PA,517
PA0191000,Mifflin Township Police Department,PA,4317
PA0600300,Mifflinburg Police Department,PA,3467
PA0520200,Milford Police Department,PA,1154
PA0180900,Mill Hall Police Department,PA,5198
PA0231900,Millbourne Police Department,PA,1219
PA0250300,"Millcreek Township Police Department, Erie County",PA,52826
PA0382400,"Millcreek Township Police Department, Lebanon County",PA,4447
PA0221200,Millersburg Police Department,PA,2547
PA0361300,Millersville Police Department,PA,9700
PA0365100,Millersville University,PA,0
PA0021500,Millvale Police Department,PA,3227
PA0490100,Milton Police Department,PA,6452
PA0540600,Minersville Police Department,PA,4438
PA0061100,Mohnton Police Department,PA,2958
PA0041500,Monaca Police Department,PA,5431
PA0650700,Monessen Police Department,PA,6665
PA0630300,Monongahela Police Department,PA,11581
PA0450000,Monroe County Sheriff's Office,PA,0
PA0021600,Monroeville Police Department,PA,27797
PA0460000,Montgomery County Sheriff's Office,PA,0
PA0461800,Montgomery Township Police Department,PA,26384
PA0191200,Montour Township Police Department,PA,2178
PA0410200,Montoursville Police Department,PA,4662
PA0580400,Montrose Police Department,PA,1266
PA0023500,Moon Township Police Department,PA,26639
PA0481800,Moore Township Police Department,PA,9462
PA0352300,Moosic Police Department,PA,6036
PA048369E,Moravian College,PA,0
PA0091000,Morrisville Police Department,PA,9732
PA0232100,Morton Police Department,PA,2793
PA0351800,Moscow Police Department,PA,2020
PA011809E,Mount Aloysius University,PA,0
PA0490200,Mount Carmel Police Department,PA,5600
PA0491800,Mount Carmel Township Police Department,PA,2446
PA0211400,Mount Holly Springs Police Department,PA,2031
PA0361000,Mount Joy Police Department,PA,8376
PA0021700,Mount Lebanon Police Department,PA,32647
PA0027900,Mount Oliver Police Department,PA,3228
PA0650800,Mount Pleasant Police Department,PA,4127
PA0634000,Mount Pleasant Township Police Department,PA,3350
PA0310200,Mount Union Police Department,PA,2229
PA0582000,Mountain View School District,PA,0
PA0061300,Muhlenberg Township Police Department,PA,22609
PA0410300,Muncy Police Department,PA,2396
PA0411700,Muncy Township Police Department,PA,1200
PA0023600,Munhall Police Department,PA,10275
PA0650100,Murrysville Police Department,PA,20672
PA0401000,Nanticoke Police Department,PA,10759
PA0111200,Nanty Glo Police Department,PA,2400
PA0463500,Narberth Police Department,PA,4540
PA0480700,Nazareth  Police Department,PA,6100
PA0403400,Nescopeck Police Department,PA,1520
PA0370500,Neshannock Township Police Department,PA,9597
PA0131100,Nesquehoning Police Department,PA,3345
PA0232200,Nether Providence Township Police Department,PA,14599
PA0371800,New Beaver Police Department,PA,1335
PA0600600,New Berlin Police Department,PA,774
PA0041600,New Brighton Police Department,PA,9724
PA0046500,New Brighton School District,PA,0
PA0093200,New Britain Township Police Department,PA,12360
PA0370200,New Castle Police Department,PA,21192
PA0210800,New Cumberland Police Department,PA,7652
PA0465400,New Hanover Township Police Department,PA,13808
PA0091100,New Hope Police Department,PA,2648
PA0651000,New Kensington Police Department,PA,11810
PA0043800,New Sewickley Township Police Department,PA,6967
PA0370600,New Wilmington Police Department,PA,2087
PA0674700,Newberry Township Police Department,PA,16398
PA0402000,Newport Township Police Department,PA,4531
PA0096000,Newtown Police Department,PA,2275
PA0091200,"Newtown Township Police Department, Bucks County",PA,23206
PA0232300,"Newtown Township Police Department, Delaware County",PA,15608
PA0461900,Norristown Police Department,PA,36161
PA0370700,North Beaver  Police Department,PA,3942
PA0651900,North Belle Vernon Police Department,PA,1818
PA0481900,North Catasauqua Police Department,PA,3167
PA0150700,North Coventry Township Police Department,PA,8497
PA0250400,"North East Police Department, Erie County",PA,4045
PA0020Y00,North Fayette Township Police Department,PA,15982
PA0675100,North Hopewell Township Police Department,PA,3401
PA0650900,North Huntingdon Township Police Department,PA,31796
PA0381600,North Londonderry Township Police Department,PA,9063
PA0211500,North Middleton Township Police Department,PA,13036
PA0041700,North Sewickley Township Police Department,PA,5414
PA0634100,North Strabane Township Police Department,PA,17442
PA0544200,North Union Township Police Department,PA,1424
PA0023900,North Versailles Township Police Department,PA,9604
PA0462000,North Wales Police Department,PA,3456
PA0071700,North Woodbury Police Department,PA,2420
PA0480000,Northampton County Sheriff's Office,PA,0
PA0480800,Northampton Police Department,PA,10643
PA0091300,Northampton Township Police Department,PA,40180
PA0062800,Northern Berks Regional Police Department,PA,14490
PA0110100,Northern Cambria Borough Police Department,PA,3425
PA0365800,Northern Lancaster County Regional Police Department,PA,42131
PA0383200,Northern Lebanon School District,PA,0
PA0021B00,Northern Regional Police Department,PA,41981
PA0671500,Northern York County Regional Police Department,PA,93436
PA0490000,Northumberland County Sheriff's Office,PA,0
PA0490300,Northumberland Police Department,PA,3818
PA0362600,Northwest Lancaster County Regional Police Department,PA,20067
PA0232400,Norwood Police Department,PA,5977
PA0020Z00,O'Hara Township Police Department,PA,10304
PA0028000,Oakdale Police Department,PA,1415
PA0021800,Oakmont Police Department,PA,6594
PA006DE0X,Office of Attorney General Region 1: Berks County,PA,0
PA008DE0X,Office of Attorney General Region 1: Bradford County,PA,0
PA009DE0X,Office of Attorney General Region 1: Bucks County,PA,0
PA013DE0X,Office of Attorney General Region 1: Carbon County,PA,0
PA015DE0X,Office of Attorney General Region 1: Chester County,PA,0
PA019DE0X,Office of Attorney General Region 1: Columbia County,PA,0
PA023DE0X,Office of Attorney General Region 1: Delaware County,PA,0
PA035DE0X,Office of Attorney General Region 1: Lackawanna County,PA,0
PA039DE0X,Office of Attorney General Region 1: Lehigh County,PA,0
PA040DE0X,Office of Attorney General Region 1: Luzerne County,PA,0
PA045DE0X,Office of Attorney General Region 1: Monroe County,PA,0
PA046DE0X,Office of Attorney General Region 1: Montgomery County,PA,0
PA048DE0X,Office of Attorney General Region 1: Northampton County,PA,0
PA051DE0X,Office of Attorney General Region 1: Philadelphia County,PA,0
PA052DE0X,Office of Attorney General Region 1: Pike County,PA,0
PA054DE0X,Office of Attorney General Region 1: Schuylkill County,PA,0
PA057DE0X,Office of Attorney General Region 1: Sullivan County,PA,0
PA058DE0X,Office of Attorney General Region 1: Susquehanna County,PA,0
PA064DE0X,Office of Attorney General Region 1: Wayne County,PA,0
PA066DE0X,Office of Attorney General Region 1: Wyoming County,PA,0
PA001DE0X,Office of Attorney General Region 2: Adams County,PA,0
PA007DE0X,Office of Attorney General Region 2: Blair County,PA,0
PA011DE0X,Office of Attorney General Region 2: Cambria County,PA,0
PA014DE0X,Office of Attorney General Region 2: Centre County,PA,0
PA017DE0X,Office of Attorney General Region 2: Clearfield County,PA,0
PA018DE0X,Office of Attorney General Region 2: Clinton County,PA,0
PA021DE0X,Office of Attorney General Region 2: Cumberland County,PA,0
PA022DE0X,Office of Attorney General Region 2: Dauphin County,PA,0
PA028DE0X,Office of Attorney General Region 2: Franklin County,PA,0
PA029DE0X,Office of Attorney General Region 2: Fulton County,PA,0
PA031DE0X,Office of Attorney General Region 2: Huntingdon County,PA,0
PA034DE0X,Office of Attorney General Region 2: Juniata County,PA,0
PA036DE0X,Office of Attorney General Region 2: Lancaster County,PA,0
PA038DE0X,Office of Attorney General Region 2: Lebanon County,PA,0
PA041DE0X,Office of Attorney General Region 2: Lycoming County,PA,0
PA044DE0X,Office of Attorney General Region 2: Mifflin County,PA,0
PA047DE0X,Office of Attorney General Region 2: Montour County,PA,0
PA049DE0X,Office of Attorney General Region 2: Northumberland County,PA,0
PA050DE0X,Office of Attorney General Region 2: Perry County,PA,0
PA053DE0X,Office of Attorney General Region 2: Potter County,PA,0
PA055DE0X,Office of Attorney General Region 2: Snyder County,PA,0
PA059DE0X,Office of Attorney General Region 2: Tioga County,PA,0
PA060DE0X,Office of Attorney General Region 2: Union County,PA,0
PA067DE0X,Office of Attorney General Region 2: York County,PA,0
PA002DE0X,Office of Attorney General Region 3: Allegheny County,PA,0
PA003DE0X,Office of Attorney General Region 3: Armstrong County,PA,0
PA004DE0X,Office of Attorney General Region 3: Beaver County,PA,0
PA005DE0X,Office of Attorney General Region 3: Bedford County,PA,0
PA010DE0X,Office of Attorney General Region 3: Butler County,PA,0
PA012DE0X,Office of Attorney General Region 3: Cameron County,PA,0
PA016DE0X,Office of Attorney General Region 3: Clarion County,PA,0
PA020DE0X,Office of Attorney General Region 3: Crawford County,PA,0
PA024DE0X,Office of Attorney General Region 3: Elk County,PA,0
PA025DE0X,Office of Attorney General Region 3: Erie County,PA,0
PA026DE0X,Office of Attorney General Region 3: Fayette County,PA,0
PA027DE0X,Office of Attorney General Region 3: Forest County,PA,0
PA030DE0X,Office of Attorney General Region 3: Greene County,PA,0
PA032DE0X,Office of Attorney General Region 3: Indiana County,PA,0
PA033DE0X,Office of Attorney General Region 3: Jefferson County,PA,0
PA037DE0X,Office of Attorney General Region 3: Lawrence County,PA,0
PA042DE0X,Office of Attorney General Region 3: McKean County,PA,0
PA043DE0X,Office of Attorney General Region 3: Mercer County,PA,0
PA056DE0X,Office of Attorney General Region 3: Somerset County,PA,0
PA061DE0X,Office of Attorney General Region 3: Venango County,PA,0
PA062DE0X,Office of Attorney General Region 3: Warren County,PA,0
PA063DE0X,Office of Attorney General Region 3: Washington County,PA,0
PA065DE0X,Office of Attorney General Region 3: Westmoreland County,PA,0
PA0021A00,Ohio Township Police Department,PA,13713
PA0045200,Ohioville Police Department,PA,3300
PA0611900,Oil City Area School District,PA,0
PA0610200,Oil City Police Department,PA,9314
PA0350300,Old Forge Police Department,PA,8698
PA0351100,Olyphant Police Department,PA,5403
PA0192400,Orange Township Police Department,PA,1181
PA0542200,Orwigsburg Police Department,PA,3019
PA0591700,Osceola Township Police Department,PA,577
PA0421000,Otto Township Police Department,PA,1454
PA0150800,Oxford Police Department,PA,5954
PA0480900,Palmer Township Police Department,PA,22687
PA0130500,Palmerton Police Department,PA,5644
PA0032300,Parker Police Department,PA,673
PA0150900,Parkesburg Police Department,PA,5307
PA0031000,Parks Township Police Department,PA,2378
PA0234500,Parkside Police Department,PA,2338
PA0042500,Patterson Township Police Department,PA,4310
PA0111300,Patton Police Department,PA,1665
PA0140900,Patton Township Police Department,PA,15934
PA0221300,Penbrook Police Department,PA,3262
PA0117700,Penn Cambria School District,PA,0
PA0021900,Penn Hills Police Department,PA,39305
PA0653500,Penn Police Department,PA,683
PA0101000,"Penn Township Police Department, Butler County",PA,4865
PA0651100,"Penn Township Police Department, Westmoreland County",PA,20847
PA0674100,"Penn Township Police Department, York County",PA,18684
PA0202400,Penncrest School District,PA,0
PA0091400,Penndel Police Department,PA,2529
PA0091700,Pennridge Regional Police Department,PA,11295
PA0410700,Pennsylvania College of Technology,PA,0
PA0223400,Pennsylvania Fish and Boat Commission,PA,0
PA0466200,Pennsylvania State University: Abington,PA,0
PA0071400,Pennsylvania State University: Altoona,PA,0
PA0045300,Pennsylvania State University: Beaver,PA,0
PA0251900,Pennsylvania State University: Behrend,PA,0
PA0065900,Pennsylvania State University: Berks,PA,0
PA0235500,Pennsylvania State University: Brandywine,PA,0
PA0213800,Pennsylvania State University: Carlisle,PA,0
PA0172100,Pennsylvania State University: Dubois,PA,0
PA0264000,Pennsylvania State University: Fayette,PA,0
PA0156600,Pennsylvania State University: Great Valley,PA,0
PA0222800,Pennsylvania State University: Harrisburg,PA,0
PA0407100,Pennsylvania State University: Hazleton,PA,0
PA0393100,Pennsylvania State University: Lehigh Valley,PA,0
PA0021P00,Pennsylvania State University: McKeesport,PA,0
PA0281000,Pennsylvania State University: Mont Alto,PA,0
PA0656800,Pennsylvania State University: New Kensington,PA,0
PA0545200,Pennsylvania State University: Schuylkill,PA,0
PA0432700,Pennsylvania State University: Shenango Valley,PA,0
PA0141100,Pennsylvania State University: University Park,PA,0
PA0407200,Pennsylvania State University: Wilkes-Barre,PA,0
PA0353700,Pennsylvania State University: Worthington Scranton,PA,0
PA0676500,Pennsylvania State University: York,PA,0
PA0363500,Pequea Township Police Department,PA,6548
PA0091500,Perkasie Police Department,PA,9388
PA0261800,Perryopolis Police Department,PA,1601
PA0630400,Peters Township Police Department,PA,23322
PAPEP0000,Philadelphia Police Department,PA,1562379
PA0151000,Phoenixville Police Department,PA,20735
PA0520000,Pike County Sheriff's Office,PA,0
PA0181600,Pine Creek Township Police Department,PA,4871
PA0542400,Pine Grove Police Department,PA,2077
PA0028300,Pitcairn Police Department,PA,4659
PAPPD0000,Pittsburgh Bureau of Police,PA,306794
PA0401100,Pittston Police Department,PA,7785
PA0404900,Pittston Township Police Department,PA,3283
PA0402100,Plains Township Police Department,PA,10048
PA0022100,Pleasant Hills Police Department,PA,8276
PA0028500,Plum Police Department,PA,26243
PA0094300,Plumstead Township Police Department,PA,14452
PA0401200,Plymouth Police Department,PA,5825
PA0462100,"Plymouth Township Police Department, Montgomery County",PA,18769
PA0450900,Pocono Mountain Regional Police Department,PA,42762
PA0450700,Pocono Township Police Department,PA,10744
PA0261900,Point Marion Police Department,PA,1102
PA0029K9E,Point Park University,PA,0
PA0491600,Point Township Police Department,PA,3794
PA0611400,Polk Police Department,PA,623
PA0420300,Port Allegany Police Department,PA,2034
PA0421800,Port Allegany Schools,PA,0
PA0541700,Port Carbon Police Department,PA,3248
PA0028600,Port Vue Police Department,PA,3536
PA0111400,Portage Police Department,PA,2363
PA0482100,Portland Police Department,PA,485
PA0462200,Pottstown Police Department,PA,23584
PA0540700,Pottsville Police Department,PA,13420
PA0232500,Prospect Park Police Department,PA,6460
PA0103000,Prospect Police Department,PA,1073
PA0371400,"Pulaski Township Police Department, Lawrence County",PA,3029
PA0330300,Punxsutawney Police Department,PA,5542
PA0430800,Pymatuning Township Police Department,PA,2992
PA0091600,Quakertown Police Department,PA,9286
PA0362900,Quarryville Police Department,PA,2875
PA0042800,Raccoon Township Police Department,PA,2714
PA0232600,Radnor Township Police Department,PA,34363
PA0491200,Ralpho Township Police Department,PA,4174
PA054019E,Reading Northern Railroad: Berks County,PA,0
PAPD0800X,Reading Northern Railroad: Bradford County,PA,0
PAPD1300X,Reading Northern Railroad: Carbon County,PA,0
PAPD2000X,Reading Northern Railroad: Columbia County,PA,0
PAPD3500X,Reading Northern Railroad: Lackawanna County,PA,0
PAPD4000X,Reading Northern Railroad: Luzerne County,PA,0
PAPD4900X,Reading Northern Railroad: Northumberland County,PA,0
PAPD5400X,Reading Northern Railroad: Schuylkill County,PA,0
PAPD6600X,Reading Northern Railroad: Wyoming County,PA,0
PA0061400,Reading Police Department,PA,99299
PA0011300,Reading Township Police Department,PA,6000
PA0262000,Redstone Township Police Department,PA,4852
PA0545000,Reilly Township Police Department,PA,642
PA0180200,Renovo Police Department,PA,1049
PA0634900,Resa Regional Police Department,PA,2207
PA0020G00,Reserve Township Police Department,PA,3122
PA0330400,Reynoldsville Police Department,PA,2466
PA0405700,Rice Township Police Department,PA,3838
PA0096200,"Richland Township Police Department, Bucks County",PA,14420
PA0110500,"Richland Township Police Department, Cambria County",PA,11947
PA0240200,Ridgway Police Department,PA,3906
PA0232700,Ridley Park Police Department,PA,7322
PA0232800,Ridley Township Police Department,PA,31189
PA0542600,Ringtown Police Department,PA,724
PA0491300,Riverside Police Department,PA,1996
PA0353100,Roaring Brook Township Police Department,PA,2381
PA0070600,Roaring Spring Police Department,PA,2280
PAUNI020X,Robert Morris University,PA,0
PA0062900,Robeson Township Police Department,PA,7834
PA0024000,"Robinson Township Police Department, Allegheny County",PA,15705
PA0040700,Rochester Police Department,PA,3905
PA0462400,Rockledge Police Department,PA,2645
PA0561800,Rockwood Police Department,PA,815
PA0482200,Roseto Police Department,PA,1560
PA0022200,Ross Township Police Department,PA,32194
PA0654500,Rostraver Township Police Department,PA,11461
PA0222100,Royalton Police Department,PA,1134
PA0462500,Royersford Police Department,PA,4967
PA0031100,Rural Valley Police Department,PA,795
PA0543600,Rush Township Police Department,PA,3522
PA0543400,Ryan Township Police Department,PA,2881
PA0155000,"Sadsbury Township Police Department, Chester County",PA,4784
PAUNI110X,Saint Francis University,PA,0
PA0404700,"Salem Township Police Department, Luzerne County",PA,4103
PA0563000,Salisbury Elk Lick School District,PA,0
PA0390600,Salisbury Township Police Department,PA,13869
PA0320700,Saltsburg Police Department,PA,768
PA0431000,Sandy Lake Police Department,PA,626
PA0113700,Sankertown Police Department,PA,611
PA0101900,Saxonburg Police Department,PA,1366
PA0050400,Saxton Police Department,PA,2109
PA0080300,Sayre Police Department,PA,6445
PA0540000,Schuylkill  County Sheriff's Office,PA,0
PA0540900,Schuylkill Haven Police Department,PA,5283
PA0152200,"Schuylkill Township Police Department, Chester County",PA,9007
PA0024100,"Scott Township Police Department, Allegheny County",PA,17283
PA0190800,"Scott Township Police Department, Columbia County",PA,5692
PA0352700,"Scott Township Police Department, Lackawanna County",PA,4707
PA0651200,Scottdale Police Department,PA,4306
PA0350400,Scranton Police Department,PA,75837
PA0550100,Selinsgrove Police Department,PA,5450
PAUNI650X,Seton Hill University,PA,0
PA0022400,Sewickley Heights Police Department,PA,818
PA0022300,Sewickley Police Department,PA,4301
PA0561400,Shade Township Police Department,PA,2366
PA0024200,Shaler Township Police Department,PA,26871
PA0492500,Shamokin Area School District,PA,0
PA0550300,Shamokin Dam Police Department,PA,1630
PA0490400,Shamokin Police Department,PA,6752
PA0233000,Sharon Hill Police Department,PA,6047
PA0430600,Sharon Police Department,PA,12649
PA0029000,Sharpsburg Police Department,PA,3034
PA0430700,Sharpsville Police Department,PA,4098
PA0541000,Shenandoah Police Department,PA,4160
PA0546100,Shenandoah Valley School District,PA,0
PA0370300,"Shenango Township Police Department, Lawrence County",PA,7599
PA0431100,"Shenango Township Police Department, Mercer County",PA,4186
PA0061600,Shillington Police Department,PA,5549
PA0530400,Shinglehouse Police Department,PA,1059
PA0210900,Shippensburg Police Department,PA,5677
PA0211600,Shippensburg University,PA,0
PA0045100,Shippingport Police Department,PA,151
PA0211000,Shiremanstown Police Department,PA,1674
PA0581300,Silver Lake Township Police Department,PA,1494
PA0211700,Silver Spring Township Police Department,PA,21949
PA0061700,Sinking Spring Police Department,PA,4340
PA0484800,Slate Belt Regional Police Department,PA,13603
PA0390700,Slatington Police Department,PA,4344
PA0100300,Slippery Rock Police Department,PA,3670
PA0101100,Slippery Rock University,PA,0
PA0420800,Smethport Police Department,PA,1367
PA0633200,Smith Township Police Department,PA,5592
PA0550000,Snyder County Sheriff's Office,PA,0
PA0091800,Solebury Township Police Department,PA,8680
PA0560200,Somerset Police Department,PA,5827
PA0462600,Souderton Police Department,PA,7319
PA0351900,South Abington Township Police Department,PA,12613
PA0381700,South Annville Township Police Department,PA,3490
PA0043900,South Beaver Township Police Department,PA,2627
PA0031200,South Buffalo Township Police Department,PA,2647
PA0020J00,South Fayette Township Police Department,PA,18645
PA0652100,South Greensburg Police Department,PA,2097
PA0064700,South Heidelberg Township Police Department,PA,14753
PA0044900,South Heights Police Department,PA,371
PA0380600,South Lebanon Township Police Department,PA,10683
PA0382200,South Londonderry Township Police Department,PA,8955
PA002B100,South Park School District,PA,0
PA0021E00,South Park Township Police Department,PA,13703
PA0432400,South Pymatuning Township Police Department,PA,2560
PA0633300,South Strabane Township Police Department,PA,9600
PA0391300,South Whitehall Township Police Department,PA,22010
PA0412700,South Williamsport Area School District,PA,0
PA0410400,South Williamsport Police Department,PA,7341
PA0033100,Southern Armstrong Regional Police Department,PA,6723
PA0156700,Southern Chester County Regional Police Department,PA,15661
PA0161600,Southern Clarion County Regional Police Department,PA,3141
PA0674800,Southern Regional York County Police Department,PA,13830
PA0652300,Southwest Greensburg Police Department,PA,2153
PA0260400,"Southwest Regiona Police Departmentl, Fayette County",PA,1881
PA0151100,Spring City Police Department,PA,4045
PA0061800,"Spring Township Police Department, Berks County",PA,28958
PA0140500,"Spring Township Police Department, Centre County",PA,8270
PA0029100,Springdale Police Department,PA,3242
PA0670400,Springettsbury Township Police Department,PA,27891
PA0093500,"Springfield Township Police Department, Bucks County",PA,5252
PA0233100,"Springfield Township Police Department, Delaware County",PA,25245
PA0462300,"Springfield Township Police Department, Montgomery County",PA,21263
PA0540800,St. Clair Borough Police Department,PA,3650
PA0655300,St. Clair Township Police Department,PA,1953
PA0240300,St. Marys City Police Department,PA,12273
PA0222300,State Capitol Police,PA,0
PA0140300,State College Police Department,PA,57940
PA0141800,State Park Rangers: Bald Eagle,PA,0
PA0132000,State Park Rangers: Beltzville,PA,0
PA0512600,State Park Rangers: Ben Rush,PA,0
PA0242500,State Park Rangers: Bendigo,PA,0
PA0141700,State Park Rangers: Black Moshannon,PA,0
PA0050900,State Park Rangers: Blue Knob,PA,0
PA0281100,State Park Rangers: Caledonia,PA,0
PA0071900,State Park Rangers: Canoe Creek,PA,0
PA0621200,State Park Rangers: Chapman,PA,0
PA0331300,State Park Rangers: Clear Creek,PA,0
PA0670700,State Park Rangers: Codorus,PA,0
PA0212300,State Park Rangers: Colonel Denning,PA,0
PA0161100,State Park Rangers: Cook Forest,PA,0
PA0290300,State Park Rangers: Cowans Gap,PA,0
PA0093300,State Park Rangers: Delaware Canal,PA,0
PA0463900,State Park Rangers: Evansburg,PA,0
PA0465600,State Park Rangers: Fort Washington,PA,0
PA0407500,State Park Rangers: Frances Slocum,PA,0
PA0066500,State Park Rangers: French Creek,PA,0
PA0671100,State Park Rangers: Gifford Pinchot,PA,0
PA0311000,State Park Rangers: Greenwood Furnace,PA,0
PA0132100,State Park Rangers: Hickory Run,PA,0
PA0592000,State Park Rangers: Hills Creek,PA,0
PA0483800,State Park Rangers: Jacobsburg Environmental Education Center,PA,0
PA0103900,State Park Rangers: Jennings Environmental Education Center,PA,0
PA0182500,State Park Rangers: Kettle Creek,PA,0
PA0656000,State Park Rangers: Keystone,PA,0
PA0213500,State Park Rangers: Kings Gap Environmental Education Center,PA,0
PA0562700,State Park Rangers: Kooser,PA,0
PA0352100,State Park Rangers: Lackawanna,PA,0
PA0562900,State Park Rangers: Laurel Hill,PA,0
PA0562800,State Park Rangers: Laurel Ridge,PA,0
PA0592100,State Park Rangers: Leonard Harrison,PA,0
PA0656100,State Park Rangers: Linn Run,PA,0
PA0501500,State Park Rangers: Little Buffalo,PA,0
PA0412100,State Park Rangers: Little Pine,PA,0
PA0531500,State Park Rangers: Lyman Run,PA,0
PA0156000,State Park Rangers: Marsh Creek,PA,0
PA0432600,State Park Rangers: Maurice K. Goddard,PA,0
PA0380800,State Park Rangers: Memorial Lake,PA,0
PA0103800,State Park Rangers: Moraine,PA,0
PA0171900,State Park Rangers: Moshannon State Forest,PA,0
PA0082000,State Park Rangers: Mount Pisgah,PA,0
PA0093000,State Park Rangers: Neshaminy,PA,0
PA0094000,State Park Rangers: Nockamixon,PA,0
PA0263600,State Park Rangers: Ohiopyle,PA,0
PA0611500,State Park Rangers: Oil Creek,PA,0
PA0531400,State Park Rangers: Ole Bull,PA,0
PA0171800,State Park Rangers: Parker Dam,PA,0
PA0212500,State Park Rangers: Pine Grove Furnace,PA,0
PA002A600,State Park Rangers: Point,PA,0
PA0251300,State Park Rangers: Presque Isle,PA,0
PA0116800,State Park Rangers: Prince Gallitzin,PA,0
PA0520700,State Park Rangers: Promised Land,PA,0
PA0200900,State Park Rangers: Pymatuning,PA,0
PA0045600,State Park Rangers: Raccoon Creek,PA,0
PA0600900,State Park Rangers: Raymond B. Winter,PA,0
PA0441100,State Park Rangers: Reeds Gap,PA,0
PA0403000,State Park Rangers: Ricketts Glen,PA,0
PA0235300,State Park Rangers: Ridley Creek,PA,0
PA0300800,State Park Rangers: Ryerson Station,PA,0
PA0676400,State Park Rangers: Samuel S. Lewis,PA,0
PA0051000,State Park Rangers: Shawnee,PA,0
PA0492100,State Park Rangers: Shikellamy,PA,0
PA0120500,State Park Rangers: Sinnemahoning,PA,0
PA0120300,State Park Rangers: Sizerville,PA,0
PA0365900,State Park Rangers: Susquehannock,PA,0
PA0451200,State Park Rangers: Tobyhanna,PA,0
PA0310900,State Park Rangers: Trough Creek,PA,0
PA0545400,State Park Rangers: Tuscarora,PA,0
PA0094900,State Park Rangers: Tyler,PA,0
PA0661500,State Park Rangers: Vosburg Neck,PA,0
PA0155900,State Park Rangers: White Clay,PA,0
PA0570400,State Park Rangers: Worlds End,PA,0
PA0321600,State Park Rangers: Yellow Creek,PA,0
PAPSP0000,State Police,PA,0
PA001SP00,State Police: Adams County,PA,45235
PA002SP00,State Police: Allegheny County,PA,0
PA003SP00,State Police: Armstrong County,PA,26157
PA004SP00,State Police: Beaver County,PA,6946
PA005SP00,State Police: Bedford County,PA,40820
PA006SP00,State Police: Berks County,PA,75131
PA007SP00,State Police: Blair County,PA,25452
PA008SP00,State Police: Bradford County,PA,38969
PA009SP00,State Police: Bucks County,PA,23689
PA010SP00,State Police: Butler County,PA,71056
PA011SP00,State Police: Cambria County,PA,22017
PA012SP00,State Police: Cameron County,PA,2466
PA013SP00,State Police: Carbon County,PA,25187
PA014SP00,State Police: Centre County,PA,52449
PA015SP00,State Police: Chester County,PA,125584
PA016SP00,State Police: Clarion County,PA,28237
PA017SP00,State Police: Clearfield County,PA,43000
PA018SP00,State Police: Clinton County,PA,15639
PA019SP00,State Police: Columbia County,PA,12736
PA020SP00,State Police: Crawford County,PA,45038
PA021SP00,State Police: Cumberland County,PA,66909
PA023SP00,State Police: Delaware County,PA,54982
PA022SP00,State Police: Elizabethville,PA,60914
PA024SP00,State Police: Elk County,PA,11353
PA025SP00,State Police: Erie County,PA,89281
PA026SP00,State Police: Fayette County,PA,71180
PA028SP00,State Police: Franklin County,PA,102714
PA029SP00,State Police: Fulton County,PA,14375
PA030SP00,State Police: Greene County,PA,21516
PA031SP00,State Police: Huntingdon County,PA,33951
PA032SP00,State Police: Indiana County,PA,60584
PA033SP00,State Police: Jefferson County,PA,27786
PA034SP00,State Police: Juniata County,PA,22783
PA035SP00,State Police: Lackawanna County,PA,7563
PA036SP00,State Police: Lancaster County,PA,99440
PA037SP00,State Police: Lawrence County,PA,15355
PA038SP00,State Police: Lebanon County,PA,35458
PA039SP00,State Police: Lehigh County,PA,84449
PA040SP00,State Police: Luzerne County,PA,47584
PA041SP00,State Police: Lycoming County,PA,52506
PA042SP00,State Police: McKean County,PA,14876
PA043SP00,State Police: Mercer County,PA,37132
PA044SP00,State Police: Mifflin County,PA,11706
PA045SP00,State Police: Monroe County,PA,76655
PA047SP00,State Police: Montour County,PA,9359
PA048SP00,State Police: Northampton County,PA,30465
PA049SP00,State Police: Northumberland County,PA,30389
PA050SP00,State Police: Perry County,PA,44178
PA051SP00,State Police: Philadelphia County,PA,0
PA052SP00,State Police: Pike County,PA,55884
PA053SP00,State Police: Potter County,PA,11546
PA054SP00,State Police: Schuylkill County,PA,45527
PA046SP00,State Police: Skippack,PA,59655
PA055SP00,State Police: Snyder County,PA,31083
PA056SP00,State Police: Somerset County,PA,39220
PA057SP00,State Police: Sullivan County,PA,5932
PA058SP00,State Police: Susquehanna County,PA,32310
PA059SP00,State Police: Tioga County,PA,25712
PA027SP00,State Police: Tionesta,PA,6495
PA060SP00,State Police: Union County,PA,24903
PA061SP00,State Police: Venango County,PA,27974
PA062SP00,State Police: Warren County,PA,22965
PA063SP00,State Police: Washington County,PA,31368
PA064SP00,State Police: Wayne County,PA,42518
PA065SP00,State Police: Westmoreland County,PA,130342
PA066SP00,State Police: Wyoming County,PA,15672
PAPSP9400,State Police: York County,PA,68475
PA0220700,Steelton Police Department,PA,6382
PA0431400,Stoneboro Police Department,PA,917
PA0114000,Stonycreek Township Police Department,PA,2648
PA0024300,Stowe Township Police Department,PA,6129
PA0363000,Strasburg Police Department,PA,3095
PA0450800,Stroud Area Regional Police Department,PA,34731
PA0402200,Sugar Notch Police Department,PA,1012
PA0610500,Sugarcreek Police Department,PA,4699
PA0406000,"Sugarloaf Township Police Department, Luzerne County",PA,4091
PA0114200,Summerhill Township Police Department,PA,2225
PA0130600,Summit Hill Police Department,PA,3139
PA0562600,Summit Township Police Department,PA,2077
PA0490500,Sunbury Police Department,PA,9511
PA0363800,Susquehanna Regional Police Department,PA,15095
PA0220800,"Susquehanna Township Police Department, Dauphin County",PA,28593
PA0233200,Swarthmore Police Department,PA,6613
PA0220900,Swatara Township Police Department,PA,29687
PA002C200,Swissvale-Braddock Hills Regional Police Department,PA,9852
PA0402300,Swoyersville Police Department,PA,5113
PA0330700,Sykesville Police Department,PA,1075
PA0541100,Tamaqua Police Department,PA,6953
PA0029200,Tarentum Police Department,PA,7241
PA0482300,Tatamy Police Department,PA,1447
PA0351200,Taylor Police Department,PA,6246
PA0463700,Telford Police Department,PA,4989
PA0510600,Temple University,PA,0
PA043259E,Thiel College,PA,0
PA0351300,Throop Police Department,PA,4141
PA0066200,Tilden Township Police Department,PA,3719
PA0095100,"Tinicum Township Police Department, Bucks County",PA,3845
PA0233300,"Tinicum Township Police Department, Delaware County",PA,4019
PA0590000,Tioga County Sheriff's Office,PA,0
PA0200200,Titusville Police Department,PA,5131
PA0465900,Towamencin Township Police Department,PA,18117
PA0080400,Towanda Police Department,PA,2768
PA0542800,Tower City Police Department,PA,1440
PA0652400,Trafford Police Department,PA,3217
PA0233400,Trainer Police Department,PA,1986
PA0151200,Tredyffrin Township Police Department,PA,32112
PA0082100,Troy Area School District,PA,0
PA0080500,Troy Police Department,PA,1242
PA0091900,Tullytown Police Department,PA,2254
PA0066000,Tulpehocken Township Police Department,PA,5720
PA0660400,Tunkhannock Police Department,PA,1718
PA0661200,"Tunkhannock Township Police Department, Wyoming County",PA,7012
PA0024500,Turtle Creek Police Department,PA,4879
PA0281900,Tuscarora School District,PA,0
PA0070400,Tyrone Police Department,PA,5276
PA0250700,Union City Police Department,PA,2840
PA0600000,Union County Sheriff's Office,PA,0
PA0370800,"Union Township Police Department, Lawrence County",PA,4839
PA0543000,"Union Township Police Department, Schuylkill County",PA,1240
PA0260300,Uniontown Police Department,PA,9453
PA0510400,University of Pennsylvania,PA,0
PA0421500,University of Pittsburgh: Bradford,PA,0
PA0655600,University of Pittsburgh: Greensburg,PA,0
PA0116500,University of Pittsburgh: Johnstown,PA,0
PA0021N00,University of Pittsburgh: Pittsburgh,PA,0
PA0201900,University of Pittsburgh: Titusville,PA,0
PA035399E,University of Scranton,PA,0
PA0233500,Upland Police Department,PA,3080
PA0211800,Upper Allen Township Police Department,PA,24786
PA0653700,Upper Burrell Township Police Department,PA,2124
PA0233600,Upper Chichester Township Police Department,PA,17034
PA0233700,Upper Darby Township Police Department,PA,86160
PA0462700,Upper Dublin Township Police Department,PA,27692
PA0462800,Upper Gwynedd Township Police Department,PA,17492
PA0392700,Upper Macungie Township Police Department,PA,30034
PA0092300,Upper Makefield Township Police Department,PA,8897
PA0462900,Upper Merion Township Police Department,PA,37149
PA0463000,Upper Moreland Township Police Department,PA,26292
PA0483200,Upper Nazareth Township Police Department,PA,8533
PA0466000,Upper Perk Police Department,PA,4130
PA0464600,Upper Pottsgrove Township Police Department,PA,6418
PA0233800,"Upper Providence Township Police Department, Delaware County",PA,10955
PA0463800,"Upper Providence Township Police Department, Montgomery County",PA,25340
PA0391100,Upper Saucon Township Police Department,PA,18561
PA0092000,Upper Southampton Township Police Department,PA,15143
PA0022500,Upper St. Clair Township Police Department,PA,20493
PA0152500,Upper Uwchlan Township Police Department,PA,13955
PA0152800,Uwchlan Township Police Department,PA,19935
PA0154400,Valley Township Police Department,PA,8071
PA0651300,Vandergrift Police Department,PA,5504
PA0029400,Verona Police Department,PA,2381
PA0029500,Versailles Police Department,PA,1411
PA023579E,Villanova University,PA,0
PA0115600,Vintondale Police Department,PA,400
PA0544500,Walker Township Police Department,PA,1016
PA0482800,Walnutport Police Department,PA,2106
PA0371700,Wampum Police Department,PA,539
PA0092100,Warminster Township Police Department,PA,33452
PA0620000,Warren County Sheriff's Office,PA,0
PA0620100,Warren Police Department,PA,9059
PA0094500,Warrington Township Police Department,PA,26473
PA0093600,"Warwick Township Police Department, Bucks County",PA,14800
PA0634300,Washington County District Attorney,PA,0
PA0630000,Washington County Sheriff's Office,PA,0
PA0630500,"Washington Police Department, Washington County",PA,13384
PA0638000,Washington School District,PA,0
PA0260800,"Washington Township Police Department, Fayette County",PA,3649
PA0280600,"Washington Township Police Department, Franklin County",PA,15550
PA0482500,"Washington Township Police Department, Northampton County",PA,5201
PA0654900,"Washington Township Police Department, Westmoreland County",PA,6794
PA063589E,Washington and Jefferson College,PA,0
PA0491400,Watsontown Police Department,PA,2199
PA0352400,Waverly Township Police Department,PA,1856
PA0640300,Waymart Police Department,PA,1284
PA0640000,Wayne  County Sheriff's Office,PA,0
PA0371000,Wayne Township Police Department,PA,2400
PA0280300,Waynesboro Police Department,PA,11119
PA0300100,Waynesburg Police Department,PA,3632
PA0130700,Weatherly Police Department,PA,2550
PA0131600,Weissport Police Department,PA,412
PA0590100,Wellsboro Police Department,PA,3410
PA0250500,Wesleyville Police Department,PA,3114
PA0155500,West Brandywine Township Police Department,PA,11926
PA0633600,West Brownsville Police Department,PA,965
PA0155200,West Caln Township Police Department,PA,9117
PA0151300,West Chester Police Department,PA,23951
PA0154600,West Chester University,PA,0
PA0463600,West Conshohocken Police Department,PA,1511
PA0021D00,West Deer Township Police Department,PA,12235
PA0364800,West Earl Township Police Department,PA,25511
PA0484900,West Easton Police Department,PA,1249
PA0153700,West Fallowfield Township Police Department,PA,2503
PA0151400,West Goshen Township Police Department,PA,24420
PA0402400,West Hazleton Police Department,PA,5247
PA0363400,West Hempfield Township Police Department,PA,20243
PA0115900,West Hills Regional Police Department,PA,14741
PA0024600,West Homestead Police Department,PA,1788
PA0032000,West Kittanning Police Department,PA,1143
PA0361400,West Lampeter Township Police Department,PA,17340
PA0543700,West Mahanoy Township Police Department,PA,2894
PA0670900,West Manchester Township Police Department,PA,19416
PA0672700,West Manheim Township Police Department,PA,11431
PA0201400,West Mead Township Police Department,PA,4917
PA0024700,West Mifflin Police Department,PA,18738
PA0652500,West Newton Police Department,PA,2582
PA0463100,West Norriton Township Police Department,PA,16469
PA0155300,West Nottingham Township Police Department,PA,2905
PA0544300,West Penn Township Police Department,PA,4612
PA0635000,West Pike Run Police Department,PA,1510
PA0155700,West Pikeland Township Police Department,PA,4087
PA0464800,West Pottsgrove Township Police Department,PA,3825
PA0062100,West Reading Police Department,PA,4613
PA0153800,West Sadsbury Township Police Department,PA,2467
PA0210500,West Shore Regional Police Department,PA,7969
PA0408800,West Side Regional Police Department,PA,9320
PA0029800,West View Police Department,PA,6366
PA0153900,West Vincent Township Police Department,PA,6991
PA0154000,West Whiteland Township Police Department,PA,21199
PA0671000,West York Police Department,PA,5134
PA0383300,Western Lebanon County Regional Police Department,PA,12801
PA002C39P,Western Pennsylvania School for Blind Children,PA,0
PA0590700,Westfield Police Department,PA,1095
PA0655200,Westmoreland County Park,PA,0
PA0650000,Westmoreland County Sheriff's Office,PA,0
PA0152700,Westtown-East Goshen Regional Police Department,PA,29951
PA0029900,Whitaker Borough Police Department,PA,1125
PA0403800,White Haven Borough Police Department,PA,1206
PA0020K00,White Oak Police Department,PA,7285
PA0022600,Whitehall Police Department,PA,14590
PA0390800,Whitehall Township Police Department,PA,29782
PA0463200,Whitemarsh Township Police Department,PA,20273
PA0463300,Whitpain Township Police Department,PA,20701
PA0221800,Wiconisco Township Police Department,PA,1168
PA040859E,Wilkes University,PA,0
PA0401300,Wilkes-Barre Police Department,PA,44758
PA0402700,Wilkes-Barre Township Police Department,PA,3231
PA0020L00,Wilkins Township Police Department,PA,6062
PA0022700,Wilkinsburg Police Department,PA,13671
PA0071000,Williamsburg Police Department,PA,1196
PA0410500,Williamsport Police Department,PA,27599
PA0151600,Willistown Township Police Department,PA,11541
PA0481000,Wilson Police Department,PA,8151
PA0560300,Windber Police Department,PA,4654
PA0065200,Womelsdorf Police Department,PA,2969
PA0180600,Woodward Township Police Department,PA,2466
PA0032500,Worthington Police Department,PA,567
PA0403900,Wright Township Police Department,PA,5880
PA0082200,Wyalusing Area School District,PA,0
PA0408200,Wyoming Area Regional Police Department,PA,18325
PA0660000,Wyoming County Sheriff's Office,PA,0
PA0062200,Wyomissing Police Department,PA,11339
PA0092200,Yardley Police Department,PA,2588
PA0233900,Yeadon Police Department,PA,12500
PA067619E,York College of Pennsylvania,PA,0
PA0676600,York County Regional Police Department,PA,86205
PA0670000,York County Sheriff's Office,PA,0
PA0670200,York Police Department,PA,45356
PA0620600,Youngsville Police Department,PA,1648
PA0100400,Zelienople Police Department,PA,3736
PRPPR0000,Puerto Rico ,PR,3184835
RI0010100,Barrington Police Department,RI,16967
RI0010200,Bristol Police Department,RI,21874
RI004239E,Brown University,RI,0
RI0041600,Burrillville Police Department,RI,16937
RI0040100,Central Falls Police Department,RI,23119
RI0050700,Charlestown Police Department,RI,8054
RI0020100,Coventry Police Department,RI,36111
RI0040200,Cranston Police Department,RI,84734
RI0040300,Cumberland Police Department,RI,37735
RI0041700,Department of Environmental Management,RI,0
RI0020200,East Greenwich Police Department,RI,14863
RI0040400,East Providence Police Department,RI,48113
RI0041300,Foster Police Department,RI,4636
RI0041400,Glocester Police Department,RI,10632
RI0050600,Hopkinton Police Department,RI,8425
RI0030100,Jamestown Police Department,RI,5471
RI0040500,Johnston Police Department,RI,30522
RI0040600,Lincoln Police Department,RI,23727
RI0030600,Little Compton Police Department,RI,3532
RI0030200,Middletown Police Department,RI,16474
RI0050100,Narragansett Police Department,RI,14360
RIDI00300,Narragansett Tribal,RI,0
RI0050900,New Shoreham Police Department,RI,1413
RI0030300,Newport Police Department,RI,24287
RI0050200,North Kingstown Police Department,RI,27950
RI0040700,North Providence Police Department,RI,34901
RI0041500,North Smithfield Police Department,RI,12957
RI0040800,Pawtucket Police Department,RI,77252
RI0030400,Portsmouth Police Department,RI,17253
RI0040900,Providence Police Department,RI,195376
RIRSP0000,Rhode Island State Police Headquarters,RI,0
RI0050500,Richmond Police Department,RI,8151
RI0041000,Scituate Police Department,RI,10816
RI0041100,Smithfield Police Department,RI,22605
RI0050300,South Kingstown Police Department,RI,32084
RIRSP0300,State Police: Hope Valley,RI,0
RIRSP0500,State Police: Lincoln,RI,0
RIRSP0600,State Police: Portsmouth,RI,0
RIRSP0200,State Police: Scituate,RI,0
RIRSP0900,State Police: Wickford,RI,6585
RI0020600,T.F. Green International Airport,RI,0
RI0030500,Tiverton Police Department,RI,15814
RI0051000,University of Rhode Island,RI,0
RI0010300,Warren Police Department,RI,11065
RI0020300,Warwick Police Department,RI,83590
RI0020500,West Greenwich Police Department,RI,6757
RI0020400,West Warwick Police Department,RI,31358
RI0050400,Westerly Police Department,RI,23242
RI0041200,Woonsocket Police Department,RI,44779
SC0010000,Abbeville County Sheriff's Office,SC,16681
SC0010100,Abbeville Police Department,SC,4873
SC0020000,Aiken County Sheriff's Office,SC,113812
SC0020100,Aiken Police Department,SC,32830
SC0030000,Allendale County Sheriff's Office,SC,3640
SC0030100,Allendale Police Department,SC,2452
SC0040000,Anderson County Sheriff's Office,SC,174915
SC0040100,Anderson Police Department,SC,31319
SC004019E,Anderson University,SC,0
SC0220100,Andrews Police Department,SC,2515
SC0260100,Atlantic Beach Police Department,SC,503
SC032289E,Atlantic Railways,SC,0
SC0260300,Aynor Police Department,SC,1083
SC0050000,Bamberg County Sheriff's Office,SC,6376
SC0050100,Bamberg Police Department,SC,2915
SC0060000,Barnwell County Sheriff's Office,SC,11118
SC0060100,Barnwell Police Department,SC,4574
SC0320100,Batesburg-Leesville Police Department,SC,5335
SC0070000,Beaufort County Sheriff's Office,SC,135071
SC0070100,Beaufort Police Department,SC,14521
SC0408E00,Benedict College,SC,0
SC0350100,Bennettsville Police Department,SC,7500
SC0080000,Berkeley County Sheriff's Office,SC,155402
SC0310100,Bishopville Police Department,SC,2852
SC0110100,Blacksburg Police Department,SC,1971
SC0060300,Blackville Police Department,SC,1901
SC0070200,Bluffton Police Department,SC,38446
SC0231900,Bob Jones University,SC,0
SC0380300,Bowman Police Department,SC,763
SC0380200,Branchville Police Department,SC,965
SC0261100,Briarcliffe Acres Police Department,SC,591
SC040BP00,Bureau of Protective Services,SC,0
SC0020400,Burnettown Police Department,SC,3270
SC0090000,Calhoun County Sheriff's Office,SC,12077
SC0010200,Calhoun Falls Police Department,SC,1752
SC0280100,Camden Police Department,SC,9197
SC0090100,Cameron Police Department,SC,374
SC0420500,Campobello Police Department,SC,788
SCDI00700,Catawba Nation,SC,0
SC0320200,Cayce Police Department,SC,13617
SC0390100,Central Police Department,SC,5356
SC0320600,Chapin Police Department,SC,1965
SC0101500,Charleston County Aviation Authority,SC,0
SC0100000,Charleston County Sheriff's Office,SC,89066
SC0100100,Charleston Police Department,SC,159360
SC0130100,Cheraw Police Department,SC,4933
SC0110000,Cherokee County Sheriff's Office,SC,43667
SC0420600,Chesnee Police Department,SC,962
SC0120000,Chester County Sheriff's Office,SC,24201
SC0120100,Chester Police Department,SC,5220
SC0130000,Chesterfield County Sheriff's Office,SC,35153
SC0130200,Chesterfield Police Department,SC,1355
SC0140000,Clarendon County Sheriff's Office,SC,26485
SC0390200,Clemson Police Department,SC,18832
SC0390600,Clemson University,SC,0
SC0300200,Clinton Police Department,SC,7910
SC0350300,Clio Police Department,SC,567
SC0460100,Clover Police Department,SC,7768
SC0261000,Coastal Carolina University,SC,0
SC0101700,College of Charleston,SC,0
SC0150000,Colleton County Sheriff's Office,SC,32159
SC040219E,Columbia College,SC,0
SC0321300,Columbia Metropolitan Airport,SC,0
SC0400100,Columbia Police Department,SC,147021
SC0260200,Conway Police Department,SC,30900
SC0150300,Cottageville Police Department,SC,725
SC0210300,Coward Police Department,SC,716
SC0420700,Cowpens Police Department,SC,2283
SC0160000,Darlington County Sheriff's Office,SC,47687
SC0160100,Darlington Police Department,SC,6009
SC0050200,Denmark Police Department,SC,3048
SC0050500,Denmark Technical College,SC,0
SC001990X,Department of Health and Environmental Control Drug Control: Abbeville County,SC,0
SC002990X,Department of Health and Environmental Control Drug Control: Aiken County,SC,0
SC003990X,Department of Health and Environmental Control Drug Control: Allendale,SC,0
SC004990X,Department of Health and Environmental Control Drug Control: Anderson County,SC,0
SC005990X,Department of Health and Environmental Control Drug Control: Bamberg,SC,0
SC006990X,Department of Health and Environmental Control Drug Control: Barnwell County,SC,0
SC007990X,Department of Health and Environmental Control Drug Control: Beaufort County,SC,0
SC008990X,Department of Health and Environmental Control Drug Control: Berkeley County,SC,0
SC009990X,Department of Health and Environmental Control Drug Control: Calhoun County,SC,0
SC010990X,Department of Health and Environmental Control Drug Control: Charleston County,SC,0
SC011990X,Department of Health and Environmental Control Drug Control: Cherokee,SC,0
SC012990X,Department of Health and Environmental Control Drug Control: Chester County,SC,0
SC013990X,Department of Health and Environmental Control Drug Control: Chesterfield,SC,0
SC014990X,Department of Health and Environmental Control Drug Control: Clarendon,SC,0
SC015990X,Department of Health and Environmental Control Drug Control: Colleton County,SC,0
SC016990X,Department of Health and Environmental Control Drug Control: Darlington County,SC,0
SC017990X,Department of Health and Environmental Control Drug Control: Dillon County,SC,0
SC018990X,Department of Health and Environmental Control Drug Control: Dorchester County,SC,0
SC019990X,Department of Health and Environmental Control Drug Control: Edgefield,SC,0
SC020990X,Department of Health and Environmental Control Drug Control: Fairfield,SC,0
SC021990X,Department of Health and Environmental Control Drug Control: Florence County,SC,0
SC022990X,Department of Health and Environmental Control Drug Control: Georgetown,SC,0
SC023990X,Department of Health and Environmental Control Drug Control: Greenville County,SC,0
SC024990X,Department of Health and Environmental Control Drug Control: Greenwood County,SC,0
SC025990X,Department of Health and Environmental Control Drug Control: Hampton,SC,0
SC026990X,Department of Health and Environmental Control Drug Control: Horry County,SC,0
SC027990X,Department of Health and Environmental Control Drug Control: Jasper County,SC,0
SC028990X,Department of Health and Environmental Control Drug Control: Kershaw County,SC,0
SC029990X,Department of Health and Environmental Control Drug Control: Lancaster County,SC,0
SC030990X,Department of Health and Environmental Control Drug Control: Laurens,SC,0
SC031990X,Department of Health and Environmental Control Drug Control: Lee,SC,0
SC032990X,Department of Health and Environmental Control Drug Control: Lexington County,SC,0
SC034990X,Department of Health and Environmental Control Drug Control: Marion,SC,0
SC035990X,Department of Health and Environmental Control Drug Control: Marlboro County,SC,0
SC033990X,Department of Health and Environmental Control Drug Control: McCormick,SC,0
SC036990X,Department of Health and Environmental Control Drug Control: Newberry,SC,0
SC037990X,Department of Health and Environmental Control Drug Control: Oconee County,SC,0
SC038990X,Department of Health and Environmental Control Drug Control: Orangeburg County,SC,0
SC039990X,Department of Health and Environmental Control Drug Control: Pickens County,SC,0
SC040990X,Department of Health and Environmental Control Drug Control: Richland County,SC,0
SC041990X,Department of Health and Environmental Control Drug Control: Saluda,SC,0
SC042990X,Department of Health and Environmental Control Drug Control: Spartanburg County,SC,0
SC043990X,Department of Health and Environmental Control Drug Control: Sumter County,SC,0
SC044990X,Department of Health and Environmental Control Drug Control: Union,SC,0
SC045990X,Department of Health and Environmental Control Drug Control: Williamsburg County,SC,0
SC046990X,Department of Health and Environmental Control Drug Control: York County,SC,0
SC0401200,Department of Mental Health,SC,0
SC001NR00,Department of Natural Resources: Abbeville County,SC,0
SC002NR00,Department of Natural Resources: Aiken County,SC,0
SC003NR00,Department of Natural Resources: Allendale County,SC,0
SC004NR00,Department of Natural Resources: Anderson County,SC,0
SC005NR00,Department of Natural Resources: Bamberg County,SC,0
SC006NR00,Department of Natural Resources: Barnwell County,SC,0
SC007NR00,Department of Natural Resources: Beaufort County,SC,0
SC008NR00,Department of Natural Resources: Berkeley County,SC,0
SC009NR00,Department of Natural Resources: Calhoun County,SC,0
SC010NR00,Department of Natural Resources: Charleston County,SC,0
SC011NR00,Department of Natural Resources: Cherokee County,SC,0
SC012NR00,Department of Natural Resources: Chester County,SC,0
SC013NR00,Department of Natural Resources: Chesterfield County,SC,0
SC014NR00,Department of Natural Resources: Clarendon County,SC,0
SC015NR00,Department of Natural Resources: Colleton County,SC,0
SC016NR00,Department of Natural Resources: Darlington County,SC,0
SC017NR00,Department of Natural Resources: Dillon County,SC,0
SC018NR00,Department of Natural Resources: Dorchester County,SC,0
SC019NR00,Department of Natural Resources: Edgefield County,SC,0
SC020NR00,Department of Natural Resources: Fairfield County,SC,0
SC021NR00,Department of Natural Resources: Florence County,SC,0
SC022NR00,Department of Natural Resources: Georgetown County,SC,0
SC023NR00,Department of Natural Resources: Greenville County,SC,0
SC024NR00,Department of Natural Resources: Greenwood County,SC,0
SC025NR00,Department of Natural Resources: Hampton County,SC,0
SC026NR00,Department of Natural Resources: Horry County,SC,0
SC027NR00,Department of Natural Resources: Jasper County,SC,0
SC028NR00,Department of Natural Resources: Kershaw County,SC,0
SC029NR00,Department of Natural Resources: Lancaster County,SC,0
SC030NR00,Department of Natural Resources: Laurens County,SC,0
SC031NR00,Department of Natural Resources: Lee County,SC,0
SC032NR00,Department of Natural Resources: Lexington County,SC,0
SC034NR00,Department of Natural Resources: Marion County,SC,0
SC035NR00,Department of Natural Resources: Marlboro County,SC,0
SC033NR00,Department of Natural Resources: McCormick County,SC,0
SC036NR00,Department of Natural Resources: Newberry County,SC,0
SC037NR00,Department of Natural Resources: Oconee County,SC,0
SC038NR00,Department of Natural Resources: Orangeburg County,SC,0
SC039NR00,Department of Natural Resources: Pickens County,SC,0
SC040NR00,Department of Natural Resources: Richland County,SC,0
SC041NR00,Department of Natural Resources: Saluda County,SC,0
SC042NR00,Department of Natural Resources: Spartanburg County,SC,0
SC043NR00,Department of Natural Resources: Sumter County,SC,0
SC044NR00,Department of Natural Resources: Union County,SC,0
SC045NR00,Department of Natural Resources: Williamsburg County,SC,0
SC046NR00,Department of Natural Resources: York County,SC,0
SC0170000,Dillon County Sheriff's Office,SC,19239
SC0170100,Dillon Police Department,SC,6180
SC0180000,Dorchester County Sheriff's Office,SC,97607
SC0010400,Due West Police Department,SC,1308
SC0420300,Duncan Police Department,SC,4735
SC0390300,Easley Police Department,SC,28105
SC0190000,Edgefield County Sheriff's Office,SC,23199
SC0190100,Edgefield Police Department,SC,4209
SC0150200,Edisto Beach Police Department,SC,1068
SC0050300,Ehrhardt Police Department,SC,433
SC0280400,Elgin Police Department,SC,1663
SC0380500,Elloree Police Department,SC,543
SC0019E00,Erskine College,SC,0
SC0250200,Estill Police Department,SC,1760
SC0380600,Eutawville Police Department,SC,242
SC0030200,Fairfax Police Department,SC,1366
SC0200000,Fairfield County Sheriff's Office,SC,16738
SC0210000,Florence County Sheriff's Office,SC,83971
SC0210100,Florence Police Department,SC,41133
SC0211300,Florence Regional Airport,SC,0
SC0100400,Folly Beach Police Department,SC,2086
SC0400400,Forest Acres Police Department,SC,10393
SC001FC00,Forestry Commission: Abbeville County,SC,0
SC002FC00,Forestry Commission: Aiken County,SC,0
SC003FC00,Forestry Commission: Allendale County,SC,0
SC004FC00,Forestry Commission: Anderson County,SC,0
SC005FC00,Forestry Commission: Bamberg County,SC,0
SC006FC00,Forestry Commission: Barnwell County,SC,0
SC007FC00,Forestry Commission: Beaufort County,SC,0
SC008FC00,Forestry Commission: Berkeley County,SC,0
SC009FC00,Forestry Commission: Calhoun County,SC,0
SC010FC00,Forestry Commission: Charleston County,SC,0
SC011FC00,Forestry Commission: Cherokee County,SC,0
SC012FC00,Forestry Commission: Chester County,SC,0
SC013FC00,Forestry Commission: Chesterfield County,SC,0
SC014FC00,Forestry Commission: Clarendon County,SC,0
SC015FC00,Forestry Commission: Colleton County,SC,0
SC016FC00,Forestry Commission: Darlington County,SC,0
SC017FC00,Forestry Commission: Dillon County,SC,0
SC018FC00,Forestry Commission: Dorchester County,SC,0
SC019FC00,Forestry Commission: Edgefield County,SC,0
SC020FC00,Forestry Commission: Fairfield County,SC,0
SC021FC00,Forestry Commission: Florence County,SC,0
SC022FC00,Forestry Commission: Georgetown County,SC,0
SC023FC00,Forestry Commission: Greenville County,SC,0
SC024FC00,Forestry Commission: Greenwood County,SC,0
SC025FC00,Forestry Commission: Hampton County,SC,0
SC026FC00,Forestry Commission: Horry County,SC,0
SC027FC00,Forestry Commission: Jasper County,SC,0
SC028FC00,Forestry Commission: Kershaw County,SC,0
SC029FC00,Forestry Commission: Lancaster County,SC,0
SC030FC00,Forestry Commission: Laurens County,SC,0
SC031FC00,Forestry Commission: Lee County,SC,0
SC032FC00,Forestry Commission: Lexington County,SC,0
SC034FC00,Forestry Commission: Marion County,SC,0
SC035FC00,Forestry Commission: Marlboro County,SC,0
SC033FC00,Forestry Commission: McCormick County,SC,0
SC036FC00,Forestry Commission: Newberry County,SC,0
SC037FC00,Forestry Commission: Oconee County,SC,0
SC038FC00,Forestry Commission: Orangeburg County,SC,0
SC039FC00,Forestry Commission: Pickens County,SC,0
SC040FC00,Forestry Commission: Richland County,SC,0
SC041FC00,Forestry Commission: Saluda County,SC,0
SC042FC00,Forestry Commission: Spartanburg County,SC,0
SC043FC00,Forestry Commission: Sumter County,SC,0
SC044FC00,Forestry Commission: Union County,SC,0
SC045FC00,Forestry Commission: Williamsburg County,SC,0
SC046FC00,Forestry Commission: York County,SC,0
SC0120300,Fort Lawn Police Department,SC,984
SC0460200,Fort Mill Police Department,SC,39692
SC0230100,Fountain Inn Police Department,SC,14756
SC020209E,Foxville and Northern Railroad,SC,0
SC0211000,Francis Marion University,SC,0
SC0231000,Furman University,SC,0
SC0110200,Gaffney Police Department,SC,12499
SC0321400,Gaston Police Department,SC,1650
SC0220000,Georgetown County Sheriff's Office,SC,55129
SC0220200,Georgetown Police Department,SC,8935
SC0250500,Gifford Police Department,SC,258
SC0080300,Goose Creek Police Department,SC,51433
SC0120200,Great Falls Police Department,SC,1921
SC0450400,Greeleyville Police Department,SC,355
SC0230000,Greenville County Sheriff's Office,SC,390870
SC0233000,Greenville Hospital: Greenville,SC,0
SC0230200,Greenville Police Department,SC,75127
SC0230700,Greenville Technical College,SC,0
SC0422800,Greenville-Spartanburg International Airport,SC,0
SC0240000,Greenwood County Sheriff's Office,SC,43705
SC0240100,Greenwood Police Department,SC,22695
SC0230300,Greer Police Department,SC,49394
SC0250000,Hampton County Sheriff's Office,SC,10897
SC0250300,Hampton Police Department,SC,2578
SC0080600,Hanahan Police Department,SC,22351
SC0270100,Hardeeville Police Department,SC,16040
SC0180300,Harleyville Police Department,SC,758
SC0160200,Hartsville Police Department,SC,7341
SC0450100,Hemingway Police Department,SC,458
SC001SP00,Highway Patrol: Abbeville County,SC,0
SC002SP00,Highway Patrol: Aiken County,SC,0
SC003SP00,Highway Patrol: Allendale County,SC,0
SC004SP00,Highway Patrol: Anderson County,SC,0
SC005SP00,Highway Patrol: Bamberg County,SC,0
SC006SP00,Highway Patrol: Barnwell County,SC,0
SC007SP00,Highway Patrol: Beaufort County,SC,0
SC008SP00,Highway Patrol: Berkeley County,SC,0
SC009SP00,Highway Patrol: Calhoun County,SC,0
SC010SP00,Highway Patrol: Charleston County,SC,0
SC011SP00,Highway Patrol: Cherokee County,SC,0
SC012SP00,Highway Patrol: Chester County,SC,0
SC013SP00,Highway Patrol: Chesterfield County,SC,0
SC014SP00,Highway Patrol: Clarendon County,SC,0
SC015SP00,Highway Patrol: Colleton County,SC,0
SC016SP00,Highway Patrol: Darlington County,SC,0
SC017SP00,Highway Patrol: Dillon County,SC,0
SC018SP00,Highway Patrol: Dorchester County,SC,0
SC019SP00,Highway Patrol: Edgefield County,SC,0
SC020SP00,Highway Patrol: Fairfield County,SC,0
SC021SP00,Highway Patrol: Florence County,SC,0
SC022SP00,Highway Patrol: Georgetown County,SC,0
SC023SP00,Highway Patrol: Greenville County,SC,0
SC024SP00,Highway Patrol: Greenwood County,SC,0
SC025SP00,Highway Patrol: Hampton County,SC,0
SC026SP00,Highway Patrol: Horry County,SC,0
SC027SP00,Highway Patrol: Jasper County,SC,0
SC028SP00,Highway Patrol: Kershaw County,SC,0
SC029SP00,Highway Patrol: Lancaster County,SC,0
SC030SP00,Highway Patrol: Laurens County,SC,0
SC031SP00,Highway Patrol: Lee County,SC,0
SC032SP00,Highway Patrol: Lexington County,SC,0
SC034SP00,Highway Patrol: Marion County,SC,0
SC035SP00,Highway Patrol: Marlboro County,SC,0
SC033SP00,Highway Patrol: McCormick County,SC,0
SC036SP00,Highway Patrol: Newberry County,SC,0
SC037SP00,Highway Patrol: Oconee County,SC,0
SC038SP00,Highway Patrol: Orangeburg County,SC,0
SC039SP00,Highway Patrol: Pickens County,SC,0
SC040SP00,Highway Patrol: Richland County,SC,0
SC041SP00,Highway Patrol: Saluda County,SC,0
SC042SP00,Highway Patrol: Spartanburg County,SC,0
SC043SP00,Highway Patrol: Sumter County,SC,0
SC044SP00,Highway Patrol: Union County,SC,0
SC045SP00,Highway Patrol: Williamsburg County,SC,0
SC046SP00,Highway Patrol: York County,SC,0
SC0380700,Holly Hill Police Department,SC,1251
SC0040300,Honea Path Police Department,SC,3935
SC0260400,Horry County Police Department,SC,326262
SC0260000,Horry County Sheriff's Office,SC,0
SC0420900,Inman Police Department,SC,3449
SC0320700,Irmo Police Department,SC,12240
SC0100500,Isle of Palms Police Department,SC,4384
SC0040600,Iva Police Department,SC,1207
SC0020500,Jackson Police Department,SC,1663
SC0080400,Jamestown Police Department,SC,73
SC0270000,Jasper County Sheriff's Office,SC,17828
SC0210400,Johnsonville Police Department,SC,1349
SC0190200,Johnston Police Department,SC,2271
SC0440300,Jonesville Police Department,SC,807
SC0280000,Kershaw County Sheriff's Office,SC,62442
SC0450200,Kingstree Police Department,SC,3013
SC0210200,Lake City Police Department,SC,5888
SC0170200,Lake View Police Department,SC,752
SC0160300,Lamar Police Department,SC,850
SC0290000,Lancaster County Sheriff's Office,SC,106128
SC0290100,Lancaster Police Department,SC,9628
SC0240500,Lander University,SC,0
SC0421000,Landrum Police Department,SC,2873
SC0450500,Lane Police Department,SC,446
SC0170300,Latta Police Department,SC,1229
SC0300000,Laurens County Sheriff's Office,SC,50277
SC0300100,Laurens Police Department,SC,9349
SC0310000,Lee County Sheriff's Office,SC,12961
SC0321700,Lexington County Medical Center,SC,0
SC0320000,Lexington County Sheriff's Office,SC,238755
SC0320400,Lexington Police Department,SC,25799
SC0390400,Liberty Police Department,SC,3343
SC0260500,Loris Police Department,SC,2923
SC0421100,Lyman Police Department,SC,7136
SC0140100,Manning Police Department,SC,3814
SC0340000,Marion County Sheriff's Office,SC,18023
SC0340100,Marion Police Department,SC,5995
SC0350000,Marlboro County Sheriff's Office,SC,15230
SC0230400,Mauldin Police Department,SC,31135
SC0130400,McBee Police Department,SC,819
SC0350200,McColl Police Department,SC,1954
SC0330000,McCormick County Sheriff's Office,SC,8200
SC0330100,McCormick Police Department,SC,1901
SC0100900,Medical University of South Carolina,SC,0
SC0321600,Midlands Technical College,SC,0
SC0080100,Moncks Corner Police Department,SC,19858
SC0100300,Mount Pleasant Police Department,SC,96727
SC0340200,Mullins Police Department,SC,3806
SC0260600,Myrtle Beach Police Department,SC,41764
SC0020600,New Ellenton Police Department,SC,2390
SC0360000,Newberry County Sheriff's Office,SC,25944
SC0360100,Newberry Police Department,SC,10919
SC0340300,Nichols Police Department,SC,219
SC0240400,Ninety Six Police Department,SC,2075
SC040209E,Norfolk Southern Railway,SC,0
SC0020300,North Augusta Police Department,SC,26895
SC0100800,North Charleston Police Department,SC,128751
SC0260700,North Myrtle Beach Police Department,SC,21295
SC0380800,North Police Department,SC,674
SC0380900,Norway Police Department,SC,274
SC0370000,Oconee County Sheriff's Office,SC,66846
SC0210500,Olanta Police Department,SC,549
SC0380000,Orangeburg County Sheriff's Office,SC,63523
SC0380100,Orangeburg Police Department,SC,13431
SC0381400,Orangeburg-Calhoun Technical College,SC,0
SC0421200,Pacolet Police Department,SC,2641
SC0130500,Pageland Police Department,SC,2535
SC0210600,Pamplico Police Department,SC,1061
SC0220300,Pawleys Island Police Department,SC,135
SC0320800,Pelion Police Department,SC,622
SC0040400,Pendleton Police Department,SC,3749
SC0021400,Perry Police Department,SC,213
SC0390000,Pickens County Sheriff's Office,SC,81124
SC0390500,Pickens Police Department,SC,3197
SC0320900,Pine Ridge Police Department,SC,2364
SC0070300,Port Royal Police Department,SC,17030
SC0309E00,Presbyterian College,SC,0
SC0360500,Prosperity Police Department,SC,1259
SC0210700,Quinby Police Department,SC,894
SC0400000,Richland County Sheriff's Office,SC,269173
SC0410200,Ridge Spring Police Department,SC,591
SC0270200,Ridgeland Police Department,SC,3742
SC0180400,Ridgeville Police Department,SC,1120
SC0200200,Ridgeway Police Department,SC,253
SC0460300,Rock Hill Police Department,SC,76087
SC0370500,Salem Police Department,SC,129
SC0020700,Salley Police Department,SC,355
SC0410000,Saluda County Sheriff's Office,SC,15437
SC0410100,Saluda Police Department,SC,3056
SC0080800,Santee Cooper,SC,0
SC0381100,Santee Police Department,SC,810
SC0210800,Scranton Police Department,SC,657
SC0340400,Sellers Police Department,SC,146
SC0370100,Seneca Police Department,SC,9290
SC0230500,Simpsonville Police Department,SC,29331
SC0160400,Society Hill Police Department,SC,425
SC001AA0X,South Carolina Law Enforcement Division: Abbeville County,SC,0
SC002AA0X,South Carolina Law Enforcement Division: Aiken County,SC,0
SC003AA0X,South Carolina Law Enforcement Division: Allendale County,SC,0
SC004AA0X,South Carolina Law Enforcement Division: Anderson County,SC,0
SC005AA0X,South Carolina Law Enforcement Division: Bamberg County,SC,0
SC006AA0X,South Carolina Law Enforcement Division: Barnwell County,SC,0
SC007AA0X,South Carolina Law Enforcement Division: Beaufort County,SC,0
SC008AA0X,South Carolina Law Enforcement Division: Berkeley County,SC,0
SC009AA0X,South Carolina Law Enforcement Division: Calhoun County,SC,0
SC010AA0X,South Carolina Law Enforcement Division: Charleston County,SC,0
SC011AA0X,South Carolina Law Enforcement Division: Cherokee County,SC,0
SC012AA0X,South Carolina Law Enforcement Division: Chester County,SC,0
SC013AA0X,South Carolina Law Enforcement Division: Chesterfield County,SC,0
SC014AA0X,South Carolina Law Enforcement Division: Clarendon County,SC,0
SC015AA0X,South Carolina Law Enforcement Division: Colleton County County Sheriff's Office,SC,0
SC016AA0X,South Carolina Law Enforcement Division: Darlington County,SC,0
SC017AA0X,South Carolina Law Enforcement Division: Dillon County,SC,0
SC018AA0X,South Carolina Law Enforcement Division: Dorchester County,SC,0
SC019AA0X,South Carolina Law Enforcement Division: Edgefield County,SC,0
SC020AA0X,South Carolina Law Enforcement Division: Fairfield County,SC,0
SC021AA0X,South Carolina Law Enforcement Division: Florence County,SC,0
SC022AA0X,South Carolina Law Enforcement Division: Georgetown County,SC,0
SC023AA0X,South Carolina Law Enforcement Division: Greenville County,SC,0
SC024AA0X,South Carolina Law Enforcement Division: Greenwood County,SC,0
SC025AA0X,South Carolina Law Enforcement Division: Hampton County,SC,0
SC026AA0X,South Carolina Law Enforcement Division: Horry County,SC,0
SC027AA0X,South Carolina Law Enforcement Division: Jasper County,SC,0
SC028AA0X,South Carolina Law Enforcement Division: Kershaw County,SC,0
SC029AA0X,South Carolina Law Enforcement Division: Lancaster County,SC,0
SC030AA0X,South Carolina Law Enforcement Division: Laurens County,SC,0
SC031AA0X,South Carolina Law Enforcement Division: Lee County,SC,0
SC032AA0X,South Carolina Law Enforcement Division: Lexington County,SC,0
SC034AA0X,South Carolina Law Enforcement Division: Marion County,SC,0
SC035AA0X,South Carolina Law Enforcement Division: Marlboro County,SC,0
SC033AA0X,South Carolina Law Enforcement Division: McCormick County,SC,0
SC036AA0X,South Carolina Law Enforcement Division: Newberry County,SC,0
SC037AA0X,South Carolina Law Enforcement Division: Oconee County,SC,0
SC038AA0X,South Carolina Law Enforcement Division: Orangeburg County,SC,0
SC039AA0X,South Carolina Law Enforcement Division: Pickens County,SC,0
SC040AA0X,South Carolina Law Enforcement Division: Richland County,SC,0
SC041AA0X,South Carolina Law Enforcement Division: Saluda County,SC,0
SC042AA0X,South Carolina Law Enforcement Division: Spartanburg County,SC,0
SC043AA0X,South Carolina Law Enforcement Division: Sumter County,SC,0
SC044AA0X,South Carolina Law Enforcement Division: Union County,SC,0
SC045AA0X,South Carolina Law Enforcement Division: Williamsburg County,SC,0
SC046AA0X,South Carolina Law Enforcement Division: York County,SC,0
SC0423000,South Carolina School for the Deaf and Blind,SC,0
SC0381200,South Carolina State University,SC,0
SC0321000,South Congaree Police Department,SC,2394
SC0420000,Spartanburg County Sheriff's Office,SC,291989
SC042169E,Spartanburg Methodist College,SC,0
SC0420100,Spartanburg Police Department,SC,39862
SC0321100,Springdale Police Department,SC,2760
SC0381000,Springfield Police Department,SC,434
SC0180100,St. George Police Department,SC,1859
SC0090200,St. Matthews Police Department,SC,1830
SC0080500,St. Stephen Police Department,SC,1597
SC0401400,State Museum,SC,0
SC0101300,State Ports Authority,SC,0
SC0012600,State Transport Police: Abbeville County,SC,0
SC0022600,State Transport Police: Aiken County,SC,0
SC0032600,State Transport Police: Allendale County,SC,0
SC0042600,State Transport Police: Anderson County,SC,0
SC0052600,State Transport Police: Bamberg County,SC,0
SC0062600,State Transport Police: Barnwell County,SC,0
SC0072600,State Transport Police: Beaufort County,SC,0
SC0082600,State Transport Police: Berkeley County,SC,0
SC0092600,State Transport Police: Calhoun County,SC,0
SC0102600,State Transport Police: Charleston County,SC,0
SC0112600,State Transport Police: Cherokee County,SC,0
SC0122600,State Transport Police: Chester County,SC,0
SC0132600,State Transport Police: Chesterfield County,SC,0
SC0142600,State Transport Police: Clarendon County,SC,0
SC0152600,State Transport Police: Colleton County,SC,0
SC0162600,State Transport Police: Darlington County,SC,0
SC0172600,State Transport Police: Dillon County,SC,0
SC0182600,State Transport Police: Dorchester County,SC,0
SC0192600,State Transport Police: Edgefield County,SC,0
SC0202600,State Transport Police: Fairfield County,SC,0
SC0212600,State Transport Police: Florence County,SC,0
SC0222600,State Transport Police: Georgetown County,SC,0
SC0232600,State Transport Police: Greenville County,SC,0
SC0242600,State Transport Police: Greenwood County,SC,0
SC0252600,State Transport Police: Hampton County,SC,0
SC0262600,State Transport Police: Horry County,SC,0
SC0272600,State Transport Police: Jasper County,SC,0
SC0282600,State Transport Police: Kershaw County,SC,0
SC0292600,State Transport Police: Lancaster County,SC,0
SC0302600,State Transport Police: Laurens County,SC,0
SC0312600,State Transport Police: Lee County,SC,0
SC0322600,State Transport Police: Lexington County,SC,0
SC0342600,State Transport Police: Marion County,SC,0
SC0352600,State Transport Police: Marlboro County,SC,0
SC0332600,State Transport Police: McCormick County,SC,0
SC0362600,State Transport Police: Newberry County,SC,0
SC0372600,State Transport Police: Oconee County,SC,0
SC0382600,State Transport Police: Orangeburg County,SC,0
SC0392600,State Transport Police: Pickens County,SC,0
SC0402600,State Transport Police: Richland County,SC,0
SC0412600,State Transport Police: Saluda County,SC,0
SC0422600,State Transport Police: Spartanburg County,SC,0
SC0432600,State Transport Police: Sumter County,SC,0
SC0442600,State Transport Police: Union County,SC,0
SC0452600,State Transport Police: Williamsburg County,SC,0
SC0462600,State Transport Police: York County,SC,0
SC0100700,Sullivan's Island Police Department,SC,1961
SC0140200,Summerton Police Department,SC,774
SC0180200,Summerville Police Department,SC,53051
SC0430000,Sumter County Sheriff's Office,SC,61746
SC0430100,Sumter Police Department,SC,42838
SC0260800,Surfside Beach Police Department,SC,4422
SC0321200,Swansea Police Department,SC,782
SC0460500,Tega Cay Police Department,SC,14671
SC0101100,The Citadel,SC,0
SC0210900,Timmonsville Police Department,SC,2122
SC0230600,Travelers Rest Police Department,SC,9273
SC0190300,Trenton Police Department,SC,499
SC0041100,Tri-County Technical College,SC,0
SC0101200,Trident Technical College,SC,0
SC0440000,Union County Sheriff's Office,SC,17811
SC0440100,Union Police Department,SC,7932
SC0021000,United States Department of Energy Savannah River Plant,SC,0
SC0021500,University of South Carolina: Aiken,SC,0
SC0070500,University of South Carolina: Beaufort,SC,0
SC0400600,University of South Carolina: Columbia,SC,0
SC0421400,University of South Carolina: Upstate,SC,0
SC0250400,Varnville Police Department,SC,1618
SC0020800,Wagener Police Department,SC,703
SC0370200,Walhalla Police Department,SC,4293
SC0150100,Walterboro Police Department,SC,5484
SC0240200,Ware Shoals Police Department,SC,1719
SC0421300,Wellford Police Department,SC,3839
SC0320500,West Columbia Police Department,SC,18652
SC0041000,West Pelzer Police Department,SC,1042
SC0370400,West Union Police Department,SC,393
SC0370300,Westminster Police Department,SC,2461
SC0360200,Whitmire Police Department,SC,1450
SC0450000,Williamsburg County Sheriff's Office,SC,25288
SC0040500,Williamston Police Department,SC,4344
SC0060200,Williston Police Department,SC,2875
SC0200100,Winnsboro Police Department,SC,3251
SC0460600,Winthrop University,SC,0
SC042279E,Wofford College,SC,0
SC0420200,Woodruff Police Department,SC,5308
SC0250600,Yemassee Police Department,SC,1127
SC0460000,York County Sheriff's Office,SC,159540
SC0460400,York Police Department,SC,10181
SC0460700,York Technical College,SC,0
SD0060100,Aberdeen Police Department,SD,27791
SD0010000,Aurora County Sheriff's Office,SD,2757
SD0040400,Avon Police Department,SD,610
SD0020000,Beadle County Sheriff's Office,SD,4969
SD0090100,Belle Fourche Police Department,SD,5908
SD0030000,Bennett County Sheriff's Office,SD,2348
SD0630100,Beresford Police Department,SD,2065
SD0040000,Bon Homme County Sheriff's Office,SD,2704
SD0510300,Box Elder Police Department,SD,14429
SD0490300,Brandon Police Department,SD,10786
SD0050000,Brookings County Sheriff's Office,SD,12049
SD0050100,Brookings Police Department,SD,24860
SD0060000,Brown County Sheriff's Office,SD,8220
SD0070000,Brule County Sheriff's Office,SD,2246
SD0080000,Buffalo County Sheriff's Office,SD,1799
SD0260300,Burke Police Department,SD,593
SD0090000,Butte County Sheriff's Office,SD,5148
SD0100000,Campbell County Sheriff's Office,SD,1334
SD0410100,Canton Police Department,SD,2949
SD0620200,Centerville Police Department,SD,966
SD0070100,Chamberlain Police Department,SD,2448
SD0110000,Charles Mix County Sheriff's Office,SD,6690
SD0200100,Cheyenne River Tribal,SD,0
SD0120000,Clark County Sheriff's Office,SD,2837
SD0120100,Clark Police Department,SD,1171
SD0130000,Clay County Sheriff's Office,SD,3403
SD0140000,Codington County Sheriff's Office,SD,5837
SD0150000,Corson County Sheriff's Office,SD,3716
SD0080100,Crow Creek Tribal,SD,0
SD0160000,Custer County Sheriff's Office,SD,9603
SD0170000,Davison County Sheriff's Office,SD,4302
SD0180000,Day County Sheriff's Office,SD,3752
SD0400100,Deadwood Police Department,SD,1401
SD0190000,Deuel County Sheriff's Office,SD,4346
SD0200000,Dewey County Sheriff's Office,SD,4697
SDDCI0000,Division of Criminal Investigation,SD,0
SD0210000,Douglas County Sheriff's Office,SD,2855
SD0200400,Eagle Butte Police Department,SD,1276
SD0220000,Edmunds County Sheriff's Office,SD,4038
SD0630200,Elk Point Police Department,SD,2057
SD0460200,Faith Police Department,SD,349
SD0230000,Fall River County Sheriff's Office,SD,3803
SD0240000,Faulk County Sheriff's Office,SD,2141
SD0500100,Flandreau Police Department,SD,2372
SDDI01800,Flandreau Santee Sioux Tribal,SD,0
SD0330100,Freeman Police Department,SD,1302
SD0530100,Gettysburg Police Department,SD,1052
SD0250000,Grant County Sheriff's Office,SD,4096
SD0260000,Gregory County Sheriff's Office,SD,2268
SD0260100,Gregory Police Department,SD,1280
SD0060200,Groton Police Department,SD,1334
SD0270000,Haakon County Sheriff's Office,SD,1077
SD0280000,Hamlin County Sheriff's Office,SD,6073
SD0290000,Hand County Sheriff's Office,SD,1789
SD0300000,Hanson County Sheriff's Office,SD,3484
SD0310000,Harding County Sheriff's Office,SD,1330
SD0329900,Highway Patrol,SD,0
SD0230200,Hot Springs Police Department,SD,3663
SD0320000,Hughes County Sheriff's Office,SD,3768
SD0020100,Huron Police Department,SD,14579
SD0330000,Hutchinson County Sheriff's Office,SD,3401
SD0340000,Hyde County Sheriff's Office,SD,1207
SD0350000,Jackson County Sheriff's Office,SD,2196
SD0630400,Jefferson Police Department,SD,443
SD0360000,Jerauld County Sheriff's Office,SD,1702
SD0370000,Jones County Sheriff's Office,SD,402
SD0350100,Kadoka Police Department,SD,527
SD0070200,Kimball Police Department,SD,574
SD0380000,Kingsbury County Sheriff's Office,SD,5279
SD0390000,Lake County Sheriff's Office,SD,4945
SD0280500,Lake Norden Police Department,SD,642
SD0400000,Lawrence County Sheriff's Office,SD,9959
SD0400200,Lead Police Department,SD,3053
SD0410200,Lennox Police Department,SD,2569
SD0410000,Lincoln County Sheriff's Office,SD,21181
SD0420200,Lower Brule Tribal,SD,0
SD0420000,Lyman County Sheriff's Office,SD,3729
SD0390100,Madison Police Department,SD,6068
SD0450000,Marshall County Sheriff's Office,SD,4423
SD0030100,Martin Police Department,SD,919
SD0430000,McCook County Sheriff's Office,SD,5801
SD0440000,McPherson County Sheriff's Office,SD,2286
SD0460000,Meade County Sheriff's Office,SD,15602
SD0470000,Mellette County Sheriff's Office,SD,1814
SD0330300,Menno Police Department,SD,618
SD0250100,Milbank Police Department,SD,3548
SD0290100,Miller Police Department,SD,1298
SD0480000,Miner County Sheriff's Office,SD,2305
SD0490000,Minnehaha County Sheriff's Office,SD,29036
SD0170100,Mitchell Police Department,SD,15608
SD0640100,Mobridge Police Department,SD,3213
SD0500000,Moody County Sheriff's Office,SD,4211
SD0370100,Murdo Police Department,SD,461
SD0630500,North Sioux City Police Department,SD,3063
SD0560000,Oglala Lakota County Sheriff's Office,SD,13299
SD0330200,Parkston Police Department,SD,1538
SD0510000,Pennington County Sheriff's Office,SD,27355
SD0520000,Perkins County Sheriff's Office,SD,2830
SD0270100,Philip Police Department,SD,750
SD0320100,Pierre Police Department,SD,13719
SD0560200,Pine Ridge Sioux Tribal,SD,0
SD0110200,Platte Police Department,SD,1238
SD0530000,Potter County Sheriff's Office,SD,1334
SD0510100,Rapid City Police Department,SD,81185
SD0540000,Roberts County Sheriff's Office,SD,7874
SD0600200,Rosebud Tribal,SD,0
SD0550000,Sanborn County Sheriff's Office,SD,2410
SD0040100,Scotland Police Department,SD,786
SD0490200,Sioux Falls Police Department,SD,213449
SD0540100,Sisseton Police Department,SD,2422
SD0540200,Sisseton-Wahpeton Tribal,SD,0
SD0510700,South Dakota School of Mines and Technology,SD,0
SD005UN00,South Dakota State University,SD,0
SD0400300,Spearfish Police Department,SD,14229
SD0570000,Spink County Sheriff's Office,SD,6056
SD0040200,Springfield Police Department,SD,1913
SD0580000,Stanley County Sheriff's Office,SD,3029
SD0460100,Sturgis Police Department,SD,6993
SD0590000,Sully County Sheriff's Office,SD,1473
SD0460300,Summerset Police Department,SD,3022
SD0410500,Tea Police Department,SD,8310
SD0600000,Todd County Sheriff's Office,SD,9142
SD0610000,Tripp County Sheriff's Office,SD,2771
SD0330400,Tripp Police Department,SD,561
SD0620000,Turner County Sheriff's Office,SD,7390
SD0040300,Tyndall Police Department,SD,1089
SD0630000,Union County Sheriff's Office,SD,10284
SD013990X,University of South Dakota,SD,0
SD0130100,Vermillion Police Department,SD,11916
SD0620600,Viborg Police Department,SD,841
SD0110300,Wagner Police Department,SD,1416
SD0640000,Walworth County Sheriff's Office,SD,2055
SD0140100,Watertown Police Department,SD,23699
SD0180100,Webster Police Department,SD,1653
SD0400400,Whitewood Police Department,SD,983
SD0610100,Winner Police Department,SD,2978
SD0410600,Worthing Police Department,SD,910
SD0660000,Yankton County Sheriff's Office,SD,7851
SD0660100,Yankton Police Department,SD,15732
SD0110400,Yankton Tribal,SD,0
SD0670000,Ziebach County Sheriff's Office,SD,1806
TN0010600,7th Judicial District Crime Task Force,TN,0
TN0550200,Adamsville Police Department,TN,2072
TN0170100,Alamo Police Department,TN,2333
TN0050100,Alcoa Police Department,TN,14345
TN0191800,Alcoholic Beverage Commission,TN,0
TN0210200,Alexandria Police Department,TN,951
TN0710200,Algood Police Department,TN,4135
TN0010000,Anderson County Sheriff's Office,TN,35777
TN0280300,Ardmore Police Department,TN,1243
TN0110100,Ashland City Police Department,TN,5824
TN0540100,Athens Police Department,TN,15300
TN0840500,Atoka Police Department,TN,10770
TN0630200,Austin Peay State University,TN,0
TN0300200,Baileyton Police Department,TN,455
TN0790600,Bartlett Police Department,TN,56471
TN0710400,Baxter Police Department,TN,2189
TN0290300,Bean Station Police Department,TN,3150
TN0020000,Bedford County Sheriff's Office,TN,28265
TN0190300,Belle Meade Police Department,TN,2519
TN0170200,Bells Police Department,TN,2477
TN0030000,Benton County Sheriff's Office,TN,12077
TN0700200,Benton Police Department,TN,1444
TN0190200,Berry Hill Police Department,TN,1778
TN0030200,Big Sandy Police Department,TN,500
TN0290200,Blaine Police Department,TN,2189
TN0040000,Bledsoe County Sheriff's Office,TN,13882
TN0050000,Blount County Sheriff's Office,TN,96610
TN0820300,Bluff City Police Department,TN,1843
TN0350100,Bolivar Police Department,TN,5058
TN0270500,Bradford Police Department,TN,1002
TN0060000,Bradley County Sheriff's Office,TN,63441
TN0940300,Brentwood Police Department,TN,45545
TN0840400,Brighton Police Department,TN,2909
TN0820100,Bristol Police Department,TN,28041
TN0380100,Brownsville Police Department,TN,9229
TN0090200,Bruceton Police Department,TN,1524
TN0220200,Burns Police Department,TN,1945
TN0540400,Calhoun Police Department,TN,569
TN0030100,Camden Police Department,TN,3696
TN0070000,Campbell County Sheriff's Office,TN,26773
TN0080000,Cannon County Sheriff's Office,TN,12449
TN0090000,Carroll County Sheriff's Office,TN,15994
TN0100000,Carter County Sheriff's Office,TN,41933
TN0800100,Carthage Police Department,TN,2259
TN0070300,Caryville Police Department,TN,2209
TN0140100,Celina Police Department,TN,1424
TN0410100,Centerville Police Department,TN,3570
TN0590200,Chapel Hill Police Department,TN,1943
TN0060200,Charleston Police Department,TN,918
TN0332300,Chattanooga Housing Authority,TN,0
TN0331300,Chattanooga Metropolitan Airport,TN,0
TN0330100,Chattanooga Police Department,TN,193881
TN0331700,Chattanooga State Community College,TN,0
TN0110000,Cheatham County Sheriff's Office,TN,28623
TN0120000,Chester County Sheriff's Office,TN,11456
TN079279E,Christian Brothers University,TN,0
TN0370400,Church Hill Police Department,TN,7389
TN0130000,Claiborne County Sheriff's Office,TN,28140
TN0090800,Clarksburg Police Department,TN,390
TN0630100,Clarksville Police Department,TN,190532
TN0140000,Clay County Sheriff's Office,TN,6509
TN0060100,Cleveland Police Department,TN,50830
TN0060500,Cleveland State Community College,TN,0
TN0910200,Clifton Police Department,TN,2010
TN0010100,Clinton Police Department,TN,10559
TN0150000,Cocke County Sheriff's Office,TN,31060
TN0160000,Coffee County Sheriff's Office,TN,28645
TN0330700,Collegedale Police Department,TN,11609
TN0790100,Collierville Police Department,TN,52107
TN0910300,Collinwood Police Department,TN,905
TN0600100,Columbia Police Department,TN,50684
TN0600400,Columbia State Community College,TN,0
TN0710100,Cookeville Police Department,TN,37664
TN0740600,Coopertown Police Department,TN,4857
TN0590300,Cornersville Police Department,TN,1395
TN0840100,Covington Police Department,TN,8553
TN0260300,Cowan Police Department,TN,1829
TN0170000,Crockett County Sheriff's Office,TN,8124
TN0740400,Cross Plains Police Department,TN,1939
TN0180100,Crossville Police Department,TN,12967
TN0810200,Cumberland City Police Department,TN,327
TN0180000,Cumberland County Sheriff's Office,TN,53836
TN0450300,Dandridge Police Department,TN,3973
TN0720100,Dayton Police Department,TN,7894
TN0210000,DeKalb County Sheriff's Office,TN,15551
TN0200000,Decatur County Sheriff's Office,TN,8581
TN0610100,Decatur Police Department,TN,1672
TN0200200,Decaturville Police Department,TN,819
TN0260400,Decherd Police Department,TN,2505
TN019580X,"Department of Agriculture, Agricultural Crime Unit",TN,0
TN019410X,"Department of Correction, Internal Affairs",TN,0
TNTHP0100,Department of Safety,TN,0
TN0220600,Dickson City Park Ranger Division,TN,0
TN0220000,Dickson County Sheriff's Office,TN,34978
TN0220100,Dickson Police Department,TN,17087
TN0810300,Dover Police Department,TN,1908
TN0920100,Dresden Police Department,TN,2915
TN0060300,Drug Task Force: 10th Judicial District,TN,0
TN0580700,Drug Task Force: 12th Judicial District,TN,0
TN0160500,Drug Task Force: 14th Judicial District,TN,0
TN0850200,Drug Task Force: 15th Judicial District,TN,0
TN0590500,Drug Task Force: 17th Judicial District,TN,0
TN0830700,Drug Task Force: 18th Judicial District,TN,0
TN0630500,Drug Task Force: 19th Judicial District,TN,0
TN0900400,Drug Task Force: 1st Judicial District,TN,0
TN0940400,Drug Task Force: 21st Judicial District,TN,0
TN0500800,Drug Task Force: 22nd Judicial District,TN,0
TN0220400,Drug Task Force: 23rd Judicial District,TN,0
TN0090700,Drug Task Force: 24th Judicial District,TN,0
TN0240700,Drug Task Force: 25th Judicial District,TN,0
TN0660600,Drug Task Force: 27th Judicial District,TN,0
TN0820600,Drug Task Force: 2nd Judicial District,TN,0
TN0890300,Drug Task Force: 31st Judicial District,TN,0
TN0300300,Drug Task Force: 3rd Judicial District,TN,0
TN0780500,Drug Task Force: 4th Judicial District,TN,0
TN0050600,Drug Task Force: 5th Judicial District,TN,0
TN0730500,Drug Task Force: 9th Judicial District,TN,0
TN0770100,Dunlap Police Department,TN,6121
TN0230000,Dyer County Sheriff's Office,TN,16752
TN0270400,Dyer Police Department,TN,2334
TN0230100,Dyersburg Police Department,TN,15865
TN0750500,Eagleville Police Department,TN,1006
TN0330200,East Ridge Police Department,TN,21911
TN0900300,East Tennessee State University,TN,0
TN0100100,Elizabethton Police Department,TN,14446
TN0280500,Elkton Police Department,TN,527
TN0540200,Englewood Police Department,TN,1619
TN0420100,Erin Police Department,TN,1218
TN0860100,Erwin Police Department,TN,6009
TN0260500,Estill Springs Police Department,TN,2698
TN0500700,Ethridge Police Department,TN,568
TN0540300,Etowah Police Department,TN,3778
TN0940200,Fairview Police Department,TN,10807
TN0240000,Fayette County Sheriff's Office,TN,25217
TN0520100,Fayetteville Police Department,TN,7162
TN0250000,Fentress County Sheriff's Office,TN,18450
TN0260000,Franklin County Sheriff's Office,TN,25854
TN0940100,Franklin Police Department,TN,90436
TN0170500,Gadsden Police Department,TN,476
TN0440100,Gainesboro Police Department,TN,970
TN0830100,Gallatin Police Department,TN,54602
TN0240200,Gallaway Police Department,TN,519
TN0490400,Gates Police Department,TN,652
TN0780100,Gatlinburg Police Department,TN,3742
TN0790200,Germantown Police Department,TN,39849
TN0270000,Gibson County Sheriff's Office,TN,20160
TN0270600,Gibson Police Department,TN,374
TN0280000,Giles County Sheriff's Office,TN,20485
TN0920300,Gleason Police Department,TN,1363
TN0190400,Goodlettsville Police Department,TN,17342
TN0800300,Gordonsville Police Department,TN,1392
TN0290000,Grainger County Sheriff's Office,TN,18811
TN0350500,Grand Junction Police Department,TN,328
TN0720300,Graysville Police Department,TN,1517
TN0740200,Greenbrier Police Department,TN,7060
TN0300000,Greene County Sheriff's Office,TN,51718
TN0300100,Greeneville Police Department,TN,16099
TN0920400,Greenfield Police Department,TN,2015
TN0310000,Grundy County Sheriff's Office,TN,11985
TN0490200,Halls Police Department,TN,2020
TN0320000,Hamblen County Sheriff's Office,TN,34963
TN0330000,Hamilton County Sheriff's Office,TN,127498
TN0340000,Hancock County Sheriff's Office,TN,7153
TN0350000,Hardeman County Sheriff's Office,TN,14423
TN0360000,Hardin County Sheriff's Office,TN,19719
TN0730100,Harriman Police Department,TN,6283
TN0850000,Hartsville/Trousdale County Sheriff's Office,TN,12310
TN0370000,Hawkins County Sheriff's Office,TN,37570
TN0380000,Haywood County Sheriff's Office,TN,7711
TN0390000,Henderson County Sheriff's Office,TN,19682
TN0120100,Henderson Police Department,TN,6566
TN0830400,Hendersonville Police Department,TN,64413
TN0400000,Henry County Sheriff's Office,TN,21295
TN0400400,Henry Police Department,TN,455
TN0410000,Hickman County Sheriff's Office,TN,22547
TN0350600,Hickory Valley Police Department,TN,79
TN0510100,Hohenwald Police Department,TN,4251
TN0090600,Hollow Rock Police Department,TN,707
TN0660700,Hornbeak Police Department,TN,504
TN0420000,Houston County Sheriff's Office,TN,7390
TN0270100,Humboldt Police Department,TN,7846
TN0430000,Humphreys County Sheriff's Office,TN,11678
TN0090100,Huntingdon Police Department,TN,4519
TN0260600,Huntland Police Department,TN,891
TN0070400,Jacksboro Police Department,TN,2237
TN0440000,Jackson County Sheriff's Office,TN,11615
TN0570100,Jackson Police Department,TN,69583
TN0570800,Jackson State Community College,TN,0
TN0250100,Jamestown Police Department,TN,2123
TN0580300,Jasper Police Department,TN,3665
TN0450100,Jefferson City Police Department,TN,9173
TN0450000,Jefferson County Sheriff's Office,TN,43241
TN0070100,Jellico Police Department,TN,2115
TN0900100,Johnson City Police Department,TN,74280
TN0460000,Johnson County Sheriff's Office,TN,16155
TN0900200,Jonesborough Police Department,TN,6973
TN0660300,Kenton Police Department,TN,1243
TN0580500,Kimball Police Department,TN,1660
TN0820200,Kingsport Police Department,TN,57516
TN0730200,Kingston Police Department,TN,6400
TN0110200,Kingston Springs Police Department,TN,2758
TN0470000,Knox County Sheriff's Office,TN,313481
TN0050700,Knoxville Metropolitan Airport,TN,0
TN0470100,Knoxville Police Department,TN,200645
TN0070200,La Follette Police Department,TN,7141
TN0750300,La Vergne Police Department,TN,42141
TN0560100,Lafayette Police Department,TN,6005
TN0480000,Lake County Sheriff's Office,TN,1329
TN0490000,Lauderdale County Sheriff's Office,TN,14380
TN0500000,Lawrence County Sheriff's Office,TN,31649
TN0500100,Lawrenceburg Police Department,TN,12234
TN0950100,Lebanon Police Department,TN,55250
TN0530100,Lenoir City Police Department,TN,12578
TN0510000,Lewis County Sheriff's Office,TN,9394
TN0590100,Lewisburg Police Department,TN,13771
TN0390100,Lexington Police Department,TN,8059
TN0520000,Lincoln County Sheriff's Office,TN,29847
TN013059E,Lincoln Memorial University,TN,0
TN0670100,Livingston Police Department,TN,4146
TN0330300,Lookout Mountain Police Department,TN,2031
TN0500200,Loretto Police Department,TN,1833
TN0530000,Loudon County Sheriff's Office,TN,44316
TN0530200,Loudon Police Department,TN,7194
TN0280400,Lynnville Police Department,TN,328
TN0560000,Macon County Sheriff's Office,TN,20503
TN0570000,Madison County Sheriff's Office,TN,31247
TN0620200,Madisonville Police Department,TN,5461
TN0160100,Manchester Police Department,TN,13807
TN0580000,Marion County Sheriff's Office,TN,18737
TN0590000,Marshall County Sheriff's Office,TN,21678
TN0920200,Martin Police Department,TN,11030
TN0050200,Maryville Police Department,TN,32465
TN0840300,Mason Police Department,TN,1342
TN0170400,Maury City Police Department,TN,596
TN0600000,Maury County Sheriff's Office,TN,39922
TN0870100,Maynardville Police Department,TN,2631
TN0430300,McEwen Police Department,TN,1791
TN0090300,McKenzie Police Department,TN,5626
TN0540000,McMinn County Sheriff's Office,TN,35600
TN0890100,McMinnville Police Department,TN,14089
TN0550000,McNairy County Sheriff's Office,TN,19550
TN0270900,Medina Police Department,TN,5820
TN0610000,Meigs County Sheriff's Office,TN,12579
TNMPD0000,Memphis Police Department,TN,606629
TN0791000,Memphis-Shelby County Airport Authority,TN,0
TN0190600,Metropolitan Nashville Park Police,TN,0
TN0190100,Metropolitan Nashville Police Department,TN,718499
TN0750400,Middle Tennessee State University,TN,0
TN0350300,Middleton Police Department,TN,758
TN0270200,Milan Police Department,TN,8339
TN0830600,Millersville Police Department,TN,6456
TN0790400,Millington Police Department,TN,11730
TN0280200,Minor Hill Police Department,TN,524
TN0620000,Monroe County Sheriff's Office,TN,35238
TN0310400,Monteagle Police Department,TN,1454
TN0710300,Monterey Police Department,TN,2808
TN0630000,Montgomery County Sheriff's Office,TN,62389
TN0640000,Moore County Sheriff's Office,TN,6860
TN0650000,Morgan County Sheriff's Office,TN,21228
TN0320100,Morristown Police Department,TN,33656
TN0240400,Moscow Police Department,TN,552
TN0300700,Mosheim Police Department,TN,2578
TN0160600,Motlow State Community College,TN,0
TN0370300,Mount Carmel Police Department,TN,5581
TN0950300,Mount Juliet Police Department,TN,45237
TN0600200,Mount Pleasant Police Department,TN,4888
TN0460100,Mountain City Police Department,TN,2504
TN0840200,Munford Police Department,TN,7049
TN0750100,Murfreesboro Police Department,TN,172248
TN0190800,Nashville International Airport,TN,0
TN0192300,Nashville State Community College,TN,0
TN0580600,New Hope Police Department,TN,969
TN0430200,New Johnsonville Police Department,TN,1849
TN0450400,New Market Police Department,TN,1429
TN0130100,New Tazewell Police Department,TN,2836
TN0230200,Newbern Police Department,TN,3227
TN0150100,Newport Police Department,TN,6979
TN0540500,Niota Police Department,TN,835
TN0940500,Nolensville Police Department,TN,16283
TN0010400,Norris Police Department,TN,1629
TN0820800,Northeast State Community College,TN,0
TN0010300,Oak Ridge Police Department,TN,34716
TN0240500,Oakland Police Department,TN,11249
TN0660000,Obion County Sheriff's Office,TN,13804
TN0660500,Obion Police Department,TN,962
TN0730300,Oliver Springs Police Department,TN,3466
TN0760100,Oneida Police Department,TN,3896
TN0670000,Overton County Sheriff's Office,TN,19681
TN0400100,Paris Police Department,TN,10575
TN0200100,Parsons Police Department,TN,2175
TN0472200,Pellissippi State Community College,TN,0
TN0680000,Perry County Sheriff's Office,TN,9155
TN0690000,Pickett County Sheriff's Office,TN,5142
TN0780300,Pigeon Forge Police Department,TN,6458
TN0040100,Pikeville Police Department,TN,1893
TN0240800,Piperton Police Department,TN,2896
TN0780400,Pittman Center Police Department,TN,465
TN0870300,Plainview Police Department,TN,2268
TN0110300,Pleasant View Police Department,TN,5836
TN0700000,Polk County Sheriff's Office,TN,17114
TN0830200,Portland Police Department,TN,13763
TN0280100,Pulaski Police Department,TN,8207
TN0400200,Puryear Police Department,TN,718
TN0710000,Putnam County Sheriff's Office,TN,39447
TN0330800,Red Bank Police Department,TN,12110
TN0560200,Red Boiling Springs Police Department,TN,1216
TN0720000,Rhea County Sheriff's Office,TN,23758
TN0480100,Ridgely Police Department,TN,1662
TN0490100,Ripley Police Department,TN,7485
TN0730000,Roane County Sheriff's Office,TN,34048
TN0730600,Roane State Community College,TN,0
TN0740000,Robertson County Sheriff's Office,TN,35896
TN0730400,Rockwood Police Department,TN,5746
TN0010200,Rocky Top Police Department,TN,1673
TN0370100,Rogersville Police Department,TN,4735
TN0240300,Rossville Police Department,TN,1216
TN0750000,Rutherford County Sheriff's Office,TN,108849
TN0270800,Rutherford Police Department,TN,1147
TN0290100,Rutledge Police Department,TN,1354
TN0360500,Saltillo Police Department,TN,432
TN0360100,Savannah Police Department,TN,7618
TN0760000,Scott County Sheriff's Office,TN,18810
TN0390200,Scotts Hill Police Department,TN,897
TN0550100,Selmer Police Department,TN,4621
TN0770000,Sequatchie County Sheriff's Office,TN,11994
TN0780000,Sevier County Sheriff's Office,TN,71795
TN0780200,Sevierville Police Department,TN,18175
TN0920500,Sharon Police Department,TN,911
TN0790000,Shelby County Sheriff's Office,TN,140049
TN0020100,Shelbyville Police Department,TN,26357
TN0330500,Signal Mountain Police Department,TN,8883
TN0800000,Smith County Sheriff's Office,TN,15756
TN0210100,Smithville Police Department,TN,5679
TN0750200,Smyrna Police Department,TN,62133
TN0330600,Soddy-Daisy Police Department,TN,13526
TN0240100,Somerville Police Department,TN,3548
TN0800200,South Carthage Police Department,TN,1610
TN0660200,South Fulton Police Department,TN,2162
TN0580100,South Pittsburg Police Department,TN,2940
TN0792400,Southwest Tennessee Community College,TN,0
TN0930100,Sparta Police Department,TN,4982
TN0880100,Spencer Police Department,TN,1623
TN0720200,Spring City Police Department,TN,2009
TN0600300,Spring Hill Police Department,TN,61615
TN0740100,Springfield Police Department,TN,20109
TN0500300,St. Joseph Police Department,TN,828
TN0590800,State Park Rangers: Chief Rangers Office,TN,0
TN0810000,Stewart County Sheriff's Office,TN,12316
TN0820000,Sullivan County Sheriff's Office,TN,78652
TN0830000,Sumner County Sheriff's Office,TN,59966
TN0370200,Surgoinsville Police Department,TN,1943
TN0620100,Sweetwater Police Department,TN,6737
TN0130200,Tazewell Police Department,TN,2389
TN0620300,Tellico Plains Police Department,TN,786
TN019980X,Tenncare Office of Inspector General,TN,0
TN0196400,Tennessee Board of Regents,TN,0
TNTBI0000,Tennessee Bureau of Investigation,TN,0
TN0192100,Tennessee Department of Revenue Special Investigations Unit,TN,0
TN0191700,Tennessee State University,TN,0
TN0710500,Tennessee Technological University,TN,0
TN0840000,Tipton County Sheriff's Office,TN,31926
TN0480200,Tiptonville Police Department,TN,3306
TN0350700,Toone Police Department,TN,265
TN0050500,Townsend Police Department,TN,648
TN0310100,Tracy City Police Department,TN,1456
TN0270300,Trenton Police Department,TN,4081
TN0090400,Trezevant Police Department,TN,818
TN0820700,Tri-Cities Regional Airport,TN,0
TN0230300,Trimble Police Department,TN,529
TN0660400,Troy Police Department,TN,1406
TN0160200,Tullahoma Police Department,TN,21197
TN0300400,Tusculum Police Department,TN,3418
TN0860000,Unicoi County Sheriff's Office,TN,8031
TN0860300,Unicoi Police Department,TN,3854
TN0660100,Union City Police Department,TN,10806
TN0870000,Union County Sheriff's Office,TN,16507
TN0790900,University of Memphis,TN,0
TN0330900,University of Tennessee: Chattanooga,TN,0
TN0790500,University of Tennessee: Health Science Center,TN,0
TN0470500,University of Tennessee: Knoxville,TN,0
TN0920600,University of Tennessee: Martin,TN,0
TN0260100,University of the South,TN,0
TN0880000,Van Buren County Sheriff's Office,TN,5205
TN0199E00,Vanderbilt University,TN,0
TN0830900,Volunteer State Community College,TN,0
TN0620500,Vonore Police Department,TN,1711
TN0320200,Walters State Community College,TN,0
TN0890000,Warren County Sheriff's Office,TN,30247
TN0650100,Wartburg Police Department,TN,952
TN0020200,Wartrace Police Department,TN,673
TN0900000,Washington County Sheriff's Office,TN,62470
TN0950200,Watertown Police Department,TN,1665
TN0430100,Waverly Police Department,TN,4402
TN0910000,Wayne County Sheriff's Office,TN,10706
TN0910100,Waynesboro Police Department,TN,2310
TN0920000,Weakley County Sheriff's Office,TN,14836
TN0792000,West Tennessee Violent Crime Task Force,TN,0
TN0830500,Westmoreland Police Department,TN,2902
TN0220300,White Bluff Police Department,TN,4525
TN0930000,White County Sheriff's Office,TN,24592
TN0830300,White House Police Department,TN,17430
TN0450200,White Pine Police Department,TN,2594
TN0350200,Whiteville Police Department,TN,4562
TN0580200,Whitwell Police Department,TN,1608
TN0570700,Wildlife Resources Agency: Region 1,TN,0
TN0191000,Wildlife Resources Agency: Region 2,TN,0
TN0180300,Wildlife Resources Agency: Region 3,TN,0
TN0320400,Wildlife Resources Agency: Region 4,TN,0
TN0940000,Williamson County Sheriff's Office,TN,71034
TN0950000,Wilson County Sheriff's Office,TN,73791
TN0260200,Winchester Police Department,TN,10474
TN0080100,Woodbury Police Department,TN,2860
TX0950100,Abernathy Police Department,TX,2833
TX221119E,Abilene Christian University,TX,0
TX2210100,Abilene Police Department,TX,131854
TX0570100,Addison Police Department,TX,17291
TXDI02600,Alabama-Coushatta Tribal,TX,0
TX0152100,Alamo Community College District,TX,0
TX0150100,Alamo Heights Police Department,TX,7603
TX1080100,Alamo Police Department,TX,20960
TX2500100,Alba Police Department,TX,517
TX2090100,Albany Police Department,TX,1901
TX1250100,Alice Police Department,TX,17530
TX0430100,Allen Police Department,TX,115905
TX0702900,Alma Police Department,TX,436
TX0220100,Alpine Police Department,TX,6040
TX0371000,Alto Police Department,TX,1073
TX1082300,Alton Police Department,TX,24213
TX1260100,Alvarado Police Department,TX,7892
TX0201700,Alvin Community College,TX,0
TX0200100,Alvin Police Department,TX,30593
TX1880200,Amarillo College,TX,0
TX1880600,Amarillo International Airport,TX,0
TX1880100,Amarillo Police Department,TX,204528
TX0010400,Anderson County Constable: Precinct 1,TX,0
TX0010000,Anderson County Sheriff's Office,TX,38714
TX0020000,Andrews County Sheriff's Office,TX,5201
TX0020100,Andrews Police Department,TX,13721
TX0030600,Angelina College,TX,0
TX0030000,Angelina County Sheriff's Office,TX,45742
TX2260300,Angelo State University,TX,0
TX0200200,Angleton Police Department,TX,21386
TX0432600,Anna Police Department,TX,37165
TX1270100,Anson Police Department,TX,2548
TX0710100,Anthony Police Department,TX,4545
TX1100500,Anton Police Department,TX,926
TX0040000,Aransas County Sheriff's Office,TX,12127
TX0040100,Aransas Pass Police Department,TX,8842
TX0050100,Archer City Police Department,TX,1652
TX0050700,Archer County Constable: Precinct 3,TX,0
TX0050000,Archer County Sheriff's Office,TX,5860
TX0791200,Arcola Police Department,TX,2557
TX0610100,Argyle Police Department,TX,6865
TX2200100,Arlington Police Department,TX,406035
TX0060000,Armstrong County Sheriff's Office,TX,1791
TX2120100,Arp Police Department,TX,1012
TX0070000,Atascosa County Sheriff's Office,TX,31711
TX1070100,Athens Police Department,TX,13755
TX034210X,Atlanta Fire Department,TX,0
TX0340100,Atlanta Police Department,TX,5452
TX0611400,Aubrey Police Department,TX,10043
TX091199E,Austin College,TX,0
TX227289E,Austin Community College District,TX,0
TX0080300,Austin County Constable: Precinct 1,TX,0
TX0080400,Austin County Constable: Precinct 2,TX,0
TX0080500,Austin County Constable: Precinct 3,TX,0
TX0080600,Austin County Constable: Precinct 4,TX,0
TX0080000,Austin County Sheriff's Office,TX,18880
TX2270100,Austin Police Department,TX,1000639
TX2200200,Azle Police Department,TX,15480
TX0090000,Bailey County Sheriff's Office,TX,1796
TX0570200,Balch Springs Police Department,TX,27214
TX0150200,Balcones Heights Police Department,TX,2698
TX2000100,Ballinger Police Department,TX,3505
TX0100000,Bandera County Sheriff's Office,TX,22308
TX0100700,Bandera Police Department,TX,908
TX0250100,Bangs Police Department,TX,1534
TX0140100,Bartlett Police Department,TX,1687
TX0613700,Bartonville Police Department,TX,1913
TX0110400,Bastrop County Constable: Precinct 1,TX,0
TX0110500,Bastrop County Constable: Precinct 2,TX,0
TX0110700,Bastrop County Constable: Precinct 4,TX,0
TX0110000,Bastrop County Sheriff's Office,TX,89739
TX0110100,Bastrop Police Department,TX,13583
TX1610100,Bay City Police Department,TX,17330
TX0120000,Baylor County Sheriff's Office,TX,903
TX057519E,Baylor Health Care System,TX,0
TX155259E,Baylor University: Waco,TX,0
TX0842200,Bayou Vista Police Department,TX,1763
TX1010100,Baytown Police Department,TX,86149
TX1230100,Beaumont Police Department,TX,112404
TX2207400,Bedford Fire Department Arson Bureau,TX,0
TX2200300,Bedford Police Department,TX,48460
TX2273600,Bee Cave Police Department,TX,8356
TX0130000,Bee County Sheriff's Office,TX,18082
TX0130100,Beeville Police Department,TX,13060
TX0140000,Bell County Sheriff's Office,TX,58744
TX1010200,Bellaire Police Department,TX,17503
TX1550100,Bellmead Police Department,TX,10632
TX0910900,Bells Police Department,TX,1520
TX0080100,Bellville Police Department,TX,4311
TX0140200,Belton Police Department,TX,26304
TX0660100,Benavides Police Department,TX,1126
TX2200400,Benbrook Police Department,TX,24555
TX0270600,Bertram Police Department,TX,2130
TX1550200,Beverly Hills Police Department,TX,1840
TX0152700,Bexar County Constable: Precinct 3,TX,0
TX0150000,Bexar County Sheriff's Office,TX,426744
TX2300100,Big Sandy Police Department,TX,1351
TX1140100,Big Spring Police Department,TX,21734
TX1780100,Bishop Police Department,TX,3029
TX0160000,Blanco County Sheriff's Office,TX,9458
TX0160100,Blanco Police Department,TX,2186
TX2390300,Blinn College: Main Campus,TX,0
TX1750700,Blooming Grove Police Department,TX,898
TX2200500,Blue Mound Police Department,TX,2299
TX1300100,Boerne Police Department,TX,24044
TX1940300,Bogata Police Department,TX,1118
TX0740100,Bonham Police Department,TX,11310
TX1480200,Booker Police Department,TX,1332
TX0170000,Borden County Sheriff's Office,TX,536
TX1170100,Borger Police Department,TX,11740
TX0180300,Bosque County Constable: Precinct 1,TX,0
TX0181000,Bosque County Constable: Precinct 2,TX,0
TX0180000,Bosque County Sheriff's Office,TX,12861
TX1850100,Bovina Police Department,TX,1654
TX0190700,Bowie County Constable: Precinct 1,TX,0
TX0190900,Bowie County Constable: Precinct 2,TX,0
TX0191000,Bowie County Constable: Precinct 3,TX,0
TX0191100,Bowie County Constable: Precinct 4,TX,0
TX0191200,Bowie County Constable: Precinct 5,TX,0
TX0190000,Bowie County Sheriff's Office,TX,36983
TX1690100,Bowie Police Department,TX,6217
TX2490900,Boyd Police Department,TX,2462
TX1540100,Brady Police Department,TX,4925
TX0201500,Brazoria County Constable: Precinct 1,TX,0
TX0202000,Brazoria County Constable: Precinct 2,TX,0
TX0202100,Brazoria County Constable: Precinct 3,TX,0
TX0202200,Brazoria County Constable: Precinct 4,TX,0
TX0200000,Brazoria County Sheriff's Office,TX,143180
TX0201800,Brazoria Police Department,TX,2906
TX0210500,Brazos County Constable: Precinct 1,TX,0
TX0210300,Brazos County Constable: Precinct 2,TX,0
TX0210600,Brazos County Constable: Precinct 3,TX,0
TX0210700,Brazos County Constable: Precinct 4,TX,0
TX0210000,Brazos County Sheriff's Office,TX,29156
TX0201600,Brazosport College,TX,0
TX2150100,Breckenridge Police Department,TX,5196
TX1980100,Bremond Police Department,TX,889
TX2390100,Brenham Police Department,TX,20368
TX0220000,Brewster County Sheriff's Office,TX,3415
TX1810100,Bridge City Police Department,TX,9868
TX2490100,Bridgeport Police Department,TX,6986
TX0230000,Briscoe County Sheriff's Office,TX,1507
TX0240000,Brooks County Sheriff's Office,TX,2343
TX2370100,Brookshire Police Department,TX,5963
TX0201900,Brookside Village Police Department,TX,1629
TX0250700,Brown County Constable: Precinct 1,TX,0
TX0250400,Brown County Constable: Precinct 2,TX,0
TX0250600,Brown County Constable: Precinct 3,TX,0
TX0250500,Brown County Constable: Precinct 4,TX,0
TX0250000,Brown County Sheriff's Office,TX,15127
TX2230100,Brownfield Police Department,TX,8627
TX1071700,Brownsboro Police Department,TX,1334
TX0310100,Brownsville Police Department,TX,193321
TX0250200,Brownwood Police Department,TX,18760
TX1552600,Bruceville-Eddy Police Department,TX,1464
TX0210100,Bryan Police Department,TX,93434
TX1661100,Buckholts Police Department,TX,398
TX1051200,Buda Police Department,TX,16300
TX1450100,Buffalo Police Department,TX,1924
TX2121500,Bullard Police Department,TX,5436
TX0460800,Bulverde Police Department,TX,7614
TX2430100,Burkburnett Police Department,TX,11134
TX0260400,Burleson County Constable: Precinct 2,TX,0
TX0260500,Burleson County Constable: Precinct 3,TX,0
TX0260000,Burleson County Sheriff's Office,TX,14207
TX1260200,Burleson Police Department,TX,58540
TX0270800,Burnet County Constable: Precinct 1,TX,0
TX0270900,Burnet County Constable: Precinct 2,TX,0
TX0271000,Burnet County Constable: Precinct 3,TX,0
TX0270500,Burnet County Constable: Precinct 4,TX,0
TX0270000,Burnet County Sheriff's Office,TX,29624
TX0270100,Burnet Police Department,TX,6972
TX1710400,Cactus Police Department,TX,3177
TX1160700,Caddo Mills Police Department,TX,7230
TX0280600,Caldwell County Constable: Precinct 4,TX,0
TX0280000,Caldwell County Sheriff's Office,TX,28551
TX0260100,Caldwell Police Department,TX,5040
TX0290400,Calhoun County Constable: Precinct 1,TX,0
TX0290600,Calhoun County Constable: Precinct 3,TX,0
TX0290000,Calhoun County Sheriff's Office,TX,6962
TX0300000,Callahan County Sheriff's Office,TX,10666
TX1980200,Calvert Police Department,TX,999
TX0311100,Cameron County Constable: Precinct 1,TX,0
TX0311500,Cameron County Constable: Precinct 2,TX,0
TX0311600,Cameron County Constable: Precinct 3,TX,0
TX0312100,Cameron County Constable: Precinct 4,TX,0
TX0311900,Cameron County Constable: Precinct 5,TX,0
TX0312200,Cameron County Park Rangers,TX,0
TX0310000,Cameron County Sheriff's Office,TX,95770
TX1660100,Cameron Police Department,TX,5583
TX0320300,Camp County Constable: Precinct 1-4,TX,0
TX0320000,Camp County Sheriff's Office,TX,8685
TX1070900,Caney City Police Department,TX,210
TX2340100,Canton Police Department,TX,4997
TX1910100,Canyon Police Department,TX,16865
TX2276000,Capital Metro Transit Authority,TX,0
TX0640500,Carrizo Springs Police Department,TX,4518
TX0570400,Carrollton Police Department,TX,135908
TX0330000,Carson County Sheriff's Office,TX,3503
TX1830100,Carthage Police Department,TX,6677
TX0340500,Cass County Constable: Precinct 1,TX,0
TX0340600,Cass County Constable: Precinct 2,TX,0
TX0341700,Cass County Constable: Precinct 3,TX,0
TX0340800,Cass County Constable: Precinct 4,TX,0
TX0340000,Cass County Sheriff's Office,TX,18383
TX0150300,Castle Hills Police Department,TX,3920
TX0350000,Castro County Sheriff's Office,TX,3243
TX1630100,Castroville Police Department,TX,3260
TX0570500,Cedar Hill Police Department,TX,49723
TX2460900,Cedar Park Police Department,TX,78469
TX1160100,Celeste Police Department,TX,935
TX0430200,Celina Police Department,TX,53580
TX2100100,Center Police Department,TX,5211
TX0140900,Central Texas College,TX,0
TX0360000,Chambers County Sheriff's Office,TX,42491
TX1070600,Chandler Police Department,TX,3965
TX0370400,Cherokee County Constable: Precinct 1,TX,0
TX0370500,Cherokee County Constable: Precinct 2,TX,0
TX0370600,Cherokee County Constable: Precinct 3,TX,0
TX0370700,Cherokee County Constable: Precinct 4,TX,0
TX0370000,Cherokee County Sheriff's Office,TX,30749
TX0380200,Childress County Constable: Precinct 1,TX,0
TX0380000,Childress County Sheriff's Office,TX,985
TX0380100,Childress Police Department,TX,5672
TX0990100,Chillicothe Police Department,TX,526
TX0150400,China Grove Police Department,TX,1138
TX0940600,Cibolo Police Department,TX,39183
TX0671200,Cisco College,TX,0
TX0670100,Cisco Police Department,TX,4062
TX1940100,Clarksville Police Department,TX,2876
TX0390300,Clay County Constable: Precinct 1,TX,0
TX0390000,Clay County Sheriff's Office,TX,10806
TX0840100,Clear Lake Shores Police Department,TX,1298
TX1260300,Cleburne Police Department,TX,40015
TX1460100,Cleveland Police Department,TX,10412
TX0180100,Clifton Police Department,TX,3552
TX0711200,Clint Police Department,TX,1107
TX0200300,Clute Police Department,TX,10961
TX0300300,Clyde Police Department,TX,4111
TX0400000,Cochran County Sheriff's Office,TX,2577
TX0570600,Cockrell Hill Police Department,TX,3629
TX1071900,Coffee City Police Department,TX,245
TX0410200,Coke County Constable: Precinct 1,TX,0
TX0410000,Coke County Sheriff's Office,TX,3401
TX0420300,Coleman County Constable,TX,0
TX0420000,Coleman County Sheriff's Office,TX,2899
TX0420100,Coleman Police Department,TX,4074
TX0210200,College Station Police Department,TX,129902
TX0842300,College of the Mainland,TX,0
TX2204000,Colleyville Police Department,TX,26001
TX0432400,Collin County Community College District,TX,0
TX0431000,Collin County Constable: Precinct 1,TX,0
TX0431500,Collin County Constable: Precinct 2,TX,0
TX0431200,Collin County Constable: Precinct 3,TX,0
TX0431300,Collin County Constable: Precinct 4,TX,0
TX0430000,Collin County Sheriff's Office,TX,95732
TX0440000,Collingsworth County Sheriff's Office,TX,2592
TX0910100,Collinsville Police Department,TX,2089
TX1680100,Colorado City Police Department,TX,3895
TX0450000,Colorado County Sheriff's Office,TX,11823
TX0450100,Columbus Police Department,TX,3976
TX0460200,Comal County Constable: Precinct 1,TX,0
TX0460300,Comal County Constable: Precinct 2,TX,0
TX0460400,Comal County Constable: Precinct 3,TX,0
TX0460500,Comal County Constable: Precinct 4,TX,0
TX0460000,Comal County Sheriff's Office,TX,99619
TX0470000,Comanche County Sheriff's Office,TX,7632
TX0470100,Comanche Police Department,TX,4449
TX0310200,Combes Police Department,TX,3287
TX1160200,Commerce Police Department,TX,9985
TX0480300,Concho County Constable: Precinct 1,TX,0
TX0480000,Concho County Sheriff's Office,TX,3315
TX227409E,Concordia University,TX,0
TX1700100,Conroe Police Department,TX,121302
TX0150500,Converse Police Department,TX,32352
TX0490300,Cooke County Constable: Precinct 1,TX,0
TX0491200,Cooke County Constable: Precinct 2,TX,0
TX0490000,Cooke County Sheriff's Office,TX,24953
TX1470100,Coolidge Police Department,TX,804
TX0570700,Coppell Police Department,TX,41505
TX0615500,Copper Canyon Police Department,TX,2578
TX0500100,Copperas Cove Police Department,TX,40386
TX0612300,Corinth Police Department,TX,24895
TX1780200,Corpus Christi Police Department,TX,317077
TX1870400,Corrigan Police Department,TX,1384
TX1750100,Corsicana Police Department,TX,25705
TX0500300,Coryell County Constable: Precinct 3,TX,0
TX0500700,Coryell County Constable: Precinct 4,TX,0
TX0500000,Coryell County Sheriff's Office,TX,31082
TX0510000,Cottle County Sheriff's Office,TX,286
TX0271200,Cottonwood Shores Police Department,TX,1734
TX158013A,County Attorney's Office: Marion,TX,0
TX165013A,County Attorney: Midland,TX,0
TX1290900,Crandall Police Department,TX,6611
TX0520000,Crane County Sheriff's Office,TX,1204
TX0520100,Crane Police Department,TX,3351
TX0530200,Crockett County Constable: Precinct 1,TX,0
TX0530000,Crockett County Sheriff's Office,TX,2719
TX1130100,Crockett Police Department,TX,6390
TX0540000,Crosby County Sheriff's Office,TX,2587
TX0540100,Crosbyton Police Department,TX,1462
TX0615000,Cross Roads Police Department,TX,2035
TX0780100,Crowell Police Department,TX,726
TX2200600,Crowley Police Department,TX,21057
TX2540100,Crystal City Police Department,TX,5927
TX0620100,Cuero Police Department,TX,8232
TX0550000,Culberson County Sheriff's Office,TX,2262
TX1120100,Cumby Police Department,TX,724
TX0371200,Cuney Police Department,TX,118
TX1720100,Daingerfield Police Department,TX,2540
TX0560100,Dalhart Police Department,TX,8450
TX0560000,Dallam County Sheriff's Office,TX,1740
TX0575300,Dallas Area Rapid Transit,TX,0
TX057829E,Dallas Baptist University,TX,0
TX0579000,Dallas College,TX,0
TX0574200,Dallas County Constable: Precinct 1,TX,0
TX0573900,Dallas County Constable: Precinct 2,TX,0
TX0573800,Dallas County Constable: Precinct 3,TX,0
TX0574100,Dallas County Constable: Precinct 4,TX,0
TX0573000,Dallas County Constable: Precinct 5,TX,0
TX0570000,Dallas County Sheriff's Office,TX,0
TXDPD0000,Dallas Police Department,TX,1331217
TX2203600,Dallas-Fort Worth International Airport,TX,0
TX2200700,Dalworthington Gardens Police Department,TX,2302
TX0200400,Danbury Police Department,TX,1707
TX0580000,Dawson County Sheriff's Office,TX,3472
TX1750200,Dawson Police Department,TX,820
TX1460300,Dayton Police Department,TX,10106
TX0190100,De Kalb Police Department,TX,1404
TX0470200,De Leon Police Department,TX,2406
TX0570800,DeSoto Police Department,TX,56851
TX0590200,Deaf Smith County Constable,TX,0
TX0590000,Deaf Smith County Sheriff's Office,TX,3565
TX2490200,Decatur Police Department,TX,8727
TX1010400,Deer Park Police Department,TX,34532
TX2330100,Del Rio Police Department,TX,34668
TX0600600,Delta County Constable: Precinct 5,TX,0
TX0600000,Delta County Sheriff's Office,TX,5734
TX0910200,Denison Police Department,TX,26950
TX0610900,Denton County Constable: Precinct 1,TX,0
TX0611700,Denton County Constable: Precinct 3,TX,0
TX0612100,Denton County Constable: Precinct 4,TX,0
TX0611900,Denton County Constable: Precinct 5,TX,0
TX0613300,Denton County Constable: Precinct 6,TX,0
TX0610000,Denton County Sheriff's Office,TX,151930
TX0610200,Denton Police Department,TX,172882
TX2510100,Denver City Police Department,TX,4345
TX0000000,Department of Public Safety,TX,0
TX1630200,Devine Police Department,TX,4697
TX0620000,Dewitt County Sheriff's Office,TX,10011
TX0030100,Diboll Police Department,TX,5167
TX0630000,Dickens County Sheriff's Office,TX,871
TX0840200,Dickinson Police Department,TX,22061
TX0820300,Dilley Police Department,TX,4032
TX0640600,Dimmit County Constable: Precinct 1 & 6,TX,0
TX0640300,Dimmit County Constable: Precinct 3,TX,0
TX0640000,Dimmit County Sheriff's Office,TX,3532
TX0350100,Dimmitt Police Department,TX,4118
TX0650000,Donley County Sheriff's Office,TX,3159
TX1080200,Donna Police Department,TX,16893
TX0612500,Double Oak Police Department,TX,3076
TX0720100,Dublin Police Department,TX,3471
TX1710100,Dumas Police Department,TX,14938
TX0570900,Duncanville Police Department,TX,38858
TX0660400,Duval County Constable: Precinct 1,TX,0
TX0660000,Duval County Sheriff's Office,TX,3210
TX0450200,Eagle Lake Police Department,TX,3571
TX1620100,Eagle Pass Police Department,TX,28924
TX0250300,Early Police Department,TX,3192
TX2300900,East Mountain Police Department,TX,979
TX1900500,East Tawakoni Police Department,TX,983
TX1160600,East Texas A&M University,TX,0
TX0670600,Eastland County Constable: Precinct 1,TX,0
TX0670700,Eastland County Constable: Precinct 2,TX,0
TX0670000,Eastland County Sheriff's Office,TX,8122
TX0670200,Eastland Police Department,TX,3802
TX0680000,Ector County Sheriff's Office,TX,53829
TX0740800,Ector Police Department,TX,803
TX1080300,Edcouch Police Department,TX,2673
TX2340200,Edgewood Police Department,TX,1789
TX1080400,Edinburg Police Department,TX,110822
TX1200100,Edna Police Department,TX,6048
TX0690100,Edwards County Constable: Precinct 1,TX,0
TX0690000,Edwards County Sheriff's Office,TX,1368
TX2410100,El Campo Police Department,TX,12136
TX0711100,El Paso Community College,TX,0
TX0710000,El Paso County Sheriff's Office,TX,111217
TX0710200,El Paso Police Department,TX,682310
TX2430200,Electra Police Department,TX,2238
TX0110200,Elgin Police Department,TX,13207
TX0701100,Ellis County Constable: Precinct 1,TX,0
TX0701700,Ellis County Constable: Precinct 2,TX,0
TX0702600,Ellis County Constable: Precinct 3,TX,0
TX0701400,Ellis County Constable: Precinct 4,TX,0
TX0700000,Ellis County Sheriff's Office,TX,72291
TX0614700,Elm Ridge,TX,0
TX0150600,Elmendorf Police Department,TX,2936
TX1080500,Elsa Police Department,TX,5769
TX1900600,Emory Police Department,TX,1426
TX1420600,Encinal Police Department,TX,540
TX0700100,Ennis Police Department,TX,26042
TX0720300,Erath County Constable: Precinct 1,TX,0
TX0720500,Erath County Constable: Precinct 2,TX,0
TX0720000,Erath County Sheriff's Office,TX,18879
TX0960200,Estelline Police Department,TX,124
TX2200900,Euless Police Department,TX,59746
TX1071100,Eustace Police Department,TX,1157
TX2201000,Everman Police Department,TX,6403
TX0153900,Fair Oaks Ranch Police Department,TX,12247
TX0810100,Fairfield Police Department,TX,3043
TX0432500,Fairview Police Department,TX,11050
TX0240100,Falfurrias Police Department,TX,4283
TX0730000,Falls County Sheriff's Office,TX,10240
TX0740700,Fannin County Constable: Precinct 1,TX,0
TX0741000,Fannin County Constable: Precinct 2,TX,0
TX0741100,Fannin County Constable: Precinct 3,TX,0
TX0740000,Fannin County Sheriff's Office,TX,21256
TX0571000,Farmers Branch Police Department,TX,37609
TX0430300,Farmersville Police Department,TX,4556
TX1850300,Farwell Police Department,TX,1368
TX1990800,Fate Police Department,TX,30358
TX0750400,Fayette County Constable: Precinct 1,TX,0
TX0750500,Fayette County Constable: Precinct 2,TX,0
TX0750000,Fayette County Sheriff's Office,TX,16801
TX0700200,Ferris Police Department,TX,4659
TX0210900,Fire Marshal's Office: Bryan,TX,0
TX0211000,Fire Marshal's Office: College Station,TX,0
TX1162100,Fire Marshal's Office: Commerce,TX,0
TX1130800,Fire Marshal's Office: Crockett,TX,0
TX0600800,Fire Marshal's Office: Delta County,TX,0
TX1084400,Fire Marshal's Office: Edinburg,TX,0
TX0791700,Fire Marshal's Office: Fort Bend County,TX,0
TX0843300,Fire Marshal's Office: Friendswood,TX,0
TX0843600,Fire Marshal's Office: Galveston,TX,0
TX1015600,Fire Marshal's Office: Harris County,TX,0
TX1110400,Fire Marshal's Office: Hood County,TX,0
TX1130700,Fire Marshal's Office: Houston County,TX,0
TX1161800,Fire Marshal's Office: Hunt County,TX,0
TX1018900,Fire Marshal's Office: Jersey Village,TX,0
TX1013400,Fire Marshal's Office: La Porte,TX,0
TX0843500,Fire Marshal's Office: League City,TX,0
TX1017900,Fire Marshal's Office: Nassau Bay,TX,0
TX0191800,Fire Marshal's Office: Texarkana,TX,0
TX2272900,Fire Marshal's Office: Travis County,TX,0
TX0157200,Fire Marshal's Office: Universal City,TX,0
TX2350800,Fire Marshal's Office: Victoria,TX,0
TX2350700,Fire Marshal's Office: Victoria County,TX,0
TX2371300,Fire Marshal's Office: Waller County,TX,0
TX1019100,Fire Marshal's Office: Webster,TX,0
TX0760000,Fisher County Sheriff's Office,TX,3647
TX0750800,Flatonia Police Department,TX,1416
TX2460100,Florence Police Department,TX,1218
TX2470100,Floresville Police Department,TX,9153
TX0611200,Flower Mound Police Department,TX,80891
TX0770000,Floyd County Sheriff's Office,TX,2476
TX0770100,Floydada Police Department,TX,2465
TX0780000,Foard County Sheriff's Office,TX,314
TX2201100,Forest Hill Police Department,TX,14410
TX1290100,Forney Police Department,TX,43493
TX0790900,Fort Bend County Constable: Precinct 1,TX,0
TX0790800,Fort Bend County Constable: Precinct 2,TX,0
TX0791500,Fort Bend County Constable: Precinct 3,TX,0
TX0790600,Fort Bend County Constable: Precinct 4,TX,0
TX0790000,Fort Bend County Sheriff's Office,TX,637444
TX1860100,Fort Stockton Police Department,TX,8069
TX2201200,Fort Worth Police Department,TX,1030410
TX0800300,Franklin County Constable: Precinct 1,TX,0
TX0800000,Franklin County Sheriff's Office,TX,7560
TX1981000,Franklin Police Department,TX,1841
TX0010300,Frankston Police Department,TX,1139
TX0860100,Fredericksburg Police Department,TX,11957
TX0200500,Freeport Police Department,TX,10623
TX0660300,Freer Police Department,TX,2327
TX0810000,Freestone County Sheriff's Office,TX,13133
TX0840300,Friendswood Police Department,TX,41358
TX0820000,Frio County Sheriff's Office,TX,5957
TX1850200,Friona Police Department,TX,4049
TX0430400,Frisco Police Department,TX,244103
TX0791400,Fulshear Police Department,TX,26373
TX0041000,Fulton Police Department,TX,1634
TX0830000,Gaines County Sheriff's Office,TX,13347
TX0490100,Gainesville Police Department,TX,18524
TX1010600,Galena Park Police Department,TX,10377
TX0841100,Galveston County Constable: Precinct 1,TX,0
TX0842500,Galveston County Constable: Precinct 2,TX,0
TX0841300,Galveston County Constable: Precinct 3,TX,0
TX0841800,Galveston County Constable: Precinct 4,TX,0
TX0840000,Galveston County Sheriff's Office,TX,37228
TX0844100,Galveston Park Board,TX,0
TX0840400,Galveston Police Department,TX,53510
TX1200200,Ganado Police Department,TX,2041
TX0460700,Garden Ridge Police Department,TX,4423
TX0571100,Garland Police Department,TX,251332
TX0700300,Garrett Police Department,TX,887
TX1740100,Garrison Police Department,TX,837
TX0850000,Garza County Sheriff's Office,TX,4424
TX0500200,Gatesville Police Department,TX,16456
TX1490700,George West Police Department,TX,2242
TX2460200,Georgetown Police Department,TX,111743
TX1440100,Giddings Police Department,TX,5411
TX0860000,Gillespie County Sheriff's Office,TX,16443
TX2300200,Gilmer Police Department,TX,5300
TX0920200,Gladewater Police Department,TX,6346
TX0870000,Glasscock County Sheriff's Office,TX,1157
TX0574700,Glenn Heights Police Department,TX,20789
TX1261300,Godley Police Department,TX,5741
TX0880000,Goliad County Sheriff's Office,TX,7241
TX0890500,Gonzales County Constable: Precinct 1,TX,0
TX0890600,Gonzales County Constable: Precinct 3,TX,0
TX0890800,Gonzales County Constable: Precinct 4,TX,0
TX0890000,Gonzales County Sheriff's Office,TX,8942
TX0890100,Gonzales Police Department,TX,7256
TX2520100,Graham Police Department,TX,8895
TX1110100,Granbury Police Department,TX,13455
TX0571200,Grand Prairie Police Department,TX,210147
TX2340300,Grand Saline Police Department,TX,3338
TX2460300,Granger Police Department,TX,1215
TX0270700,Granite Shoals Police Department,TX,5486
TX1130500,Grapeland Police Department,TX,1498
TX2201300,Grapevine Police Department,TX,51460
TX0900400,Gray County Constable: Precinct 1,TX,0
TX0900300,Gray County Constable: Precinct 2,TX,0
TX0900000,Gray County Sheriff's Office,TX,4326
TX0911800,Grayson College,TX,0
TX0911100,Grayson County Constable: Precinct 1,TX,0
TX0910800,Grayson County Constable: Precinct 2,TX,0
TX0911300,Grayson County Constable: Precinct 4,TX,0
TX0910000,Grayson County Sheriff's Office,TX,44597
TX1160300,Greenville Police Department,TX,36066
TX0920700,Gregg County Constable: Precinct 1,TX,0
TX0921000,Gregg County Constable: Precinct 2,TX,0
TX0921100,Gregg County Constable: Precinct 3,TX,0
TX0921200,Gregg County Constable: Precinct 4,TX,0
TX0920000,Gregg County Sheriff's Office,TX,23743
TX2050800,Gregory Police Department,TX,1712
TX0930200,Grimes County Constable: Precinct 1,TX,0
TX0930300,Grimes County Constable: Precinct 2,TX,0
TX0930400,Grimes County Constable: Precinct 3 & 4,TX,0
TX0930000,Grimes County Sheriff's Office,TX,24290
TX1470200,Groesbeck Police Department,TX,3975
TX1230300,Groves Police Department,TX,16760
TX0940000,Guadalupe County Sheriff's Office,TX,49080
TX1070700,Gun Barrel City Police Department,TX,7214
TX0912000,Gunter Police Department,TX,2617
TX0950200,Hale Center Police Department,TX,1986
TX0950700,Hale County Constable: Precinct 3,TX,0
TX0950000,Hale County Sheriff's Office,TX,7342
TX0960000,Hall County Sheriff's Office,TX,655
TX1430100,Hallettsville Police Department,TX,2747
TX1020100,Hallsville Police Department,TX,5058
TX2201400,Haltom City Police Department,TX,45733
TX0970000,Hamilton County Sheriff's Office,TX,4163
TX0970100,Hamilton Police Department,TX,3033
TX1270200,Hamlin Police Department,TX,1887
TX0980000,Hansford County Sheriff's Office,TX,1969
TX0990000,Hardeman County Sheriff's Office,TX,2842
TX1000400,Hardin County Constable: Precinct 1,TX,0
TX1000500,Hardin County Constable: Precinct 2,TX,0
TX1000700,Hardin County Constable: Precinct 4,TX,0
TX1000000,Hardin County Sheriff's Office,TX,33911
TX221109E,Hardin-Simmons University,TX,0
TX0140300,Harker Heights Police Department,TX,35790
TX0310300,Harlingen Police Department,TX,72282
TX1013100,Harris County Constable: Precinct 1,TX,0
TX1014700,Harris County Constable: Precinct 2,TX,0
TX1014800,Harris County Constable: Precinct 3,TX,0
TX1014900,Harris County Constable: Precinct 4,TX,0
TX1015000,Harris County Constable: Precinct 5,TX,0
TX1015100,Harris County Constable: Precinct 6,TX,0
TX1015200,Harris County Constable: Precinct 7,TX,0
TX1015300,Harris County Constable: Precinct 8,TX,0
TX1010000,Harris County Sheriff's Office,TX,2178104
TX1020700,Harrison County Constable: Precinct 1,TX,0
TX1020900,Harrison County Constable: Precinct 3,TX,0
TX1021000,Harrison County Constable: Precinct 4,TX,0
TX1020000,Harrison County Sheriff's Office,TX,37784
TX1030000,Hartley County Sheriff's Office,TX,2297
TX1040000,Haskell County Sheriff's Office,TX,2310
TX1040100,Haskell Police Department,TX,3061
TX1161600,Hawk Cove Police Department,TX,528
TX1270500,Hawley Police Department,TX,588
TX1050200,Hays County Constable: Precinct 1,TX,0
TX1050400,Hays County Constable: Precinct 2,TX,0
TX1050500,Hays County Constable: Precinct 3,TX,0
TX1051100,Hays County Constable: Precinct 4,TX,0
TX1050600,Hays County Constable: Precinct 5,TX,0
TX1050000,Hays County Sheriff's Office,TX,138997
TX1980300,Hearne Police Department,TX,4669
TX1990300,Heath Police Department,TX,11984
TX1014100,Hedwig Village Police Department,TX,2389
TX0153000,Helotes Police Department,TX,10521
TX1060000,Hemphill County Sheriff's Office,TX,3066
TX2020100,Hemphill Police Department,TX,1041
TX2370700,Hempstead Police Department,TX,6983
TX1070300,Henderson County Constable: Precinct 1,TX,0
TX1071400,Henderson County Constable: Precinct 4,TX,0
TX1071500,Henderson County Constable: Precinct 5,TX,0
TX1070000,Henderson County Sheriff's Office,TX,49727
TX2010100,Henderson Police Department,TX,13540
TX0590100,Hereford Police Department,TX,14845
TX1550400,Hewitt Police Department,TX,16923
TX0612800,Hickory Creek Police Department,TX,7583
TX0970500,Hico Police Department,TX,1514
TX1081800,Hidalgo County Constable: Precinct 1,TX,0
TX1081600,Hidalgo County Constable: Precinct 4,TX,0
TX1082100,Hidalgo County Constable: Precinct 5,TX,0
TX1080000,Hidalgo County Sheriff's Office,TX,260330
TX1080600,Hidalgo Police Department,TX,15468
TX0571300,Highland Park Police Department,TX,8736
TX0612000,Highland Village Police Department,TX,16184
TX0150700,Hill Country Village Police Department,TX,951
TX1090700,Hill County Constable: Precinct 1,TX,0
TX1091200,Hill County Constable: Precinct 4,TX,0
TX1090000,Hill County Sheriff's Office,TX,24652
TX0203600,Hillcrest Village Police Department,TX,692
TX1090100,Hillsboro Police Department,TX,9058
TX0840500,Hitchcock Police Department,TX,7867
TX1100000,Hockley County Sheriff's Office,TX,6722
TX0203100,Holiday Lakes Police Department,TX,1085
TX0141100,Holland Police Department,TX,1142
TX0050200,Holliday Police Department,TX,1761
TX0150800,Hollywood Park Police Department,TX,3119
TX1630300,Hondo Police Department,TX,9113
TX0740200,Honey Grove Police Department,TX,1823
TX1110800,Hood County Constable: Precinct 1,TX,0
TX1110500,Hood County Constable: Precinct 4,TX,0
TX1110000,Hood County Sheriff's Office,TX,55809
TX0190800,Hooks Police Department,TX,2463
TX1120300,Hopkins County Constable: Precinct 1,TX,0
TX1120400,Hopkins County Constable: Precinct 2,TX,0
TX1120000,Hopkins County Sheriff's Office,TX,21269
TX0711400,Horizon City Police Department,TX,25372
TX0271100,Horseshoe Bay Police Department,TX,5482
TX0575000,Hospital District: Dallas County,TX,0
TX0681200,Hospital District: Ector County,TX,0
TX1650900,Hospital District: Midland County,TX,0
TX2205000,Hospital District: Tarrant County,TX,0
TX1015500,Houston Arson Bureau,TX,0
TX101619E,Houston Christian University,TX,0
TX1015400,Houston Community College,TX,0
TX1130600,Houston County Constable: Precinct 1,TX,0
TX1131200,Houston County Constable: Precinct 2,TX,0
TX1130000,Houston County Sheriff's Office,TX,14248
TX1015700,Houston Metropolitan Transit Authority,TX,0
TXHPD0000,Houston Police Department,TX,2413559
TX1140000,Howard County Sheriff's Office,TX,8086
TX0911000,Howe Police Department,TX,3679
TX1090200,Hubbard Police Department,TX,1503
TX1840400,Hudson Oaks Police Department,TX,2829
TX1150000,Hudspeth County Sheriff's Office,TX,3704
TX0340200,Hughes Springs Police Department,TX,1520
TX1010900,Humble Police Department,TX,16521
TX1160500,Hunt County Constable: Precinct 1,TX,0
TX1160800,Hunt County Constable: Precinct 2,TX,0
TX1160900,Hunt County Constable: Precinct 3,TX,0
TX1161000,Hunt County Constable: Precinct 4,TX,0
TX1160000,Hunt County Sheriff's Office,TX,57031
TX0030200,Huntington Police Department,TX,2127
TX2360100,Huntsville Police Department,TX,50457
TX2201600,Hurst Police Department,TX,39299
TX0571400,Hutchins Police Department,TX,8201
TX1170000,Hutchinson County Sheriff's Office,TX,6104
TX2460400,Hutto Police Department,TX,47401
TX1520100,Idalou Police Department,TX,2098
TX1017300,Independent School District: Aldine,TX,0
TX1016200,Independent School District: Alief,TX,0
TX0203200,Independent School District: Alvin,TX,0
TX1881200,Independent School District: Amarillo,TX,0
TX0203300,Independent School District: Angleton,TX,0
TX0433700,Independent School District: Anna,TX,0
TX1091300,Independent School District: Aquilla,TX,0
TX0614600,Independent School District: Argyle,TX,0
TX0614500,Independent School District: Aubrey,TX,0
TX2272400,Independent School District: Austin,TX,0
TX1940600,Independent School District: Avery,TX,0
TX1555600,Independent School District: Axtell,TX,0
TX0361000,Independent School District: Barbers Hill,TX,0
TX0110800,Independent School District: Bastrop,TX,0
TX1610900,Independent School District: Bay City,TX,0
TX1232100,Independent School District: Beaumont,TX,0
TX0130600,Independent School District: Beeville,TX,0
TX1751400,Independent School District: Blooming Grove,TX,0
TX0741700,Independent School District: Bonham,TX,0
TX0204000,Independent School District: Brazosport,TX,0
TX1811400,Independent School District: Bridge City,TX,0
TX2230400,Independent School District: Brownfield,TX,0
TX1072800,Independent School District: Brownsboro,TX,0
TX0312400,Independent School District: Brownsville,TX,0
TX1451400,Independent School District: Buffalo,TX,0
TX2122300,Independent School District: Bullard,TX,0
TX2431500,Independent School District: Burkburnett,TX,0
TX1782600,Independent School District: Calallen,TX,0
TX0290900,Independent School District: Calhoun County,TX,0
TX0640200,Independent School District: Carrizo Springs Consolidated,TX,0
TX2205500,Independent School District: Castleberry,TX,0
TX0576800,Independent School District: Cedar Hill,TX,0
TX1162600,Independent School District: Celeste,TX,0
TX2100900,Independent School District: Center,TX,0
TX1330800,Independent School District: Centerpoint,TX,0
TX0031400,Independent School District: Central,TX,0
TX2121700,Independent School District: Chapel Hill,TX,0
TX2250900,Independent School District: Chapel Hill Northeast,TX,0
TX1391100,Independent School District: Chisum,TX,0
TX2431600,Independent School District: City View,TX,0
TX1940700,Independent School District: Clarksville,TX,0
TX1461900,Independent School District: Cleveland,TX,0
TX2040500,Independent School District: Coldspring-Oakhurst,TX,0
TX0913600,Independent School District: Collinsville,TX,0
TX0203500,Independent School District: Columbia-Brazoria,TX,0
TX1162000,Independent School District: Commerce,TX,0
TX0433600,Independent School District: Community,TX,0
TX1120900,Independent School District: Como-Pickton Consolidated,TX,0
TX1702000,Independent School District: Conroe,TX,0
TX0600700,Independent School District: Cooper,TX,0
TX1781600,Independent School District: Corpus Christi,TX,0
TX1751300,Independent School District: Corsicana,TX,0
TX1091500,Independent School District: Covington,TX,0
TX1131100,Independent School District: Crockett,TX,0
TX2207200,Independent School District: Crowley,TX,0
TX1121000,Independent School District: Cumby,TX,0
TX1018600,Independent School District: Cypress-Fairbanks,TX,0
TX1720900,Independent School District: Daingerfield-Lone Star,TX,0
TX0575400,Independent School District: Dallas,TX,0
TX0204200,Independent School District: Damon,TX,0
TX0204300,Independent School District: Danbury,TX,0
TX0192100,Independent School District: De Kalb,TX,0
TX0913500,Independent School District: Denison,TX,0
TX0350500,Independent School District: Dimmitt,TX,0
TX0741500,Independent School District: Dodd City,TX,0
TX1082800,Independent School District: Donna,TX,0
TX1741400,Independent School District: Douglass,TX,0
TX1710500,Independent School District: Dumas,TX,0
TX057A000,Independent School District: Duncanville,TX,0
TX2207300,Independent School District: Eagle Mountain-Saginaw,TX,0
TX2275800,Independent School District: Eanes,TX,0
TX0153500,Independent School District: East Central,TX,0
TX0680800,Independent School District: Ector County,TX,0
TX2341600,Independent School District: Edgewood,TX,0
TX1082500,Independent School District: Edinburg,TX,0
TX0711300,Independent School District: El Paso,TX,0
TX1021800,Independent School District: Elysian Fields,TX,0
TX0701900,Independent School District: Ennis,TX,0
TX0300800,Independent School District: Eula,TX,0
TX0433200,Independent School District: Farmersville,TX,0
TX0702300,Independent School District: Ferris,TX,0
TX2470800,Independent School District: Floresville,TX,0
TX1292300,Independent School District: Forney,TX,0
TX0791600,Independent School District: Fort Bend,TX,0
TX1520700,Independent School District: Frenship,TX,0
TX2341400,Independent School District: Fruitvale,TX,0
TX1018500,Independent School District: Galena Park,TX,0
TX0843100,Independent School District: Galveston,TX,0
TX1740900,Independent School District: Garrison,TX,0
TX0890900,Independent School District: Gonzales,TX,0
TX1018800,Independent School District: Goose Creek Consolidated,TX,0
TX0671300,Independent School District: Gorman,TX,0
TX1131300,Independent School District: Grapeland,TX,0
TX1651100,Independent School District: Greenwood,TX,0
TX1021300,Independent School District: Hallsville,TX,0
TX2251000,Independent School District: Harts Bluff,TX,0
TX2020800,Independent School District: Hemphill,TX,0
TX2371000,Independent School District: Hempstead,TX,0
TX0578400,Independent School District: Highland Park,TX,0
TX0741400,Independent School District: Honey Grove,TX,0
TX1013500,Independent School District: Houston,TX,0
TX0912700,Independent School District: Howe,TX,0
TX0031500,Independent School District: Hudson,TX,0
TX1019500,Independent School District: Huffman,TX,0
TX0342000,Independent School District: Hughes Springs,TX,0
TX1017800,Independent School District: Humble,TX,0
TX0032000,Independent School District: Huntington,TX,0
TX2462800,Independent School District: Hutto,TX,0
TX1522700,Independent School District: Idalou,TX,0
TX1330900,Independent School District: Ingram,TX,0
TX2431300,Independent School District: Iowa Consolidated,TX,0
TX2463300,Independent School District: Jarrell,TX,0
TX0970600,Independent School District: Jonesboro,TX,0
TX1261800,Independent School District: Joshua,TX,0
TX0152000,Independent School District: Judson,TX,0
TX1016700,Independent School District: Katy,TX,0
TX1291500,Independent School District: Kaufman,TX,0
TX1261700,Independent School District: Keene,TX,0
TX1291400,Independent School District: Kemp,TX,0
TX1131400,Independent School District: Kennard,TX,0
TX0141500,Independent School District: Killeen,TX,0
TX1016000,Independent School District: Klein,TX,0
TX0181200,Independent School District: Kopperl,TX,0
TX1001400,Independent School District: Kountze,TX,0
TX0614800,Independent School District: Krum,TX,0
TX0314100,Independent School District: La Feria,TX,0
TX0615600,Independent School District: Lake Dallas,TX,0
TX0792500,Independent School District: Lamar Consolidated,TX,0
TX0575700,Independent School District: Lancaster,TX,0
TX2401100,Independent School District: Laredo,TX,0
TX1130900,Independent School District: Latexo,TX,0
TX0741300,Independent School District: Leonard,TX,0
TX2463000,Independent School District: Liberty Hill,TX,0
TX0191600,Independent School District: Liberty-Eylau,TX,0
TX2122000,Independent School District: Lindale,TX,0
TX1500900,Independent School District: Llano,TX,0
TX1162400,Independent School District: Lone Oak,TX,0
TX0313000,Independent School District: Los Fresnos Consolidated,TX,0
TX1131000,Independent School District: Lovelady,TX,0
TX0031700,Independent School District: Lufkin,TX,0
TX2450800,Independent School District: Lyford,TX,0
TX1292000,Independent School District: Mabank,TX,0
TX1570700,Independent School District: Madisonville,TX,0
TX1073000,Independent School District: Malakoff,TX,0
TX2205100,Independent School District: Mansfield,TX,0
TX0730800,Independent School District: Marlin,TX,0
TX1021500,Independent School District: Marshall,TX,0
TX0192000,Independent School District: Maud,TX,0
TX1082600,Independent School District: McAllen,TX,0
TX1631200,Independent School District: Medina Valley,TX,0
TX0433500,Independent School District: Melissa,TX,0
TX1471100,Independent School District: Mexia,TX,0
TX1650300,Independent School District: Midland,TX,0
TX1555500,Independent School District: Midway,TX,0
TX2501100,Independent School District: Mineola,TX,0
TX1703300,Independent School District: Montgomery County,TX,0
TX1555700,Independent School District: Moody,TX,0
TX2011400,Independent School District: Mount Enterprise,TX,0
TX2250600,Independent School District: Mount Pleasant,TX,0
TX1073600,Independent School District: Murchison,TX,0
TX1740800,Independent School District: Nacogdoches,TX,0
TX0792000,Independent School District: Needville,TX,0
TX1522900,Independent School District: New Deal,TX,0
TX1530600,Independent School District: New Home,TX,0
TX0371700,Independent School District: New Summerfield,TX,0
TX1451300,Independent School District: Normangee,TX,0
TX0153800,Independent School District: North East,TX,0
TX1391400,Independent School District: North Lamar,TX,0
TX0153600,Independent School District: Northside,TX,0
TX1451600,Independent School District: Oakwood,TX,0
TX1391300,Independent School District: Paris,TX,0
TX1017200,Independent School District: Pasadena,TX,0
TX1950700,Independent School District: Pecos Barstow Toyah,TX,0
TX1721000,Independent School District: Pewitt Consolidated,TX,0
TX2273800,Independent School District: Pflugerville,TX,0
TX0615200,Independent School District: Pilot Point,TX,0
TX0032300,Independent School District: Pineywoods Community Academy,TX,0
TX0320400,Independent School District: Pittsburg,TX,0
TX0192200,Independent School District: Pleasant Grove,TX,0
TX0071300,Independent School District: Pleasanton,TX,0
TX0313100,Independent School District: Point Isabel,TX,0
TX1391500,Independent School District: Prairiland,TX,0
TX0433100,Independent School District: Prosper,TX,0
TX0341900,Independent School District: Queen City,TX,0
TX1161700,Independent School District: Quinlan,TX,0
TX1900700,Independent School District: Rains,TX,0
TX2450900,Independent School District: Raymondville,TX,0
TX0191900,Independent School District: Red Lick,TX,0
TX0192300,Independent School District: Red Water,TX,0
TX2141000,Independent School District: Rio Grande City,TX,0
TX1940500,Independent School District: Rivercrest,TX,0
TX1782500,Independent School District: Robstown,TX,0
TX2141100,Independent School District: Roma,TX,0
TX1101100,Independent School District: Ropes,TX,0
TX2463100,Independent School District: Round Rock,TX,0
TX2371200,Independent School District: Royal,TX,0
TX0142600,Independent School District: Salado,TX,0
TX1120800,Independent School District: Saltillo,TX,0
TX0741600,Independent School District: Sam Rayburn,TX,0
TX0153200,Independent School District: San Antonio,TX,0
TX2030700,Independent School District: San Augustine,TX,0
TX0615400,Independent School District: Sanger,TX,0
TX0842800,Independent School District: Santa Fe,TX,0
TX0312800,Independent School District: Santa Rosa,TX,0
TX1292200,Independent School District: Scurry-Rosser,TX,0
TX0080900,Independent School District: Sealy,TX,0
TX0120200,Independent School District: Seymour,TX,0
TX0913100,Independent School District: Sherman,TX,0
TX1001200,Independent School District: Silsbee,TX,0
TX0192400,Independent School District: Simms,TX,0
TX0712200,Independent School District: Socorro,TX,0
TX1084500,Independent School District: South Texas,TX,0
TX0155600,Independent School District: Southwest,TX,0
TX1702300,Independent School District: Splendora,TX,0
TX1017100,Independent School District: Spring,TX,0
TX1017000,Independent School District: Spring Branch,TX,0
TX1590200,Independent School District: Stanton,TX,0
TX1121200,Independent School District: Sulphur Bluff,TX,0
TX2051600,Independent School District: Taft,TX,0
TX2010500,Independent School District: Tatem,TX,0
TX1291300,Independent School District: Terrell,TX,0
TX0191500,Independent School District: Texarkana,TX,0
TX0913400,Independent School District: Tom Bean,TX,0
TX0741800,Independent School District: Trenton,TX,0
TX2280700,Independent School District: Trinity,TX,0
TX2190800,Independent School District: Tulia,TX,0
TX2121900,Independent School District: Tyler,TX,0
TX2400700,Independent School District: United,TX,0
TX1553900,Independent School District: Valley Mills,TX,0
TX0913200,Independent School District: Van Alstyne,TX,0
TX1611100,Independent School District: Van Vleck,TX,0
TX1262000,Independent School District: Vensus,TX,0
TX1552700,Independent School District: Waco,TX,0
TX0181300,Independent School District: Walnut Springs,TX,0
TX2290700,Independent School District: Warren,TX,0
TX1553700,Independent School District: West,TX,0
TX1001300,Independent School District: West Hardin,TX,0
TX2410900,Independent School District: Wharton,TX,0
TX2205300,Independent School District: White Settlement,TX,0
TX0912800,Independent School District: Whitesboro,TX,0
TX2431200,Independent School District: Wichita Falls,TX,0
TX2480700,Independent School District: Wink-Loving,TX,0
TX2500900,Independent School District: Winnsboro,TX,0
TX1741000,Independent School District: Woden,TX,0
TX2501200,Independent School District: Yantis,TX,0
TX0620900,Independent School District: Yorktown,TX,0
TX2530700,Independent School District: Zapata County,TX,0
TX0031900,Independent School District: Zavalla,TX,0
TX0313300,Indian Lake Police Department,TX,900
TX2050100,Ingleside Police Department,TX,10293
TX1330500,Ingram Police Department,TX,1861
TX0203000,Iowa Colony Police Department,TX,13646
TX2430400,Iowa Park Police Department,TX,6592
TX1180000,Irion County Sheriff's Office,TX,1524
TX0571500,Irving Police Department,TX,258220
TX0700400,Italy Police Department,TX,2175
TX1090300,Itasca Police Department,TX,1972
TX2290600,Ivanhoe Police Department,TX,1408
TX1011100,Jacinto City Police Department,TX,9396
TX1190500,Jack County Constable: Precinct 1,TX,0
TX1190000,Jack County Sheriff's Office,TX,4815
TX1190100,Jacksboro Police Department,TX,4787
TX1200000,Jackson County Sheriff's Office,TX,7204
TX0370100,Jacksonville Police Department,TX,14795
TX0841900,Jamaica Beach Police Department,TX,1077
TX2462500,Jarrell Police Department,TX,6747
TX1210300,Jasper County Constable: Precinct 1,TX,0
TX1210400,Jasper County Constable: Precinct 2,TX,0
TX1210600,Jasper County Constable: Precinct 4,TX,0
TX1210700,Jasper County Constable: Precinct 5,TX,0
TX1210000,Jasper County Sheriff's Office,TX,23078
TX1210100,Jasper Police Department,TX,7667
TX1220000,Jeff Davis County Sheriff's Office,TX,1723
TX1230900,Jefferson County Constable: Precinct 1,TX,0
TX1231100,Jefferson County Constable: Precinct 2,TX,0
TX1231300,Jefferson County Constable: Precinct 4,TX,0
TX1231700,Jefferson County Constable: Precinct 6,TX,0
TX1231500,Jefferson County Constable: Precinct 7,TX,0
TX1231800,Jefferson County Constable: Precinct 8,TX,0
TX1230000,Jefferson County Sheriff's Office,TX,35787
TX1580100,Jefferson Police Department,TX,1995
TX1011200,Jersey Village Police Department,TX,7754
TX1451000,Jewett Police Department,TX,830
TX1240000,Jim Hogg County Sheriff's Office,TX,4501
TX1250300,Jim Wells County Constable: Precinct 1,TX,0
TX1250000,Jim Wells County Sheriff's Office,TX,16858
TX0160200,Johnson City Police Department,TX,2181
TX1260800,Johnson County Constable: Precinct 1,TX,0
TX1260900,Johnson County Constable: Precinct 2,TX,0
TX1261000,Johnson County Constable: Precinct 3,TX,0
TX1261100,Johnson County Constable: Precinct 4,TX,0
TX1260000,Johnson County Sheriff's Office,TX,85507
TX1270000,Jones County Sheriff's Office,TX,7244
TX0202700,Jones Creek Police Department,TX,1980
TX2272200,Jonestown Police Department,TX,2676
TX0432700,Josephine Police Department,TX,4994
TX1260500,Joshua Police Department,TX,9478
TX0070400,Jourdanton Police Department,TX,4655
TX1340100,Junction Police Department,TX,2504
TX0610300,Justin Police Department,TX,6718
TX1280100,Karnes City Police Department,TX,3627
TX1280000,Karnes County Sheriff's Office,TX,8177
TX1012700,Katy Police Department,TX,29259
TX1290600,Kaufman County Constable: Precinct 1,TX,0
TX1291000,Kaufman County Constable: Precinct 2,TX,0
TX1291100,Kaufman County Constable: Precinct 3,TX,0
TX1290000,Kaufman County Sheriff's Office,TX,117526
TX1290200,Kaufman Police Department,TX,10497
TX1260600,Keene Police Department,TX,7062
TX2203000,Keller Police Department,TX,46881
TX0840600,Kemah Police Department,TX,3232
TX1290300,Kemp Police Department,TX,1491
TX1410800,Kempner Police Department,TX,1318
TX1300200,Kendall County Constable: Precinct 1,TX,0
TX1300300,Kendall County Constable: Precinct 2,TX,0
TX1300400,Kendall County Constable: Precinct 3,TX,0
TX1300500,Kendall County Constable: Precinct 4,TX,0
TX1300000,Kendall County Sheriff's Office,TX,26673
TX1310000,Kenedy County Sheriff's Office,TX,324
TX1280200,Kenedy Police Department,TX,3352
TX2201700,Kennedale Police Department,TX,11434
TX1320000,Kent County Sheriff's Office,TX,687
TX1750400,Kerens Police Department,TX,1505
TX2480100,Kermit Police Department,TX,5831
TX1330300,Kerr County Constable: Precinct 1,TX,0
TX1330400,Kerr County Constable: Precinct 2,TX,0
TX1330700,Kerr County Constable: Precinct 3,TX,0
TX1330600,Kerr County Constable: Precinct 4,TX,0
TX1330000,Kerr County Sheriff's Office,TX,26773
TX1330100,Kerrville Police Department,TX,25345
TX0920800,Kilgore College,TX,0
TX0920400,Kilgore Police Department,TX,13637
TX0140400,Killeen Police Department,TX,162382
TX1340000,Kimble County Sheriff's Office,TX,1906
TX1350000,King County Sheriff's Office,TX,203
TX1370100,Kingsville Police Department,TX,24776
TX1360100,Kinney County Constable: Precinct 1,TX,0
TX1360000,Kinney County Sheriff's Office,TX,3195
TX0150900,Kirby Police Department,TX,8093
TX1210200,Kirbyville Police Department,TX,2021
TX1370000,Kleberg County Sheriff's Office,TX,5405
TX1380200,Knox City Police Department,TX,1024
TX1380000,Knox County Sheriff's Office,TX,989
TX1000100,Kountze Police Department,TX,2170
TX0610400,Krum Police Department,TX,7140
TX1050700,Kyle Police Department,TX,71858
TX0310400,La Feria Police Department,TX,7079
TX0750100,La Grange Police Department,TX,4533
TX2140100,La Grulla Police Department,TX,1237
TX1081500,La Joya Police Department,TX,5300
TX0840700,La Marque Police Department,TX,20653
TX1011300,La Porte Police Department,TX,38764
TX1420000,La Salle County Sheriff's Office,TX,6118
TX2470700,La Vernia Police Department,TX,1604
TX1080700,La Villa Police Department,TX,3272
TX1630900,Lacoste Police Department,TX,1259
TX1550500,Lacy-Lakeview Police Department,TX,7275
TX2272100,Lago Vista Police Department,TX,10531
TX0312900,Laguna Vista Police Department,TX,3857
TX2051700,Lake City Police Department,TX,500
TX0610500,Lake Dallas Police Department,TX,7965
TX0200800,Lake Jackson Police Department,TX,28161
TX2201900,Lake Worth Police Department,TX,4804
TX0921500,Lakeport Police Department,TX,996
TX2201800,Lakeside Police Department,TX,1604
TX1016600,"Lakeview Police Department, Harrison County",TX,6791
TX2271100,Lakeway Police Department,TX,19009
TX1390600,Lamar County Constable: Precinct 2,TX,0
TX1390000,Lamar County Sheriff's Office,TX,22573
TX1231000,Lamar University: Beaumont,TX,0
TX1400000,Lamb County Sheriff's Office,TX,4005
TX0580100,Lamesa Police Department,TX,7972
TX1410200,Lampasas County Constable: Precinct 1,TX,0
TX1410000,Lampasas County Sheriff's Office,TX,12601
TX1410100,Lampasas Police Department,TX,8102
TX0571700,Lancaster Police Department,TX,40640
TX2400500,Laredo Community College,TX,0
TX2400100,Laredo Police Department,TX,262723
TX1430500,Lavaca County Constable: Precinct 2,TX,0
TX1430600,Lavaca County Constable: Precinct 3,TX,0
TX1430700,Lavaca County Constable: Precinct 4,TX,0
TX1430000,Lavaca County Sheriff's Office,TX,10966
TX1200800,Lavaca-Navidad River Authority,TX,0
TX0432000,Lavon Police Department,TX,9932
TX0840800,League City Police Department,TX,119427
TX2461700,Leander Police Department,TX,95840
TX1440600,Lee County Constable: Precinct 4,TX,0
TX1440000,Lee County Sheriff's Office,TX,11862
TX1450200,Leon County Constable: Precinct 1,TX,0
TX1450300,Leon County Constable: Precinct 2,TX,0
TX1450000,Leon County Sheriff's Office,TX,13240
TX0151000,Leon Valley Police Department,TX,11393
TX0740600,Leonard Police Department,TX,2237
TX1100100,Levelland Police Department,TX,12460
TX0610600,Lewisville Police Department,TX,138488
TX1440200,Lexington Police Department,TX,1344
TX1460000,Liberty County Sheriff's Office,TX,89621
TX2462400,Liberty Hill Police Department,TX,7236
TX1460400,Liberty Police Department,TX,9153
TX1470800,Limestone County Constable: Precinct 2,TX,0
TX1470500,Limestone County Constable: Precinct 3,TX,0
TX1470900,Limestone County Constable: Precinct 4,TX,0
TX1470000,Limestone County Sheriff's Office,TX,10861
TX2120200,Lindale Police Department,TX,7537
TX0340300,Linden Police Department,TX,1810
TX1110200,Lipan Marshal's Office,TX,0
TX1480000,Lipscomb County Sheriff's Office,TX,1518
TX0611300,Little Elm Police Department,TX,65337
TX1400300,Littlefield Police Department,TX,5694
TX1490000,Live Oak County Sheriff's Office,TX,7938
TX0151600,Live Oak Police Department,TX,16319
TX0203700,Liverpool Police Department,TX,569
TX1870200,Livingston Police Department,TX,5521
TX1500200,Llano County Constable: Precinct 1,TX,0
TX1500300,Llano County Constable: Precinct 2,TX,0
TX1500400,Llano County Constable: Precinct 3,TX,0
TX1500800,Llano County Constable: Precinct 4,TX,0
TX1500000,Llano County Sheriff's Office,TX,14658
TX1500100,Llano Police Department,TX,3663
TX0280100,Lockhart Police Department,TX,17959
TX1072200,Log Cabin Police Department,TX,905
TX1410600,Lometa Police Department,TX,814
TX1161200,Lone Oak Police Department,TX,849
TX1015900,Lone Star College System District ,TX,0
TX1720200,Lone Star Police Department,TX,1409
TX0920500,Longview Police Department,TX,84150
TX1550600,Lorena Police Department,TX,1797
TX0540200,Lorenzo Police Department,TX,944
TX0310500,Los Fresnos Police Department,TX,8667
TX0313800,Los Indios Police Department,TX,1050
TX0730100,Lott Police Department,TX,687
TX1510000,Loving County Sheriff's Office,TX,44
TX1522000,Lubbock Christian University,TX,0
TX1522300,Lubbock County Constable: Precinct 1,TX,0
TX1520000,Lubbock County Sheriff's Office,TX,32305
TX1521300,Lubbock County Water Control and Improvement District #1,TX,0
TX1521700,Lubbock International Airport,TX,0
TX1520200,Lubbock Police Department,TX,275713
TX0030400,Lufkin Police Department,TX,34467
TX0280200,Luling Police Department,TX,5793
TX1000900,Lumberton Police Department,TX,14417
TX2450100,Lyford Police Department,TX,2197
TX1530000,Lynn County Sheriff's Office,TX,2823
TX0070100,Lytle Police Department,TX,3437
TX1290400,Mabank Police Department,TX,8002
TX1570200,Madison County Constable: Precinct 1 & 2,TX,0
TX1570400,Madison County Constable: Precinct 3 & 4,TX,0
TX1570000,Madison County Sheriff's Office,TX,9162
TX1570100,Madisonville Police Department,TX,4699
TX1701000,Magnolia Police Department,TX,4043
TX1070200,Malakoff Police Department,TX,2274
TX2270200,Manor Police Department,TX,23981
TX2202000,Mansfield Police Department,TX,82937
TX0200900,Manvel Police Department,TX,22652
TX0270200,Marble Falls Police Department,TX,10145
TX1890100,Marfa Police Department,TX,1607
TX1580300,Marion County Constable: Precinct 1,TX,0
TX1580400,Marion County Constable: Precinct 2,TX,0
TX1580000,Marion County Sheriff's Office,TX,7628
TX0940100,Marion Police Department,TX,1110
TX0730200,Marlin Police Department,TX,5604
TX1020200,Marshall Police Department,TX,24499
TX1550800,Mart Police Department,TX,1858
TX1590000,Martin County Sheriff's Office,TX,2467
TX0280900,Martindale Police Department,TX,1270
TX1600000,Mason County Sheriff's Office,TX,3975
TX1610700,Matagorda County Constable: Precinct 1,TX,0
TX1610400,Matagorda County Constable: Precinct 2,TX,0
TX1610500,Matagorda County Constable: Precinct 3,TX,0
TX1610600,Matagorda County Constable: Precinct 4,TX,0
TX1610800,Matagorda County Constable: Precinct 6,TX,0
TX1610000,Matagorda County Sheriff's Office,TX,14567
TX2050200,Mathis Police Department,TX,4283
TX1620000,Maverick County Sheriff's Office,TX,29900
TX0702200,Maypearl Police Department,TX,984
TX1080800,McAllen Police Department,TX,150422
TX1540000,McCulloch County Sheriff's Office,TX,2458
TX1550700,McGregor Police Department,TX,6364
TX0430500,McKinney Police Department,TX,235731
TX1551600,McLennan Community College,TX,0
TX1551500,McLennan County Constable: Precinct 1,TX,0
TX1550000,McLennan County Sheriff's Office,TX,47039
TX1560000,McMullen County Sheriff's Office,TX,555
TX0791300,Meadows Place Police Department,TX,4598
TX1630000,Medina County Sheriff's Office,TX,35891
TX0431700,Melissa Police Department,TX,30479
TX1012400,Memorial Villages Police Department,TX,11570
TX0960100,Memphis Police Department,TX,2044
TX1640000,Menard County Sheriff's Office,TX,1891
TX1080900,Mercedes Police Department,TX,17869
TX0180800,Meridian Police Department,TX,1431
TX2210300,Merkel Police Department,TX,2492
TX0571800,Mesquite Police Department,TX,150193
TX1470300,Mexia Police Department,TX,6930
TX1650200,Midland County Constable: Precinct 2,TX,0
TX1650800,Midland County Constable: Precinct 4,TX,0
TX1650000,Midland County Sheriff's Office,TX,35459
TX1650100,Midland Police Department,TX,146444
TX0700500,Midlothian Police Department,TX,46551
TX2430700,Midwestern State University,TX,0
TX1660500,Milam County Constable: Precinct 2,TX,0
TX1660700,Milam County Constable: Precinct 4,TX,0
TX1660000,Milam County Sheriff's Office,TX,13288
TX2000700,Miles Police Department,TX,949
TX0700600,Milford Police Department,TX,822
TX1670000,Mills County Sheriff's Office,TX,4573
TX2500300,Mineola Police Department,TX,5515
TX1820200,Mineral Wells Police Department,TX,15911
TX1081000,Mission Police Department,TX,89265
TX0790100,Missouri City Police Department,TX,79654
TX1680000,Mitchell County Sheriff's Office,TX,5026
TX2380100,Monahans Police Department,TX,7212
TX0360700,Mont Belvieu Police Department,TX,10924
TX1690000,Montague County Sheriff's Office,TX,11814
TX1700400,Montgomery County Constable: Precinct 1,TX,0
TX1700200,Montgomery County Constable: Precinct 2,TX,0
TX1700500,Montgomery County Constable: Precinct 3,TX,0
TX1700600,Montgomery County Constable: Precinct 4,TX,0
TX1701900,Montgomery County Constable: Precinct 5,TX,0
TX1700000,Montgomery County Sheriff's Office,TX,622789
TX1701700,Montgomery Police Department,TX,3127
TX1550900,Moody Police Department,TX,1636
TX1710000,Moore County Sheriff's Office,TX,2077
TX1011400,Morgan's Point Police Department,TX,274
TX0141000,Morgan's Point Resort Police Department,TX,4798
TX1720000,Morris County Sheriff's Office,TX,5876
TX1730000,Motley County Sheriff's Office,TX,999
TX1431000,Moulton Police Department,TX,858
TX2011000,Mount Enterprise Police Department,TX,514
TX2250100,Mount Pleasant Police Department,TX,16267
TX0800200,Mount Vernon Police Department,TX,2628
TX0090100,Muleshoe Police Department,TX,5247
TX1380300,Munday Police Department,TX,1205
TX0431800,Murphy Police Department,TX,21116
TX2272300,Mustang Ridge Police Department,TX,1016
TX1740300,Nacogdoches County Constable: Precinct 1,TX,0
TX1740700,Nacogdoches County Constable: Precinct 4,TX,0
TX1740000,Nacogdoches County Sheriff's Office,TX,32441
TX1740200,Nacogdoches Police Department,TX,32448
TX1720500,Naples Police Department,TX,1414
TX0190300,Nash Police Department,TX,4314
TX1012800,Nassau Bay Police Department,TX,5206
TX1631000,Natalia Police Department,TX,1397
TX1750500,Navarro College,TX,0
TX1750600,Navarro County Constable: Precinct 1,TX,0
TX1751000,Navarro County Constable: Precinct 3,TX,0
TX1750000,Navarro County Sheriff's Office,TX,26780
TX0930100,Navasota Police Department,TX,9965
TX1230500,Nederland Police Department,TX,18011
TX0790700,Needville Police Department,TX,3153
TX0190400,New Boston Police Department,TX,4527
TX0460100,New Braunfels Police Department,TX,123668
TX1521500,New Deal Police Department,TX,752
TX2010200,New London Police Department,TX,994
TX0370200,New Summerfield Police Department,TX,923
TX1760000,Newton County Sheriff's Office,TX,10245
TX1760100,Newton Police Department,TX,1552
TX0890200,Nixon Police Department,TX,2397
TX1690200,Nocona Police Department,TX,3286
TX1770000,Nolan County Sheriff's Office,TX,2698
TX0140500,Nolanville Police Department,TX,7799
TX1450900,Normangee Police Department,TX,558
TX2202100,North Richland Hills Police Department,TX,71725
TX0613500,Northeast Police Department,TX,4097
TX2251100,Northeast Texas Community College,TX,0
TX0613900,Northlake Police Department,TX,12732
TX1780000,Nueces County Sheriff's Office,TX,17154
TX1530500,O'Donnell Police Department,TX,748
TX0612700,Oak Point Police Department,TX,7546
TX1701600,Oak Ridge North Police Department,TX,2989
TX0490800,Oak Ridge Police Department,TX,311
TX1292100,"Oak Ridge Police Department, Kaufman County",TX,1722
TX1451100,Oakwood Police Department,TX,410
TX1790000,Ochiltree County Sheriff's Office,TX,1431
TX2050700,Odem Police Department,TX,2300
TX0680900,Odessa College,TX,0
TX0680200,Odessa Police Department,TX,121009
TX1800000,Oldham County Sheriff's Office,TX,911
TX0151100,Olmos Park Police Department,TX,2152
TX2520200,Olney Police Department,TX,3036
TX1400400,Olton Police Department,TX,1922
TX1720300,Omaha Police Department,TX,941
TX1870800,Onalaska Police Department,TX,3443
TX1810000,Orange County Sheriff's Office,TX,41239
TX1250800,Orange Grove Police Department,TX,1185
TX1810200,Orange Police Department,TX,19278
TX2300300,Ore City Police Department,TX,1221
TX2010300,Overton Police Department,TX,2312
TX0575500,Ovilla Police Department,TX,4893
TX0202900,Oyster Creek Police Department,TX,1249
TX0510100,Paducah Police Department,TX,948
TX1610200,Palacios Police Department,TX,4366
TX0010100,Palestine Police Department,TX,19844
TX0312500,Palm Valley Police Department,TX,1340
TX0700700,Palmer Police Department,TX,2676
TX1083500,Palmhurst Police Department,TX,2602
TX1082200,Palmview Police Department,TX,16078
TX1820900,Palo Pinto County Constable: Precinct 1,TX,0
TX1821000,Palo Pinto County Constable: Precinct 2,TX,0
TX1820700,Palo Pinto County Constable: Precinct 3,TX,0
TX1820500,Palo Pinto County Constable: Precinct 4,TX,0
TX1820400,Palo Pinto County Constable: Precinct 5,TX,0
TX1820000,Palo Pinto County Sheriff's Office,TX,14841
TX0900200,Pampa Police Department,TX,16399
TX0330100,Panhandle Police Department,TX,2302
TX1830400,Panola College,TX,0
TX1830200,Panola County Constable: Precinct 1 & 4,TX,0
TX1830300,Panola County Constable: Precinct 2 & 3,TX,0
TX1830000,Panola County Sheriff's Office,TX,16190
TX2203100,Pantego Police Department,TX,2479
TX1390400,Paris Junior College,TX,0
TX1390200,Paris Police Department,TX,25172
TX1840200,Parker County Constable: Precinct 1,TX,0
TX1841100,Parker County Constable: Precinct 2,TX,0
TX1841000,Parker County Constable: Precinct 3,TX,0
TX1841300,Parker County Constable: Precinct 4,TX,0
TX1840000,Parker County Sheriff's Office,TX,121108
TX0431900,Parker Police Department,TX,6552
TX1850000,Parmer County Sheriff's Office,TX,2512
TX1011500,Pasadena Police Department,TX,149168
TX1700800,Patton Village Police Department,TX,2070
TX1072500,Payne Springs Police Department,TX,775
TX0201000,Pearland Police Department,TX,130539
TX0820100,Pearsall Police Department,TX,9741
TX1860400,Pecos County Constable: Precinct 3,TX,0
TX1860000,Pecos County Sheriff's Office,TX,6467
TX1950200,Pecos Police Department,TX,9650
TX2204800,Pelican Bay Police Department,TX,2849
TX1083000,Penitas Police Department,TX,6598
TX1790100,Perryton Police Department,TX,8169
TX0950300,Petersburg Police Department,TX,962
TX2270900,Pflugerville Police Department,TX,67159
TX1081100,Pharr Police Department,TX,81470
TX0610700,Pilot Point Police Department,TX,7547
TX1810300,Pinehurst Police Department,TX,2226
TX2020200,Pineland Police Department,TX,898
TX0320100,Pittsburg Police Department,TX,4613
TX0950400,Plainview Police Department,TX,19259
TX0430600,Plano Police Department,TX,295030
TX0070200,Pleasanton Police Department,TX,11598
TX1462100,Plum Grove Police Department,TX,1749
TX0290100,Point Comfort Police Department,TX,552
TX1870000,Polk County Sheriff's Office,TX,44665
TX0613200,Ponder Police Department,TX,2992
TX1780500,Port Aransas Police Department,TX,3813
TX1230700,Port Arthur Police Department,TX,55747
TX0310600,Port Isabel Police Department,TX,5259
TX0290200,Port Lavaca Police Department,TX,11244
TX2451000,Port Mansfield Police Department,TX,260
TX1230800,Port Neches Police Department,TX,13716
TX1231600,Port of Beaumont,TX,0
TX0313400,Port of Brownsville,TX,0
TX0842400,Port of Galveston,TX,0
TX1016900,Port of Houston Authority,TX,0
TX2050300,Portland Police Department,TX,20806
TX0070300,Poteet Police Department,TX,3057
TX2470200,Poth Police Department,TX,2037
TX1880800,Potter County Constable: Precinct 2,TX,0
TX1880900,Potter County Constable: Precinct 3,TX,0
TX1881000,Potter County Constable: Precinct 4,TX,0
TX1880000,Potter County Sheriff's Office,TX,15311
TX0910300,Pottsboro Police Department,TX,2857
TX2370800,Prairie View  Police Department,TX,8785
TX2370900,Prairie View A&M University,TX,0
TX1250200,Premont Police Department,TX,2389
TX1890000,Presidio County Sheriff's Office,TX,957
TX1890600,Presidio Police Department,TX,2999
TX0310700,Primera Police Department,TX,5493
TX0430900,Princeton Police Department,TX,26983
TX1082400,Progreso Police Department,TX,5274
TX0430700,Prosper Police Department,TX,48795
TX0340400,Queen City Police Department,TX,1388
TX1161400,Quinlan Police Department,TX,1604
TX2500400,Quitman Police Department,TX,2067
TX1900000,Rains County Sheriff's Office,TX,11138
TX0313200,Rancho Viejo Police Department,TX,2871
TX1910000,Randall County Sheriff's Office,TX,28877
TX0670400,Ranger Police Department,TX,2353
TX1521100,Ransom Canyon Police Department,TX,1178
TX2450200,Raymondville Police Department,TX,10080
TX1920000,Reagan County Sheriff's Office,TX,3059
TX1930000,Real County Sheriff's Office,TX,2766
TX0700800,Red Oak Police Department,TX,20863
TX1940200,Red River County Constable: Precinct 1,TX,0
TX1940000,Red River County Sheriff's Office,TX,7688
TX1950400,Reeves County Constable: Precinct 3,TX,0
TX1950000,Reeves County Sheriff's Office,TX,1665
TX1960300,Refugio County Constable: Precinct 1,TX,0
TX1960400,Refugio County Constable: Precinct 2 & 3,TX,0
TX1960000,Refugio County Sheriff's Office,TX,3904
TX1960100,Refugio Police Department,TX,2807
TX1391000,"Reno Police Department, Lamar County",TX,3571
TX1840700,"Reno Police Department, Parker County",TX,3571
TX2490300,Rhome Police Department,TX,2005
TX1750300,Rice Police Department,TX,1267
TX101389E,Rice University,TX,0
TX0572000,Richardson Police Department,TX,117915
TX2202200,Richland Hills Police Department,TX,8534
TX1751700,Richland Police Department,TX,274
TX0790200,Richmond Police Department,TX,13765
TX0201100,Richwood Police Department,TX,4847
TX1551700,Riesel Police Department,TX,1067
TX2401000,Rio Bravo Police Department,TX,4405
TX2140200,Rio Grande City Police Department,TX,15573
TX0310800,Rio Hondo Police Department,TX,2389
TX2202300,River Oaks Police Department,TX,7453
TX0612900,Roanoke Police Department,TX,11205
TX1970000,Roberts County Sheriff's Office,TX,837
TX1980000,Robertson County Sheriff's Office,TX,9416
TX1551100,Robinson Police Department,TX,13120
TX1780300,Robstown Police Department,TX,10445
TX1660200,Rockdale Police Department,TX,5716
TX0040200,Rockport Police Department,TX,11309
TX1990500,Rockwall County Constable: Precinct 1,TX,0
TX1991000,Rockwall County Constable: Precinct 2,TX,0
TX1990900,Rockwall County Constable: Precinct 3,TX,0
TX1990700,Rockwall County Constable: Precinct 4,TX,0
TX1990000,Rockwall County Sheriff's Office,TX,15882
TX1990100,Rockwall Police Department,TX,55108
TX0140600,Rogers Police Department,TX,1097
TX2270300,Rollingwood Police Department,TX,1430
TX2140300,Roma Police Department,TX,11660
TX1700700,Roman Forest Police Department,TX,2541
TX1770200,Roscoe Police Department,TX,1196
TX1810800,Rose City Police Department,TX,345
TX0730300,Rosebud Police Department,TX,1352
TX0790300,Rosenberg Police Department,TX,43657
TX2460500,Round Rock Police Department,TX,139331
TX0573300,Rowlett Police Department,TX,69502
TX1990200,Royse City Police Department,TX,31093
TX2490800,Runaway Bay Police Department,TX,2294
TX2000000,Runnels County Sheriff's Office,TX,2951
TX2010400,Rusk County Constable: Precinct 1,TX,0
TX2010600,Rusk County Constable: Precinct 2,TX,0
TX2010800,Rusk County Constable: Precinct 4,TX,0
TX2010900,Rusk County Constable: Precinct 5,TX,0
TX2010000,Rusk County Sheriff's Office,TX,31645
TX0370300,Rusk Police Department,TX,5592
TX2320200,Sabinal Police Department,TX,1388
TX2020700,Sabine County Constable: Precinct 2,TX,0
TX2020000,Sabine County Sheriff's Office,TX,8119
TX0572100,Sachse Police Department,TX,34679
TX2202400,Saginaw Police Department,TX,26673
TX0157100,Saint Hedwig Police Department,TX,2415
TX0141800,Salado Police Department,TX,2505
TX2360300,Sam Houston State University,TX,0
TX2260100,San Angelo Police Department,TX,100184
TXSPD0000,San Antonio Police Department,TX,1549306
TX2030200,San Augustine County Constable: Precinct 1,TX,0
TX2030000,San Augustine County Sheriff's Office,TX,5863
TX2030100,San Augustine Police Department,TX,1833
TX0310900,San Benito Police Department,TX,24680
TX0660200,San Diego Police Department,TX,3589
TX0712800,San Elizario Police Department,TX,10131
TX0080800,San Felipe Police Department,TX,724
TX1013600,San Jacinto College: Central Campus,TX,0
TX2040100,San Jacinto County Constable: Precinct 1,TX,0
TX2040300,San Jacinto County Constable: Precinct 3,TX,0
TX2040400,San Jacinto County Constable: Precinct 4,TX,0
TX2040000,San Jacinto County Sheriff's Office,TX,27715
TX1081300,San Juan Police Department,TX,37852
TX1050100,San Marcos Police Department,TX,75924
TX2050000,San Patricio County Sheriff's Office,TX,15320
TX2060000,San Saba County Sheriff's Office,TX,2623
TX2060100,San Saba Police Department,TX,2811
TX0156200,Sandy Oaks Police Department,TX,5858
TX0610800,Sanger Police Department,TX,10471
TX2202500,Sansom Park Village Police Department,TX,5391
TX0420200,Santa Anna Police Department,TX,1062
TX0941400,Santa Clara Police Department,TX,751
TX0842100,Santa Fe Police Department,TX,13227
TX0311000,Santa Rosa Police Department,TX,2344
TX0740400,Savoy Police Department,TX,859
TX0940200,Schertz Police Department,TX,45017
TX2070000,Schleicher County Sheriff's Office,TX,2259
TX0750300,Schulenburg Police Department,TX,2881
TX2080000,Scurry County Sheriff's Office,TX,4882
TX1011700,Seabrook Police Department,TX,14075
TX0290300,Seadrift Police Department,TX,1071
TX0572200,Seagoville Police Department,TX,20527
TX0830100,Seagraves Police Department,TX,2285
TX0080200,Sealy Police Department,TX,7748
TX0940300,Seguin Police Department,TX,41546
TX0152200,Selma Police Department,TX,12021
TX0830200,Seminole Police Department,TX,7470
TX1070500,Seven Points Police Department,TX,1553
TX0120100,Seymour Police Department,TX,2633
TX2090000,Shackelford County Sheriff's Office,TX,1270
TX1520300,Shallowater Police Department,TX,2973
TX0151200,Shavano Park Police Department,TX,3878
TX2100000,Shelby County Sheriff's Office,TX,17910
TX1701200,Shenandoah Police Department,TX,3922
TX2040600,Shepherd Police Department,TX,1952
TX2110000,Sherman County Sheriff's Office,TX,785
TX0910400,Sherman Police Department,TX,51942
TX1430200,Shiner Police Department,TX,2175
TX1011800,Shoreacres Police Department,TX,1536
TX1000200,Silsbee Police Department,TX,6656
TX2050400,Sinton Police Department,TX,5679
TX1520400,Slaton Police Department,TX,5654
TX0891000,Smiley Police Department,TX,492
TX2121100,Smith County Constable: Precinct 2,TX,0
TX2121200,Smith County Constable: Precinct 3,TX,0
TX2121300,Smith County Constable: Precinct 4,TX,0
TX2121400,Smith County Constable: Precinct 5,TX,0
TX2120000,Smith County Sheriff's Office,TX,112051
TX0110300,Smithville Police Department,TX,4403
TX2080100,Snyder Police Department,TX,11090
TX0711600,Socorro Police Department,TX,39719
TX0152300,Somerset Police Department,TX,1865
TX2130200,Somervell County Constable: Precinct 1,TX,0
TX2130000,Somervell County Sheriff's Office,TX,10292
TX0260200,Somerville Police Department,TX,1523
TX2180100,Sonora Police Department,TX,2405
TX1000300,Sour Lake Police Department,TX,1862
TX1011900,South Houston Police Department,TX,16144
TX0311300,South Padre Island Police Department,TX,2077
TX1100400,South Plains College,TX,0
TX1083800,South Texas College,TX,0
TX057529E,Southern Methodist University,TX,0
TX2203200,Southlake Police Department,TX,31561
TX0912200,Southmayd Police Department,TX,1119
TX1012000,Southside Place Police Department,TX,1928
TX2320400,Southwest Texas College,TX,0
TX220029E,Southwestern Baptist Theological Seminary,TX,0
TX129239E,Southwestern Christian College,TX,0
TX2460800,Southwestern University,TX,0
TX0980200,Spearman Police Department,TX,2957
TX1700300,Splendora Police Department,TX,2166
TX1012100,Spring Valley Police Department,TX,4438
TX1840300,Springtown Police Department,TX,5420
TX0630100,Spur Police Department,TX,838
TX227279E,St. Edwards University,TX,0
TX1690300,St. Jo Police Department,TX,967
TX015349E,St. Mary's University,TX,0
TX101769E,St. Thomas University,TX,0
TX0790400,Stafford Police Department,TX,17538
TX1701500,Stagecoach Police Department,TX,608
TX1270400,Stamford Police Department,TX,2966
TX1590100,Stanton Police Department,TX,2621
TX2140700,Starr County Constable: Precinct 4,TX,0
TX2140000,Starr County Sheriff's Office,TX,38019
TX2150200,Stephens County Constable: Breckenridge,TX,0
TX2150000,Stephens County Sheriff's Office,TX,4338
TX0720200,Stephenville Police Department,TX,22414
TX2160000,Sterling County Sheriff's Office,TX,1382
TX1170500,Stinnett Police Department,TX,1587
TX2170000,Stonewall County Sheriff's Office,TX,1228
TX2110100,Stratford Police Department,TX,1969
TX1400500,Sudan Police Department,TX,935
TX0790500,Sugar Land Police Department,TX,109606
TX0220200,Sul Ross State University,TX,0
TX1083200,Sullivan City Police Department,TX,3898
TX1120200,Sulphur Springs Police Department,TX,17132
TX1100600,Sundown Police Department,TX,1310
TX0572300,Sunnyvale Police Department,TX,9109
TX1710200,Sunray Police Department,TX,1743
TX1500500,Sunrise Beach Village Police Department,TX,819
TX2271900,Sunset Valley Police Department,TX,604
TX0202800,Surfside Beach Police Department,TX,721
TX2180000,Sutton County Sheriff's Office,TX,829
TX0201200,Sweeny Police Department,TX,3599
TX1770300,Sweetwater Police Department,TX,10095
TX2190000,Swisher County Sheriff's Office,TX,2496
TX2050500,Taft Police Department,TX,2962
TX1530200,Tahoka Police Department,TX,2540
TX0720400,Tarleton State University,TX,0
TX2203900,Tarrant County College District,TX,0
TX2203500,Tarrant County Constable: Precinct 1,TX,0
TX2204200,Tarrant County Constable: Precinct 3,TX,0
TX2200000,Tarrant County Sheriff's Office,TX,51120
TX2011100,Tatum Police Department,TX,1413
TX2210000,Taylor County Sheriff's Office,TX,19817
TX2460600,Taylor Police Department,TX,18250
TX0810200,Teague Police Department,TX,3616
TX0140700,Temple Police Department,TX,99965
TX2101600,Tenaha Police Department,TX,1006
TX2220000,Terrell County Sheriff's Office,TX,708
TX0151300,Terrell Hills Police Department,TX,5166
TX1290500,Terrell Police Department,TX,24480
TX2230000,Terry County Sheriff's Office,TX,2881
TX0191400,Texarkana College,TX,0
TX0190500,Texarkana Police Department,TX,35907
TX2400600,Texas A&M International University,TX,0
TX0142300,Texas A&M University: Central Texas,TX,0
TX0210400,Texas A&M University: College Station,TX,0
TX1781500,Texas A&M University: Corpus Christi,TX,0
TX0841200,Texas A&M University: Galveston,TX,0
TX1370300,Texas A&M University: Kingsville,TX,0
TX0157000,Texas A&M University: San Antonio,TX,0
TX0191700,Texas A&M University: Texarkana,TX,0
TX2203700,Texas Christian University,TX,0
TX0840900,Texas City Police Department,TX,59365
TX2360800,"Texas Department of Criminal Justice, Office of Inspector General",TX,0
TX057819E,Texas Health,TX,0
TX101589E,Texas Medical Center,TX,0
TX1013300,Texas Southern University,TX,0
TX0311400,Texas State Technical College: Harlingen,TX,0
TX1770400,Texas State Technical College: Sweetwater,TX,0
TX1551800,Texas State Technical College: Waco,TX,0
TX1050300,Texas State University: San Marcos,TX,0
TX1520600,Texas Tech University: Lubbock,TX,0
TX0611000,Texas Woman's University,TX,0
TX0611500,The Colony Police Department,TX,46183
TX1660300,Thorndale Police Department,TX,1421
TX2461800,Thrall Police Department,TX,886
TX1490100,Three Rivers Police Department,TX,1896
TX2240000,Throckmorton County Sheriff's Office,TX,1547
TX0842900,Tiki Island Police Department,TX,1122
TX0912100,Tioga Police Department,TX,1321
TX2250400,Titus County Constable: Precinct 1,TX,0
TX2250500,Titus County Constable: Precinct 2,TX,0
TX2250000,Titus County Sheriff's Office,TX,15212
TX2250800,Titus Fresh Water Supply District 1,TX,0
TX0930800,Todd Mission Police Department,TX,134
TX1110300,Tolar Police Department,TX,1456
TX0912300,Tom Bean Police Department,TX,958
TX2260200,Tom Green County Constable: Precinct 1,TX,0
TX2260500,Tom Green County Constable: Precinct 3,TX,0
TX2260600,Tom Green County Constable: Precinct 4,TX,0
TX2260000,Tom Green County Sheriff's Office,TX,19393
TX1012300,Tomball Police Department,TX,15955
TX1071000,Tool Police Department,TX,2433
TX2271700,Travis County Constable: Precinct 3,TX,0
TX2270600,Travis County Constable: Precinct 5,TX,0
TX2270000,Travis County Sheriff's Office,TX,288003
TX0740500,Trenton Police Department,TX,880
TX1071800,Trinidad Police Department,TX,852
TX2280900,Trinity County Constable: Precinct 1,TX,0
TX2280000,Trinity County Sheriff's Office,TX,12141
TX2280100,Trinity Police Department,TX,2507
TX015319E,Trinity University,TX,0
TX1070400,Trinity Valley Community College,TX,0
TX0613100,Trophy Club Police Department,TX,13697
TX2120300,Troup Police Department,TX,2176
TX0141700,Troy Police Department,TX,3745
TX2190300,Tulia Police Department,TX,4335
TX2210800,Tye Police Department,TX,1256
TX2290200,Tyler County Constable: Precinct 1,TX,0
TX2290500,Tyler County Constable: Precinct 4,TX,0
TX2290000,Tyler County Sheriff's Office,TX,16903
TX2120800,Tyler Junior College,TX,0
TX2120400,Tyler Police Department,TX,113759
TX0151400,Universal City Police Department,TX,20398
TX1522800,University Medical Center,TX,0
TX0572400,University Park Police Department,TX,25262
TX0579100,University of Dallas,TX,0
TX1013200,University of Houston: Central Campus,TX,0
TX1013900,University of Houston: Clearlake,TX,0
TX1014200,University of Houston: Downtown Campus,TX,0
TX014019E,University of Mary Hardin-Baylor,TX,0
TX0611100,University of North Texas: Denton,TX,0
TX2204900,University of North Texas: Health Science Center,TX,0
TX2203300,University of Texas: Arlington,TX,0
TX2270500,University of Texas: Austin,TX,0
TX0572800,University of Texas: Dallas,TX,0
TX0710400,University of Texas: El Paso,TX,0
TX0151700,"University of Texas: Health Science Center, San Antonio",TX,0
TX1012900,University of Texas: Houston,TX,0
TX0841000,University of Texas: Medical Branch,TX,0
TX0680400,University of Texas: Permian Basin,TX,0
TX1084100,University of Texas: Rio Grande Valley,TX,0
TX0151900,University of Texas: San Antonio,TX,0
TX0572600,University of Texas: Southwestern Medical School,TX,0
TX1740400,University of Texas: Stephen F. Austin,TX,0
TX2120900,University of Texas: Tyler,TX,0
TX2300400,Upshur County Constable: Precinct 1,TX,0
TX2300600,Upshur County Constable: Precinct 3,TX,0
TX2300700,Upshur County Constable: Precinct 4,TX,0
TX2300000,Upshur County Sheriff's Office,TX,33251
TX2310000,Upton County Sheriff's Office,TX,3073
TX2320000,Uvalde County Sheriff's Office,TX,8109
TX2320100,Uvalde Police Department,TX,15681
TX2330000,Val Verde County Sheriff's Office,TX,13229
TX0180200,Valley Mills Police Department,TX,1313
TX0490700,Valley View Police Department,TX,933
TX0910500,Van Alstyne Police Department,TX,8149
TX2340400,Van Police Department,TX,3017
TX2340700,Van Zandt County Constable: Precinct 3,TX,0
TX2340000,Van Zandt County Sheriff's Office,TX,49224
TX1800100,Vega Police Department,TX,919
TX1261200,Venus Police Department,TX,9520
TX2440100,Vernon Police Department,TX,9650
TX0154800,Via Metropolitan Transit San Antonio,TX,0
TX2350300,Victoria County Constable: Precinct 2,TX,0
TX2350000,Victoria County Sheriff's Office,TX,25581
TX2350100,Victoria Police Department,TX,66142
TX1810400,Vidor Police Department,TX,9670
TX0155900,Von Ormy Police Department,TX,1224
TX1551200,Waco Police Department,TX,148165
TX0890400,Waelder Police Department,TX,960
TX0190600,Wake Village Police Department,TX,5782
TX2360600,Walker County Constable: Precinct 4,TX,0
TX2360000,Walker County Sheriff's Office,TX,34801
TX2370300,Waller County Constable: Precinct 1,TX,0
TX2370400,Waller County Constable: Precinct 2,TX,0
TX2370500,Waller County Constable: Precinct 3,TX,0
TX2370600,Waller County Constable: Precinct 4,TX,0
TX2370000,Waller County Sheriff's Office,TX,35637
TX2370200,Waller Police Department,TX,4614
TX0080700,Wallis Police Department,TX,1377
TX2380000,Ward County Sheriff's Office,TX,3629
TX2390200,Washington County Constable: Precinct 1,TX,0
TX2390400,Washington County Constable: Precinct 2,TX,0
TX2390500,Washington County Constable: Precinct 3,TX,0
TX2390600,Washington County Constable: Precinct 4,TX,0
TX2390000,Washington County Sheriff's Office,TX,17802
TX1020500,Waskom Police Department,TX,1951
TX2202600,Watauga Police Department,TX,23003
TX0701000,Waxahachie Police Department,TX,50545
TX1840600,Weatherford College,TX,0
TX1840100,Weatherford Police Department,TX,41779
TX2400200,Webb County Constable: Precinct 1,TX,0
TX2400000,Webb County Sheriff's Office,TX,5930
TX1012500,Webster Police Department,TX,12574
TX0450300,Weimar Police Department,TX,2227
TX1081400,Weslaco Police Department,TX,44714
TX0201400,West Columbia Police Department,TX,3653
TX2270400,West Lake Hills Police Department,TX,3155
TX1810500,West Orange Police Department,TX,3384
TX1551300,West Police Department,TX,2607
TX1161300,West Tawakoni Police Department,TX,2266
TX1910300,West Texas A&M University,TX,0
TX1012600,West University Place Police Department,TX,15184
TX2202700,Westover Hills Police Department,TX,639
TX2202800,Westworth Police Department,TX,2750
TX2410300,Wharton County Constable: Precinct 1,TX,0
TX2410600,Wharton County Constable: Precinct 3,TX,0
TX2410700,Wharton County Constable: Precinct 4,TX,0
TX2410000,Wharton County Sheriff's Office,TX,21054
TX2410200,Wharton Police Department,TX,8782
TX2420200,Wheeler County Constable: Precinct 2,TX,0
TX2420000,Wheeler County Sheriff's Office,TX,4767
TX0920600,White Oak Police Department,TX,6246
TX2202900,White Settlement Police Department,TX,18057
TX2120500,Whitehouse Police Department,TX,10186
TX0910600,Whitesboro Police Department,TX,4162
TX0910700,Whitewright Police Department,TX,1768
TX1090600,Whitney Police Department,TX,2157
TX2430600,Wichita County Constable: Precinct 2,TX,0
TX2430900,Wichita County Constable: Precinct 4,TX,0
TX2430000,Wichita County Sheriff's Office,TX,7222
TX2431000,Wichita Falls Arson Unit,TX,0
TX2430500,Wichita Falls Police Department,TX,102345
TX2440600,Wilbarger County Constable: Precinct 1,TX,0
TX2440500,Wilbarger County Constable: Precinct 2,TX,0
TX2440000,Wilbarger County Sheriff's Office,TX,2657
TX2450500,Willacy County Constable: Precinct 3,TX,0
TX2450000,Willacy County Sheriff's Office,TX,7378
TX2460700,Williamson County Constable: Precinct 1,TX,0
TX2462000,Williamson County Constable: Precinct 2,TX,0
TX2461100,Williamson County Constable: Precinct 3,TX,0
TX2461200,Williamson County Constable: Precinct 4,TX,0
TX2460000,Williamson County Sheriff's Office,TX,194532
TX1701400,Willis Police Department,TX,7430
TX1840500,Willow Park Police Department,TX,7428
TX2340500,Wills Point Police Department,TX,4127
TX0572500,Wilmer Police Department,TX,7007
TX2470000,Wilson County Sheriff's Office,TX,43804
TX0151500,Windcrest Police Department,TX,5763
TX2480200,Wink Police Department,TX,869
TX2480000,Winkler County Sheriff's Office,TX,562
TX2500500,Winnsboro Police Department,TX,3714
TX2000300,Winters Police Department,TX,2263
TX2490400,Wise County Constable: Precinct 1,TX,0
TX2490700,Wise County Constable: Precinct 4,TX,0
TX2490000,Wise County Sheriff's Office,TX,61863
TX1160400,Wolfe City Police Department,TX,1503
TX1520800,Wolfforth Police Department,TX,8720
TX2500800,Wood County Constable: Precinct 3,TX,0
TX2501300,Wood County Constable: Precinct 4,TX,0
TX2500000,Wood County Sheriff's Office,TX,38512
TX1701800,Woodbranch Police Department,TX,1654
TX2290100,Woodville Police Department,TX,2350
TX1551400,Woodway Police Department,TX,9754
TX0810300,Wortham Police Department,TX,1046
TX0430800,Wylie Police Department,TX,64291
TX2510000,Yoakum County Sheriff's Office,TX,3181
TX1430300,Yoakum Police Department,TX,5865
TX2520400,Young County Constable: Precinct 3,TX,0
TX2520000,Young County Sheriff's Office,TX,6327
TXDIT0000,Ysleta del Sur Pueblo Tribal,TX,0
TX2530000,Zapata County Sheriff's Office,TX,13747
TX2540000,Zavala County Sheriff's Office,TX,3135
TX0031100,Zavalla Police Department,TX,624
UT0182100,Alta Police Department,UT,228
UT0250100,American Fork/Cedar Hills Police Department,UT,53400
UT0210300,Aurora Police Department,UT,1067
UT0010000,Beaver County Sheriff's Office,UT,7463
UT0130500,Big Water Police Department,UT,561
UT0190100,Blanding Police Department,UT,3176
UT0181900,Bluffdale Police Department,UT,19947
UT0060100,Bountiful Police Department,UT,44841
UT0020000,Box Elder County Sheriff's Office,UT,18442
UT0110600,Brian Head Police Department,UT,168
UT0020100,Brigham City Police Department,UT,20482
UT025129E,Brigham Young University,UT,0
UT0030000,Cache County Sheriff's Office,UT,56670
UT0032000,Cache-Rich Drug Task Force,UT,0
UT0040000,Carbon County Sheriff's Office,UT,6914
UT0110100,Cedar City Police Department,UT,42365
UT0060400,Centerville Police Department,UT,16481
UT0060200,Clearfield Police Department,UT,35540
UT0061100,Clinton Police Department,UT,23795
UT0184200,Cottonwood Heights Police Department,UT,32173
UT0050000,Daggett County Sheriff's Office,UT,951
UT0060000,Davis County Sheriff's Office,UT,27005
UT0061400,Davis Metropolitan Narcotics Strike Force,UT,0
UT0181200,Draper Police Department,UT,49977
UT0070000,Duchesne County Sheriff's Office,UT,13429
UT0040900,East Carbon Police Department,UT,1568
UT0080000,Emery County Sheriff's Office,UT,10175
UT0110800,Enoch Police Department,UT,8989
UT0200200,Ephraim Police Department,UT,6377
UT0060500,Farmington Police Department,UT,26581
UT0090000,Garfield County Sheriff's Office,UT,5306
UTDI01700,Goshute Tribal,UT,0
UT0100000,Grand County Sheriff's Office,UT,4541
UT0182800,Granite School District,UT,0
UT0230200,Grantsville Police Department,UT,16520
UT0201400,Gunnison Valley Police Department,UT,5115
UT0290800,Harrisville Police Department,UT,6924
UT0260100,Heber Police Department,UT,19582
UT0040300,Helper Police Department,UT,2126
UT0184800,Herriman Police Department,UT,63991
UT0271200,Hildale Police Department,UT,1290
UT0270300,Hurricane Police Department,UT,26044
UT0110000,Iron County Sheriff's Office,UT,12859
UT0110700,"Iron, Garfield, Beaver Task Force",UT,0
UT0120000,Juab County Sheriff's Office,UT,6018
UT0220300,Kamas Police Department,UT,2154
UT0130200,Kanab Police Department,UT,5448
UT0130000,Kane County Sheriff's Office,UT,2684
UT0060600,Kaysville Police Department,UT,33306
UT0270700,La Verkin Police Department,UT,4576
UT0060300,Layton Police Department,UT,84936
UT0250200,Lehi Police Department,UT,98138
UT0251300,Lindon Police Department,UT,12156
UT0030100,Logan Police Department,UT,57792
UT0250900,Lone Peak Police Department,UT,32232
UT0020700,Mantua Police Department,UT,1423
UT0251400,Mapleton Police Department,UT,15793
UT0140000,Millard County Sheriff's Office,UT,13616
UT0100100,Moab Police Department,UT,5211
UT0150000,Morgan County Sheriff's Office,UT,13190
UT0180200,Murray Police Department,UT,50895
UT0240300,Naples Police Department,UT,2549
UT0120100,Nephi Police Department,UT,7556
UT0290500,North Ogden Police Department,UT,23398
UT0031000,North Park Police Department,UT,17821
UT0060700,North Salt Lake Police Department,UT,23721
UT0201500,North Valley Police Department,UT,5333
UT0290100,Ogden Police Department,UT,89001
UT0250300,Orem Police Department,UT,96209
UT0220500,Park City Police Department,UT,8262
UT0110300,Parowan Police Department,UT,3352
UT0250400,Payson Police Department,UT,25583
UT0021200,Perry Police Department,UT,6249
UT0160000,Piute County Sheriff's Office,UT,1549
UT0250500,Pleasant Grove Police Department,UT,38228
UT0291100,Pleasant View Police Department,UT,11401
UT0040100,Price Police Department,UT,8286
UT0250600,Provo Police Department,UT,115576
UT0170000,Rich County Sheriff's Office,UT,2800
UT0210100,Richfield Police Department,UT,8374
UT0290600,Riverdale Police Department,UT,9137
UT0181700,Riverton Police Department,UT,47038
UT0070200,Roosevelt Police Department,UT,7544
UT0290200,Roy Police Department,UT,38569
UT0251000,Salem Police Department,UT,11823
UT0210700,Salina Police Department,UT,2645
UT0180300,Salt Lake City Police Department,UT,222304
UT0180000,Salt Lake County Sheriff's Office,UT,0
UT0190000,San Juan County Sheriff's Office,UT,11352
UT0180500,Sandy Police Department,UT,91841
UT0200000,Sanpete County Sheriff's Office,UT,13237
UT0271500,Santa Clara/Ivins Police Department,UT,20598
UT0251100,Santaquin/Genola Police Department,UT,21416
UT0252200,Saratoga Springs Police Department,UT,63550
UT0210000,Sevier County Sheriff's Office,UT,10533
UT0031400,Smithfield Police Department,UT,15373
UT0201300,Snow College,UT,0
UT0181800,South Jordan Police Department,UT,88346
UT0290300,South Ogden Police Department,UT,17814
UT0180400,South Salt Lake Police Department,UT,26527
UT0110400,Southern Utah University,UT,0
UT0250700,Spanish Fork Police Department,UT,49165
UT0201200,Spring City Police Department,UT,1047
UT0270900,Springdale Police Department,UT,615
UT0250800,Springville Police Department,UT,36202
UT0270100,St. George Police Department,UT,109020
UT0220000,Summit County Sheriff's Office,UT,32587
UT0060800,Sunset Police Department,UT,5348
UT0061200,Syracuse Police Department,UT,40855
UT0183900,Taylorsville City Police Department,UT,57198
UT0230000,Tooele County Sheriff's Office,UT,27069
UT0230100,Tooele Police Department,UT,42241
UT0021700,Tremonton Garland Police Department,UT,16291
UT0240000,Uintah County Sheriff's Office,UT,25338
UT0240200,Uintah and Ouray Tribal,UT,0
UT0185200,Unified Police Department,UT,214605
UT0180700,University of Utah,UT,0
UT0252100,"Utah County Attorney, Investigations Division",UT,0
UT0252000,Utah County Major Crimes Task Force,UT,0
UT0250000,Utah County Sheriff's Office,UT,91797
UT0185000,Utah Department of Corrections Law Enforcement Bureau,UT,0
UTUHP0000,Utah Highway Patrol,UT,0
UT0031600,Utah State University: Logan,UT,0
UTUTCVI00,Utah Tax Commission Motor Vehicle Division Vehicle Investigation Section,UT,0
UT0271300,Utah Tech University,UT,0
UT0184000,Utah Transit Authority,UT,0
UT0251900,Utah Valley University,UT,0
UT0240100,Vernal Police Department,UT,10857
UT0260000,Wasatch County Sheriff's Office,UT,18747
UT0270000,Washington County Sheriff's Office,UT,13998
UT0271000,Washington Police Department,UT,37464
UT0280000,Wayne County Sheriff's Office,UT,2617
UT0290000,Weber County Sheriff's Office,UT,81452
UT0291700,Weber Morgan Narcotics Strike Force,UT,0
UT0290700,Weber State University,UT,0
UT0040700,Wellington Police Department,UT,1620
UT0230300,Wendover Police Department,UT,1136
UT0060900,West Bountiful Police Department,UT,5868
UT0180600,West Jordan Police Department,UT,116603
UT0182500,West Valley Police Department,UT,137688
UTLED0100,Wildlife Resources,UT,0
UT0020800,Willard Police Department,UT,2453
UT0061000,Woods Cross Police Department,UT,11497
VA0940100,Abingdon Police Department,VA,8303
VA0010000,Accomack County Sheriff's Office,VA,27732
VA0020300,Albemarle County Police Department,VA,118847
VA0430300,Alcoholic Beverage Control Commission,VA,0
VA0990000,Alexandria Police Department,VA,159534
VA0030000,Alleghany County Sheriff's Office,VA,11185
VA0160100,Altavista Police Department,VA,3322
VA0040000,Amelia County Sheriff's Office,VA,13868
VA0050000,Amherst County Sheriff's Office,VA,29686
VA0050100,Amherst Police Department,VA,2133
VA0060000,Appomattox County Sheriff's Office,VA,17208
VA0070100,Arlington County Police Department,VA,240716
VA0420100,Ashland Police Department,VA,7989
VA0080000,Augusta County Sheriff's Office,VA,79091
VA0090000,Bath County Sheriff's Office,VA,4053
VA0100000,Bedford County Sheriff's Office,VA,75193
VA0100100,Bedford Police Department,VA,7873
VA0220100,Berryville Police Department,VA,4878
VA0960200,Big Stone Gap Police Department,VA,5049
VA0600100,Blacksburg Police Department,VA,45631
VA0670100,Blackstone Police Department,VA,3341
VA0110000,Bland County Sheriff's Office,VA,6185
VA0920100,Bluefield Police Department,VA,4816
VA0120000,Botetourt County Sheriff's Office,VA,34343
VA0170100,Bowling Green Police Department,VA,1274
VA0820100,Bridgewater Police Department,VA,6885
VA1000000,Bristol Police Department,VA,16121
VA0820200,Broadway Police Department,VA,4437
VA0160200,Brookneal Police Department,VA,1072
VA0130000,Brunswick County Sheriff's Office,VA,14779
VA0140000,Buchanan County Sheriff's Office,VA,17492
VA0150000,Buckingham County Sheriff's Office,VA,17233
VA1010000,Buena Vista Police Department,VA,6588
VA0670300,Burkeville Police Department,VA,419
VA0160000,Campbell County Sheriff's Office,VA,51028
VA0650100,Cape Charles Police Department,VA,1317
VA0170000,Caroline County Sheriff's Office,VA,32962
VA0180000,Carroll County Sheriff's Office,VA,26510
VA0920500,Cedar Bluff Police Department,VA,1003
VA0190000,Charles City County Sheriff's Office,VA,6537
VA0200000,Charlotte County Sheriff's Office,VA,11219
VA1020000,Charlottesville Police Department,VA,44478
VA0580200,Chase City Police Department,VA,2059
VA0710100,Chatham Police Department,VA,1189
VA1030000,Chesapeake Police Department,VA,257012
VA0210100,Chesterfield County Police Department,VA,397206
VA0860300,Chilhowie Police Department,VA,1599
VA0010100,Chincoteague Police Department,VA,3264
VA0600300,Christiansburg Police Department,VA,22469
VA1160400,Christopher Newport University,VA,0
VA0220000,Clarke County Sheriff's Office,VA,10964
VA0580300,Clarksville Police Department,VA,1311
VA1040000,Clifton Forge Police Department,VA,3348
VA0260100,Clintwood Police Department,VA,1297
VA0960300,Coeburn Police Department,VA,1544
VA1300100,College of William and Mary,VA,0
VA0950100,Colonial Beach Police Department,VA,4072
VA1050000,Colonial Heights Police Department,VA,18853
VA1060000,Covington Police Department,VA,5658
VA0230000,Craig County Sheriff's Office,VA,4829
VA0670200,Crewe Police Department,VA,2245
VA0240000,Culpeper County Sheriff's Office,VA,35347
VA0240100,Culpeper Police Department,VA,21802
VA0250000,Cumberland County Sheriff's Office,VA,9664
VA0940200,Damascus Police Department,VA,790
VA1070000,Danville Police Department,VA,41959
VA0820300,Dayton Police Department,VA,1774
VA1221000,Department of Conservation and Recreation,VA,0
VA1220500,"Department of Game and Inland Fisheries, Enforcement Division",VA,0
VADMVRH00,Department of Motor Vehicles,VA,0
VA0260000,Dickenson County Sheriff's Office,VA,11988
VA0270000,Dinwiddie County Sheriff's Office,VA,28826
VA0770200,Dublin Police Department,VA,2650
VA0750600,Dumfries Police Department,VA,6045
VA0650300,Eastville Police Department,VA,289
VA0820400,Elkton Police Department,VA,3106
VA094049E,Emory and Henry College,VA,0
VA0400100,Emporia Police Department,VA,5345
VA0280000,Essex County Sheriff's Office,VA,8531
VA0650200,Exmore Police Department,VA,1405
VA1075000,Fairfax City Police Department,VA,26982
VA0290100,Fairfax County Police Department,VA,1125193
VA1080000,Falls Church Police Department,VA,15166
VA0730100,Farmville Police Department,VA,7585
VA0300000,Fauquier County Sheriff's Office,VA,65881
VA0310000,Floyd County Sheriff's Office,VA,15747
VA0320000,Fluvanna County Sheriff's Office,VA,29198
VA0330000,Franklin County Sheriff's Office,VA,51092
VA1085000,Franklin Police Department,VA,8452
VA0340000,Frederick County Sheriff's Office,VA,96329
VA1090000,Fredericksburg Police Department,VA,30595
VA0930100,Front Royal Police Department,VA,15779
VA1100000,Galax Police Department,VA,6763
VA0840100,Gate City Police Department,VA,2012
VA0290400,George Mason University,VA,0
VA0880300,Germanna Community College,VA,0
VA0350000,Giles County Sheriff's Office,VA,9780
VA0940300,Glade Spring Police Department,VA,1368
VA0360000,Gloucester County Sheriff's Office,VA,40627
VA0370000,Goochland County Sheriff's Office,VA,29206
VA0680200,Gordonsville Police Department,VA,1534
VA0380000,Grayson County Sheriff's Office,VA,14305
VA0390000,Greene County Sheriff's Office,VA,22096
VA0400000,Greensville County Sheriff's Office,VA,11119
VA0710200,Gretna Police Department,VA,1269
VA0820500,Grottoes Police Department,VA,3071
VA0140100,Grundy Police Department,VA,804
VA0410000,Halifax County Sheriff's Office,VA,24574
VA0410100,Halifax Police Department,VA,1085
VA1110000,Hampton Police Department,VA,138041
VA1110400,Hampton University,VA,0
VA0420000,Hanover County Sheriff's Office,VA,108941
VA1120000,Harrisonburg Police Department,VA,51165
VA0750500,Haymarket Police Department,VA,1606
VA0430100,Henrico County Police Department,VA,340544
VA0440000,Henry County Sheriff's Office,VA,49156
VA0290200,Herndon Police Department,VA,25334
VA0450000,Highland County Sheriff's Office,VA,2382
VA0180100,Hillsville Police Department,VA,2834
VA1130000,Hopewell Police Department,VA,23021
VA0710300,Hurt Police Department,VA,1233
VA0380200,Independence Police Department,VA,997
VA0460000,Isle of Wight County Sheriff's Office,VA,29511
VA0430700,J. Sargeant Reynolds Community College,VA,0
VA0470100,James City County Police Department,VA,84134
VA0820600,James Madison University,VA,0
VA0520100,Jonesville Police Department,VA,847
VA0550100,Kenbridge Police Department,VA,1112
VA0510100,Kilmarnock Police Department,VA,1470
VA0490000,King George County Sheriff's Office,VA,29414
VA0500000,King William County Sheriff's Office,VA,16071
VA0480000,King and Queen County Sheriff's Office,VA,6805
VA0580400,La Crosse Police Department,VA,614
VA0510000,Lancaster County Sheriff's Office,VA,9345
VA0340400,Laurel Ridge Community College,VA,0
VA0130100,Lawrenceville Police Department,VA,994
VA0830100,Lebanon Police Department,VA,3079
VA0520000,Lee County Sheriff's Office,VA,19342
VA0530100,Leesburg Police Department,VA,50185
VA0810200,Lexington Police Department,VA,7950
VA0730200,Longwood University,VA,0
VA0530000,Loudoun County Sheriff's Office,VA,390033
VA0540000,Louisa County Sheriff's Office,VA,41125
VA0540100,Louisa Police Department,VA,2256
VA0550000,Lunenburg County Sheriff's Office,VA,9263
VA0690100,Luray Police Department,VA,4810
VA1140000,Lynchburg Police Department,VA,80846
VA0560000,Madison County Sheriff's Office,VA,14389
VA0750200,Manassas Park Police Department,VA,16521
VA0750100,Manassas Police Department,VA,43966
VA0860100,Marion Police Department,VA,5566
VA1150000,Martinsville Police Department,VA,13962
VA0570000,Mathews County Sheriff's Office,VA,8646
VA0580000,Mecklenburg County Sheriff's Office,VA,22078
VA0530200,Middleburg Police Department,VA,702
VA0590000,Middlesex County Sheriff's Office,VA,11065
VA0340100,Middletown Police Department,VA,1466
VA0600000,Montgomery County Sheriff's Office,VA,31015
VA0850200,Mount Jackson Police Department,VA,2034
VA0350500,Narrows Police Department,VA,2028
VA0620000,Nelson County Sheriff's Office,VA,14306
VA0630000,New Kent County Sheriff's Office,VA,28425
VA0850500,New Market Police Department,VA,2215
VA1160000,Newport News Police Department,VA,182798
VA1300900,Norfolk Airport Authority,VA,0
VA1170000,Norfolk Police Department,VA,230068
VA1170400,Norfolk State University,VA,0
VA0650000,Northampton County Sheriff's Office,VA,8973
VA0290500,Northern Virginia Community College,VA,0
VA0660000,Northumberland County Sheriff's Office,VA,12500
VA1180000,Norton Police Department,VA,3438
VA0670000,Nottoway County Sheriff's Office,VA,9665
VA0750700,Occoquan Police Department,VA,1070
VA122095Y,Office of the State Inspector General,VA,0
VA1300700,Old Dominion University,VA,0
VA0010200,Onancock Police Department,VA,1159
VA0010500,Onley Police Department,VA,537
VA0680000,Orange County Sheriff's Office,VA,32941
VA0680100,Orange Police Department,VA,5292
VA0690000,Page County Sheriff's Office,VA,14779
VA0010300,Parksley Police Department,VA,812
VA0700000,Patrick County Sheriff's Office,VA,17284
VA0350200,Pearisburg Police Department,VA,2844
VA0350300,Pembroke Police Department,VA,1132
VA0520200,Pennington Gap Police Department,VA,1567
VA1190000,Petersburg Police Department,VA,34318
VA0710000,Pittsylvania County Sheriff's Office,VA,55636
VA0920200,Pocahontas Police Department,VA,259
VA0980100,Poquoson Police Department,VA,12986
VA1300500,Port Authority Norfolk,VA,0
VA1200000,Portsmouth Police Department,VA,96362
VA0960400,Pound Police Department,VA,833
VA0720000,Powhatan County Sheriff's Office,VA,32984
VA0730000,Prince Edward County Sheriff's Office,VA,15370
VA0740100,Prince George County Police Department,VA,43832
VA0750300,Prince William County Police Department,VA,492615
VA0770000,Pulaski County Sheriff's Office,VA,22200
VA0770100,Pulaski Police Department,VA,8763
VA0530300,Purcellville Police Department,VA,8970
VA0750400,Quantico Police Department,VA,594
VA1210000,Radford Police Department,VA,17622
VA1300200,Radford University,VA,0
VA0780000,Rappahannock County Sheriff's Office,VA,7539
VAMWA0000,Reagan National Airport,VA,0
VA0300100,Remington Police Department,VA,649
VA0350400,Rich Creek Police Department,VA,731
VA0740200,Richard Bland College,VA,0
VA0920300,Richlands Police Department,VA,5025
VA0790000,Richmond County Sheriff's Office,VA,7621
VA1220400,Richmond International Airport,VA,0
VA1220000,Richmond Police Department,VA,235995
VA0800300,Roanoke County Police Department,VA,89625
VA1230000,Roanoke Police Department,VA,97682
VA0810000,Rockbridge County Sheriff's Office,VA,22355
VA0820000,Rockingham County Sheriff's Office,VA,66499
VA0330100,Rocky Mount Police Department,VA,4988
VA0970300,Rural Retreat Police Department,VA,1527
VA0830000,Russell County Sheriff's Office,VA,22168
VA0800100,Salem Police Department,VA,26107
VA0860200,Saltville Police Department,VA,1762
VA0840000,Scott County Sheriff's Office,VA,19384
VA0850000,Shenandoah County Sheriff's Office,VA,28284
VA0690200,Shenandoah Police Department,VA,2464
VA0460100,Smithfield Police Department,VA,9155
VA0860000,Smyth County Sheriff's Office,VA,20291
VA1240000,South Boston Police Department,VA,7758
VA0580500,South Hill Police Department,VA,4981
VA0870000,Southampton County Sheriff's Office,VA,17987
VA0920600,Southwest Virginia Community College,VA,0
VA0880000,Spotsylvania County Sheriff's Office,VA,155427
VA0960500,St. Paul Police Department,VA,828
VA0890000,Stafford County Sheriff's Office,VA,172285
VA0690300,Stanley Police Department,VA,1695
VAVSP0000,State Police,VA,0
VA001SP00,State Police: Accomack County,VA,0
VA002SP00,State Police: Albemarle County,VA,0
VA099SP00,State Police: Alexandria,VA,0
VA003SP00,State Police: Alleghany County,VA,0
VA004SP00,State Police: Amelia County,VA,0
VA005SP00,State Police: Amherst County,VA,0
VA006SP00,State Police: Appomattox County,VA,0
VA007SP00,State Police: Arlington County,VA,0
VA008SP00,State Police: Augusta County,VA,0
VA009SP00,State Police: Bath County,VA,0
VA010SP00,State Police: Bedford County,VA,0
VA011SP00,State Police: Bland County,VA,0
VA012SP00,State Police: Botetourt County,VA,0
VA100SP00,State Police: Bristol,VA,0
VA013SP00,State Police: Brunswick County,VA,0
VA014SP00,State Police: Buchanan County,VA,0
VA015SP00,State Police: Buckingham County,VA,0
VA101SP00,State Police: Buena Vista,VA,0
VA016SP00,State Police: Campbell County,VA,0
VA017SP00,State Police: Caroline County,VA,0
VA018SP00,State Police: Carroll County,VA,0
VA019SP00,State Police: Charles City County,VA,0
VA020SP00,State Police: Charlotte County,VA,0
VA102SP00,State Police: Charlottesville,VA,0
VA103SP00,State Police: Chesapeake,VA,0
VA021SP00,State Police: Chesterfield County,VA,0
VA022SP00,State Police: Clarke County,VA,0
VA105SP00,State Police: Colonial Heights,VA,0
VA106SP00,State Police: Covington,VA,0
VA023SP00,State Police: Craig County,VA,0
VA024SP00,State Police: Culpeper County,VA,0
VA025SP00,State Police: Cumberland County,VA,0
VA107SP00,State Police: Danville,VA,0
VA026SP00,State Police: Dickenson County,VA,0
VA027SP00,State Police: Dinwiddie County,VA,0
VA040S100,State Police: Emporia,VA,0
VA028SP00,State Police: Essex County,VA,0
VA1075S00,State Police: Fairfax City,VA,0
VA029SP00,State Police: Fairfax County,VA,0
VA108SP00,State Police: Falls Church,VA,0
VA030SP00,State Police: Fauquier County,VA,0
VA031SP00,State Police: Floyd County,VA,0
VA032SP00,State Police: Fluvanna County,VA,0
VA1085S00,State Police: Franklin,VA,0
VA033SP00,State Police: Franklin County,VA,0
VA034SP00,State Police: Frederick County,VA,0
VA109SP00,State Police: Fredericksburg,VA,0
VA110SP00,State Police: Galax,VA,0
VA035SP00,State Police: Giles County,VA,0
VA036SP00,State Police: Gloucester County,VA,0
VA037SP00,State Police: Goochland County,VA,0
VA038SP00,State Police: Grayson County,VA,0
VA039SP00,State Police: Greene County,VA,0
VA040SP00,State Police: Greensville County,VA,0
VA041SP00,State Police: Halifax County,VA,0
VA111SP00,State Police: Hampton,VA,0
VA042SP00,State Police: Hanover County,VA,0
VA112SP00,State Police: Harrisonburg,VA,0
VA043SP00,State Police: Henrico County,VA,0
VA044SP00,State Police: Henry County,VA,0
VA045SP00,State Police: Highland County,VA,0
VA113SP00,State Police: Hopewell,VA,0
VA046SP00,State Police: Isle of Wight County,VA,0
VA047SP00,State Police: James City County,VA,0
VA049SP00,State Police: King George County,VA,0
VA050SP00,State Police: King William County,VA,0
VA048SP00,State Police: King and Queen County,VA,0
VA051SP00,State Police: Lancaster County,VA,0
VA052SP00,State Police: Lee County,VA,0
VA081S200,State Police: Lexington,VA,0
VA053SP00,State Police: Loudoun County,VA,0
VA054SP00,State Police: Louisa County,VA,0
VA055SP00,State Police: Lunenburg County,VA,0
VA114SP00,State Police: Lynchburg,VA,0
VA056SP00,State Police: Madison County,VA,0
VA075S100,State Police: Manassas,VA,0
VA075S200,State Police: Manassas Park,VA,0
VA115SP00,State Police: Martinsville,VA,0
VA057SP00,State Police: Mathews County,VA,0
VA058SP00,State Police: Mecklenburg County,VA,0
VA059SP00,State Police: Middlesex County,VA,0
VA060SP00,State Police: Montgomery County,VA,0
VA062SP00,State Police: Nelson County,VA,0
VA063SP00,State Police: New Kent County,VA,0
VA116SP00,State Police: Newport News,VA,0
VA117SP00,State Police: Norfolk,VA,0
VA065SP00,State Police: Northampton County,VA,0
VA066SP00,State Police: Northumberland County,VA,0
VA118SP00,State Police: Norton,VA,0
VA067SP00,State Police: Nottoway County,VA,0
VA068SP00,State Police: Orange County,VA,0
VA069SP00,State Police: Page County,VA,0
VA070SP00,State Police: Patrick County,VA,0
VA119SP00,State Police: Petersburg,VA,0
VA071SP00,State Police: Pittsylvania County,VA,0
VA098S100,State Police: Poquoson,VA,0
VA120SP00,State Police: Portsmouth,VA,0
VA072SP00,State Police: Powhatan County,VA,0
VA073SP00,State Police: Prince Edward County,VA,0
VA074SP00,State Police: Prince George County,VA,0
VA075SP00,State Police: Prince William County,VA,0
VA077SP00,State Police: Pulaski County,VA,0
VA121SP00,State Police: Radford,VA,0
VA078SP00,State Police: Rappahannock County,VA,0
VA122SP00,State Police: Richmond,VA,0
VA079SP00,State Police: Richmond County,VA,0
VA123SP00,State Police: Roanoke,VA,0
VA080SP00,State Police: Roanoke County,VA,0
VA081SP00,State Police: Rockbridge County,VA,0
VA082SP00,State Police: Rockingham County,VA,0
VA083SP00,State Police: Russell County,VA,0
VA080S100,State Police: Salem,VA,0
VA084SP00,State Police: Scott County,VA,0
VA085SP00,State Police: Shenandoah County,VA,0
VA086SP00,State Police: Smyth County,VA,0
VA087SP00,State Police: Southampton County,VA,0
VA088SP00,State Police: Spotsylvania County,VA,0
VA089SP00,State Police: Stafford County,VA,0
VA126SP00,State Police: Staunton,VA,0
VA127SP00,State Police: Suffolk,VA,0
VA090SP00,State Police: Surry County,VA,0
VA091SP00,State Police: Sussex County,VA,0
VA092SP00,State Police: Tazewell County,VA,0
VA128SP00,State Police: Virginia Beach,VA,0
VA093SP00,State Police: Warren County,VA,0
VA094SP00,State Police: Washington County,VA,0
VA129SP00,State Police: Waynesboro,VA,0
VA095SP00,State Police: Westmoreland County,VA,0
VA130SP00,State Police: Williamsburg,VA,0
VA131SP00,State Police: Winchester,VA,0
VA096SP00,State Police: Wise County,VA,0
VA097SP00,State Police: Wythe County,VA,0
VA098SP00,State Police: York County,VA,0
VA1260000,Staunton Police Department,VA,26572
VA0340200,Stephens City Police Department,VA,2194
VA0850400,Strasburg Police Department,VA,7337
VA1270000,Suffolk Police Department,VA,105574
VA0900000,Surry County Sheriff's Office,VA,6603
VA0910000,Sussex County Sheriff's Office,VA,10770
VA0280200,Tappahannock Police Department,VA,2202
VA0920000,Tazewell County Sheriff's Office,VA,23242
VA0920400,Tazewell Police Department,VA,4257
VA1110300,Thomas Nelson Community College,VA,0
VA0820700,Timberville Police Department,VA,3139
VA1090100,University of Mary Washington,VA,0
VA1300400,University of Richmond,VA,0
VA0020100,University of Virginia,VA,0
VA0960700,University of Virginia's College at Wise,VA,0
VA0550300,Victoria Police Department,VA,1745
VA0290300,Vienna Police Department,VA,16591
VA0800200,Vinton Police Department,VA,8063
VA1280000,Virginia Beach Police Department,VA,454805
VA1300300,Virginia Commonwealth University,VA,0
VA0940500,Virginia Highlands Community College,VA,0
VA1160300,"Virginia Marine Resources Commission, Law Enforcement Division",VA,0
VA0810300,Virginia Military Institute,VA,0
VA0600400,Virginia Polytechnic Institute and State University,VA,0
VA1220300,Virginia State Capitol,VA,0
VA1190200,Virginia State University,VA,0
VA1230200,Virginia Western Community College,VA,0
VA0930000,Warren County Sheriff's Office,VA,27223
VA0300200,Warrenton Police Department,VA,10269
VA0790100,Warsaw Police Department,VA,1695
VA0940000,Washington County Sheriff's Office,VA,43667
VA1290000,Waynesboro Police Department,VA,23877
VA0500200,West Point Police Department,VA,3556
VA0950000,Westmoreland County Sheriff's Office,VA,15402
VA0510300,White Stone Police Department,VA,390
VA1300000,Williamsburg Police Department,VA,16216
VA1310000,Winchester Police Department,VA,27824
VA0460200,Windsor Police Department,VA,2964
VA062019P,Wintergreen Police Department,VA,506
VA0960000,Wise County Sheriff's Office,VA,23856
VA0960600,Wise Police Department,VA,2844
VA0850300,Woodstock Police Department,VA,5994
VA0970000,Wythe County Sheriff's Office,VA,18459
VA0970100,Wytheville Police Department,VA,8133
VA0980000,York County Sheriff's Office,VA,71897
VI0010300,U.S. Virgin Islands: St. Croix,VI,83265
VI0010000,U.S. Virgin Islands: St. Thomas,VI,83265
VT0010000,Addison County Sheriff's Office,VT,0
VT012165A,Attorney General,VT,0
VT0120100,Barre Police Department,VT,8261
VT0120500,Barre Town Police Department,VT,8043
VT0130100,Bellows Falls Police Department,VT,2728
VT0020000,Bennington County Sheriff's Office,VT,0
VT0020100,Bennington Police Department,VT,15075
VT0120600,Berlin Police Department,VT,2883
VT0090200,Bradford Police Department,VT,2857
VT0110100,Brandon Police Department,VT,4115
VT0130200,Brattleboro Police Department,VT,11928
VT0010100,Bristol Police Department,VT,3780
VT0040100,Burlington Police Department,VT,44354
VT0030000,Caledonia County Sheriff's Office,VT,0
VT0120700,Capitol Police,VT,0
VT0110300,Castleton Police Department,VT,4458
VT0140600,Chester Police Department,VT,2995
VT0040000,Chittenden County Sheriff's Office,VT,0
VT0041300,Chittenden Unit for Special Investigations,VT,0
VT0040500,Colchester Police Department,VT,17884
VTDLC0000,Department of Liquor Control: Division of Enforcement and Licensing,VT,0
VTDMV0000,Department of Motor Vehicles,VT,0
VT0130500,Dover Police Department,VT,1844
VT0050000,Essex County Sheriff's Office,VT,6018
VT0040200,Essex Police Department,VT,22284
VT0110400,Fair Haven Police Department,VT,2705
VT0090300,Fairlee Police Department,VT,1045
VTDFW0000,"Fish and Wildlife Department, Law Enforcement Division",VT,0
VT0060000,Franklin County Sheriff's Office,VT,0
VT0070000,Grand Isle County Sheriff's Office,VT,7532
VT0030100,Hardwick Police Department,VT,2982
VT0140300,Hartford Police Department,VT,10648
VT0041200,Hinesburg Police Department,VT,4752
VT0111100,Killington Police Department,VT,1397
VT0080000,Lamoille County Sheriff's Office,VT,14541
VT0140100,Ludlow Police Department,VT,2163
VT0030200,Lyndonville Police Department,VT,1219
VT0020400,Manchester Police Department,VT,4458
VT0010200,Middlebury Police Department,VT,9230
VT0040600,Milton Police Department,VT,10817
VT0120200,Montpelier Police Department,VT,7877
VT0080100,Morristown Police Department,VT,6269
VT0100100,Newport Police Department,VT,4305
VT0120300,Northfield Police Department,VT,5916
VT0141000,Norwich Police Department,VT,3630
VT0090000,Orange County Sheriff's Office,VT,18275
VT0100000,Orleans County Sheriff's Office,VT,0
VT0111000,Pittsford Police Department,VT,2894
VT0090100,Randolph Police Department,VT,4955
VT0040800,Richmond Police Department,VT,4157
VT0141100,Royalton Police Department,VT,2747
VT0110000,Rutland County Sheriff's Office,VT,0
VT0110200,Rutland Police Department,VT,15512
VT0110700,Rutland Town Police Department,VT,3918
VT0120800,"Secretary of State, Investigations Unit",VT,0
VT0040700,Shelburne Police Department,VT,8209
VT0040300,South Burlington Police Department,VT,22106
VT0140200,Springfield Police Department,VT,9019
VT0060100,St. Albans Police Department,VT,7072
VT0030300,St. Johnsbury Police Department,VT,7398
VTVSP1200,State Police: Berlin,VT,26401
VTVSP0800,State Police: Derby,VT,23279
VTVSP0600,State Police: New Haven,VT,22315
VTVSP1100,State Police: Royalton,VT,16664
VTVSP0300,State Police: Rutland,VT,24649
VTVSP0900,State Police: Shaftsbury,VT,15981
VTVSP0700,State Police: St. Albans,VT,36961
VTVSP0200,State Police: St. Johnsbury,VT,18779
VTVSP1600,State Police: Westminster,VT,24224
VTVSP0100,State Police: Williston,VT,16993
VT0080200,Stowe Police Department,VT,5308
VT0060300,Swanton Police Department,VT,6878
VT0090400,Thetford Police Department,VT,2867
VT0041100,University of Vermont,VT,0
VT0010300,Vergennes Police Department,VT,2589
VTVSP0000,Vermont State Police,VT,0
VTVSP0500,Vermont State Police Headquarters Bureau of Criminal Investigations,VT,0
VT0120000,Washington County Sheriff's Office,VT,0
VT0140800,Weathersfield Police Department,VT,2833
VT0041000,Williston Police Department,VT,10075
VT0130300,Wilmington Police Department,VT,2303
VT0130000,Windham County Sheriff's Office,VT,2171
VT0140000,Windsor County Sheriff's Office,VT,0
VT0140400,Windsor Police Department,VT,3516
VT0020800,Winhall Police Department,VT,1159
VT0040400,Winooski Police Department,VT,8454
VT0140500,Woodstock Police Department,VT,3009
WA0140100,Aberdeen Police Department,WA,17046
WA0010000,Adams County Sheriff's Office,WA,10290
WA0320600,Airway Heights Police Department,WA,12261
WA0171400,Algona Police Department,WA,3265
WA0290100,Anacortes Police Department,WA,18266
WA0310100,Arlington Police Department,WA,22466
WA0020000,Asotin County Sheriff's Office,WA,14215
WA0020200,Asotin Police Department,WA,1196
WA0170100,Auburn Police Department,WA,85137
WA0180700,Bainbridge Island Police Department,WA,24564
WA0060100,Battle Ground Police Department,WA,23514
WA0172900,Beaux Arts Police Department,WA,312
WA0170200,Bellevue Police Department,WA,155043
WA0370100,Bellingham Police Department,WA,96902
WA0030000,Benton County Sheriff's Office,WA,41691
WA0200200,Bingen Police Department,WA,988
WA0171500,Black Diamond Police Department,WA,7388
WA0370200,Blaine Police Department,WA,6494
WA0271400,Bonney Lake Police Department,WA,22175
WA0170300,Bothell Police Department,WA,52714
WA0180100,Bremerton Police Department,WA,45723
WA0240100,Brewster Police Department,WA,2117
WA0310800,Brier Police Department,WA,6615
WA0270400,Buckley Police Department,WA,6249
WA0174100,Burien Police Department,WA,52062
WA0290400,Burlington Police Department,WA,11420
WA0060200,Camas Police Department,WA,27521
WA0171600,Carnation Police Department,WA,2310
WA0080300,Castle Rock Police Department,WA,2444
WA0190800,Central Washington University,WA,0
WA0210100,Centralia Police Department,WA,19231
WA0210200,Chehalis Police Department,WA,7778
WADI06700,Chehalis Tribal,WA,0
WA0040000,Chelan County Sheriff's Office,WA,46198
WA0320100,Cheney Police Department,WA,12547
WA0330100,Chewelah Police Department,WA,2742
WA0050000,Clallam County Sheriff's Office,WA,46129
WA0060000,Clark County Sheriff's Office,WA,240306
WA0020100,Clarkston Police Department,WA,7115
WA0190200,Cle Elum Police Department,WA,3262
WA0172500,Clyde Hill Police Department,WA,3166
WA0380100,Colfax Police Department,WA,2674
WA0360200,College Place Police Department,WA,9816
WA0070000,Columbia County Sheriff's Office,WA,4035
WA0330200,Colville Police Department,WA,5029
WADI05700,Colville Tribal,WA,0
WA0110100,Connell Police Department,WA,4988
WA0140600,Cosmopolis Police Department,WA,1670
WA0240700,Coulee Dam Police Department,WA,1249
WA0174800,Covington Police Department,WA,21747
WA0080000,Cowlitz County Sheriff's Office,WA,51343
WA0310900,Darrington Police Department,WA,1506
WA0171700,Des Moines Police Department,WA,33288
WA0090000,Douglas County Sheriff's Office,WA,31836
WA0271600,Dupont Police Department,WA,9752
WA0171800,Duvall Police Department,WA,9484
WA0090200,East Wenatchee Police Department,WA,14382
WA0320900,Eastern Washington University,WA,0
WA0270500,Eatonville Police Department,WA,2866
WA0272500,Edgewood Police Department,WA,13779
WA0310200,Edmonds Police Department,WA,42880
WA0190100,Ellensburg Police Department,WA,20873
WA0140200,Elma Police Department,WA,3531
WADI08600,Elwha Klallam Tribal,WA,0
WA0170400,Enumclaw Police Department,WA,13316
WA0130100,Ephrata Police Department,WA,8776
WA0310300,Everett Police Department,WA,113547
WA0341900,Evergreen State College,WA,0
WA0370300,Everson Police Department,WA,4949
WA0173600,Federal Way Police Department,WA,100076
WA0370400,Ferndale Police Department,WA,17121
WA0100000,Ferry County Sheriff's Office,WA,7616
WA0270700,Fife Police Department,WA,11082
WA0271700,Fircrest Police Department,WA,6945
WA0050200,Forks Police Department,WA,3449
WA0110000,Franklin County Sheriff's Office,WA,14323
WA0120000,Garfield County Sheriff's Office,WA,2427
WA0380700,Garfield Police Department,WA,540
WA0271800,Gig Harbor Police Department,WA,12786
WA0311000,Gold Bar Police Department,WA,2495
WA0200100,Goldendale Police Department,WA,3542
WA0130700,Grand Coulee Police Department,WA,1914
WA0390100,Grandview Police Department,WA,11763
WA0390700,Granger Police Department,WA,3828
WA0311100,Granite Falls Police Department,WA,4727
WA0130000,Grant County Sheriff's Office,WA,48794
WA0140000,Grays Harbor County Sheriff's Office,WA,29859
WA0050500,Hoh Tribal,WA,0
WA0140300,Hoquiam Police Department,WA,8768
WA0250300,Ilwaco Police Department,WA,1117
WA0311800,Index Police Department,WA,162
WA0150000,Island County Sheriff's Office,WA,60985
WA0170600,Issaquah Police Department,WA,39556
WADI08200,Jamestown S'Klallam Tribal,WA,0
WA0160000,Jefferson County Sheriff's Office,WA,23327
WA0080400,Kalama Police Department,WA,3172
WADI06100,Kalispel Tribal,WA,0
WA0080100,Kelso Police Department,WA,12738
WA0174900,Kenmore Police Department,WA,24236
WA0030100,Kennewick Police Department,WA,87424
WA0170700,Kent Police Department,WA,136591
WA0330300,Kettle Falls Police Department,WA,1653
WA0170000,King County Sheriff's Office,WA,237837
WA0170800,Kirkland Police Department,WA,96218
WA0180000,Kitsap County Sheriff's Office,WA,179142
WA0190000,Kittitas County Sheriff's Office,WA,22849
WA0190600,Kittitas Police Department,WA,1443
WA0200000,Klickitat County Sheriff's Office,WA,17251
WA0060600,La Center Police Department,WA,4478
WADI07000,La Push Tribal,WA,0
WA0340400,Lacey Police Department,WA,59124
WA0172600,Lake Forest Park Police Department,WA,13196
WA0311900,Lake Stevens Police Department,WA,41929
WA0272300,Lakewood Police Department,WA,62485
WA0150300,Langley Police Department,WA,1137
WA0210000,Lewis County Sheriff's Office,WA,53357
WA0321300,Liberty Lake Police Department,WA,13676
WA0220000,Lincoln County Sheriff's Office,WA,10456
WA0250400,Long Beach Police Department,WA,1776
WA0080200,Longview Police Department,WA,38401
WADI05900,Lummi Tribal,WA,0
WA0370500,Lynden Police Department,WA,17037
WA0310400,Lynnwood Police Department,WA,42399
WA0390900,Mabton Police Department,WA,1962
WADI05600,Makah Tribal,WA,0
WA0174700,Maple Valley Police Department,WA,28671
WA0310500,Marysville Police Department,WA,77579
WA0230000,Mason County Sheriff's Office,WA,59604
WA0130900,Mattawa Police Department,WA,3902
WA0140400,McCleary Police Department,WA,2070
WA0172000,Medina Police Department,WA,2991
WA0170900,Mercer Island Police Department,WA,25192
WA0312100,Mill Creek Police Department,WA,21013
WA0270900,Milton Police Department,WA,8866
WA0311200,Monroe Police Department,WA,19905
WA0140500,Montesano Police Department,WA,4203
WA0210300,Morton Police Department,WA,1913
WA0130200,Moses Lake Police Department,WA,27367
WA0290200,Mount Vernon Police Department,WA,35352
WA0310600,Mountlake Terrace Police Department,WA,26286
WA0391400,Moxee Police Department,WA,4897
WADI01000,Muckleshoot Tribal,WA,0
WA0311300,Mukilteo Police Department,WA,21247
WA0210700,Napavine Police Department,WA,2223
WA0174200,Newcastle Police Department,WA,13055
WA0260200,Newport Police Department,WA,2258
WADI00800,Nisqually Tribal,WA,0
WADI01400,Nooksack Tribal,WA,0
WA0171000,Normandy Park Police Department,WA,6637
WA0171100,North Bend Police Department,WA,8839
WA0150100,Oak Harbor Police Department,WA,24049
WA0381400,Oakesdale Police Department,WA,382
WA0140700,Oakville Police Department,WA,739
WA0140800,Ocean Shores Police Department,WA,7991
WA0220600,Odessa Police Department,WA,930
WA0240000,Okanogan County Sheriff's Office,WA,34597
WA0340100,Olympia Police Department,WA,56438
WA0240300,Omak Police Department,WA,5246
WA0240400,Oroville Police Department,WA,1937
WA0271300,Orting Police Department,WA,8876
WA0010100,Othello Police Department,WA,9115
WA0250000,Pacific County Sheriff's Office,WA,16420
WA0172100,Pacific Police Department,WA,7048
WA0380900,Palouse Police Department,WA,1033
WA0110200,Pasco Police Department,WA,82766
WA0260000,Pend Oreille County Sheriff's Office,WA,12259
WA0270000,Pierce County Sheriff's Office,WA,442612
WA0050100,Port Angeles Police Department,WA,20140
WADI06600,Port Gamble S'Klallam Tribal,WA,0
WA0180400,Port Orchard Police Department,WA,20115
WA0160100,Port Townsend Police Department,WA,10772
WA0173200,Port of Seattle,WA,0
WA0180500,Poulsbo Police Department,WA,12714
WA0030300,Prosser Police Department,WA,6643
WA0380300,Pullman Police Department,WA,33883
WA0270100,Puyallup Police Department,WA,42432
WADI06200,Puyallup Tribal,WA,0
WADI05400,Quinault Indian Nation,WA,0
WA0130300,Quincy Police Department,WA,8468
WA0250100,Raymond Police Department,WA,3262
WA0220700,Reardan Police Department,WA,698
WA0171200,Redmond Police Department,WA,84564
WA0171300,Renton Police Department,WA,105251
WA0030200,Richland Police Department,WA,65273
WA0060500,Ridgefield Police Department,WA,16755
WA0010200,Ritzville Police Department,WA,1700
WA0271000,Roy Police Department,WA,798
WA0131000,Royal City Police Department,WA,1939
WA0271900,Ruston Police Department,WA,1046
WA0175000,Sammamish Police Department,WA,66235
WA0280000,San Juan County Sheriff's Office,WA,18849
WADI06300,Sauk-Suiattle Tribal,WA,0
WA0173700,Seatac Police Department,WA,34719
WASPD0000,Seattle Police Department,WA,791503
WA0290300,Sedro Woolley Police Department,WA,13410
WA0391100,Selah Police Department,WA,8774
WA0050300,Sequim Police Department,WA,8232
WA0230400,Shelton Police Department,WA,10814
WADI01200,Shoalwater Bay Tribal,WA,0
WA0174300,Shoreline Police Department,WA,68263
WA0290000,Skagit County Sheriff's Office,WA,54733
WA0300000,Skamania County Sheriff's Office,WA,12793
WADI01100,Skokomish Tribal,WA,0
WA0172700,Skykomish Police Department,WA,157
WA0313100,Snohomish County Auto Theft Task Force,WA,0
WA0310000,Snohomish County Sheriff's Office,WA,377021
WA0310700,Snohomish Police Department,WA,10627
WA0172200,Snoqualmie Police Department,WA,13666
WADI08300,Snoqualmie Tribal,WA,0
WA0130400,Soap Lake Police Department,WA,1800
WA0250200,South Bend Police Department,WA,1813
WADI05100,Spokane Agency,WA,0
WA0320000,Spokane County Sheriff's Office,WA,179646
WA0320400,Spokane Police Department,WA,230962
WA0321500,Spokane Valley Police Department,WA,109455
WADI05500,Squaxin Island Tribal,WA,0
WA0311400,Stanwood Police Department,WA,9255
WA0341000,State Gambling Commission Enforcement Unit,WA,0
WA034225Y,State Insurance Commissioner: Special Investigations Unit,WA,0
WA0271100,Steilacoom Police Department,WA,6627
WA0330000,Stevens County Sheriff's Office,WA,40116
WADI01300,Stillaguamish Tribal,WA,0
WA0311500,Sultan Police Department,WA,7556
WA0370700,Sumas Police Department,WA,1703
WA0270200,Sumner Police Department,WA,10942
WA0390200,Sunnyside Police Department,WA,16298
WADI00900,Suquamish Tribal,WA,0
WADI06400,Swinomish Tribal,WA,0
WA0270300,Tacoma Police Department,WA,230369
WA0340800,Tenino Police Department,WA,1977
WA0340000,Thurston County Sheriff's Office,WA,146249
WA0391200,Tieton Police Department,WA,1672
WA0211000,Toledo Police Department,WA,805
WA0390300,Toppenish Police Department,WA,8617
WA0172300,Tukwila Police Department,WA,21610
WADI06800,Tulalip Tribal,WA,0
WA0340200,Tumwater Police Department,WA,28265
WA0390400,Union Gap Police Department,WA,6589
WA0272400,University Place Police Department,WA,35225
WA0172400,University of Washington,WA,0
WADI06500,Upper Skagit Tribal,WA,0
WA0060300,Vancouver Police Department,WA,200968
WA0350000,Wahkiakum County Sheriff's Office,WA,4882
WA0360000,Walla Walla County Sheriff's Office,WA,18177
WA0360100,Walla Walla Police Department,WA,33809
WA0391300,Wapato Police Department,WA,4467
WA0131100,Warden Police Department,WA,2901
WA0342000,Washington State Parks and Recreation Law Enforcement,WA,0
WAWSP0000,Washington State Patrol,WA,0
WA0380500,Washington State University: Pullman,WA,0
WA0061000,Washington State University: Vancouver,WA,0
WA0060400,Washougal Police Department,WA,18175
WA0040400,Wenatchee Police Department,WA,35350
WA0030500,West Richland Police Department,WA,19483
WA0370800,Western Washington University,WA,0
WA0140900,Westport Police Department,WA,2372
WA0370000,Whatcom County Sheriff's Office,WA,92182
WA0200600,White Salmon Police Department,WA,2631
WA0380000,Whitman County Sheriff's Office,WA,10051
WA0211200,Winlock Police Department,WA,2722
WA0241000,Winthrop Police Department,WA,630
WA0174000,Woodinville Police Department,WA,14065
WA0080500,Woodland Police Department,WA,6483
WA0311600,Woodway Police Department,WA,1325
WADI05800,Yakama Nation,WA,0
WA0390000,Yakima County Sheriff's Office,WA,88995
WA0390500,Yakima Police Department,WA,97467
WA0173100,Yarrow Point Police Department,WA,1135
WA0340900,Yelm Police Department,WA,11984
WA0390600,Zillah Police Department,WA,3111
WI0010000,Adams County Sheriff's Office,WI,16242
WI0010100,Adams Police Department,WI,1773
WI0230300,Albany Police Department,WI,1091
WI0310100,Algoma Police Department,WI,3222
WI0180200,Altoona Police Department,WI,9539
WI0490100,Amery Police Department,WI,2926
WI0340100,Antigo Police Department,WI,8102
WI0450100,Appleton Police Department,WI,75283
WI0620200,Arcadia Police Department,WI,3843
WI0330100,Argyle Police Department,WI,826
WI0020000,Ashland County Sheriff's Office,WI,7832
WI0020100,Ashland Police Department,WI,7949
WI0050800,Ashwaubenon Police Department,WI,17526
WI0370400,Athens Police Department,WI,1064
WI0180300,Augusta Police Department,WI,1476
WI0250800,Avoca Police Department,WI,549
WI0490300,Balsam Lake Police Department,WI,958
WI0320500,Bangor Police Department,WI,1607
WI0570200,Baraboo Police Department,WI,13240
WI0250600,Barneveld Police Department,WI,1333
WI0030000,Barron County Sheriff's Office,WI,29710
WI0030200,Barron Police Department,WI,3660
WI0040000,Bayfield County Sheriff's Office,WI,13036
WI0040200,Bayfield Police Department,WI,593
WI0410100,Bayside Police Department,WI,4305
WI0140100,Beaver Dam Police Department,WI,16376
WI0142000,Beaver Dam Township Police Department,WI,4021
WI0136800,Belleville Police Department,WI,2669
WI0540100,Beloit Police Department,WI,36611
WI0540800,Beloit Town Police Department,WI,7949
WI0240100,Berlin Police Department,WI,5615
WI0682600,Big Bend Police Department,WI,1504
WI0660300,Birchwood Police Department,WI,409
WI0270100,Black River Falls Police Department,WI,3576
WI0620300,Blair Police Department,WI,1275
WI0330200,Blanchardville Police Department,WI,830
WI0090200,Bloomer Police Department,WI,3637
WI0650700,Bloomfield Police Department,WI,6561
WI0132300,Blue Mounds Police Department,WI,911
WI0220100,Boscobel Police Department,WI,3257
WI0170200,Boyceville Police Department,WI,1093
WI0201100,Brandon-Fairwater Police Department,WI,1222
WI0080300,Brillion Police Department,WI,3326
WI0230200,Brodhead Police Department,WI,3220
WI0680100,Brookfield Police Department,WI,41216
WI0681800,Brookfield Township Police Department,WI,6467
WI0132900,Brooklyn Police Department,WI,1536
WI0050000,Brown County Sheriff's Office,WI,101107
WI0410200,Brown Deer Police Department,WI,12520
WI0141100,Brownsville Police Department,WI,664
WI0060000,Buffalo County Sheriff's Office,WI,10614
WI0520100,Burlington Police Department,WI,10913
WI0070000,Burnett County Sheriff's Office,WI,14279
WI0680900,Butler Police Department,WI,1765
WI0520300,Caledonia Police Department,WI,25216
WI0080000,Calumet County Sheriff's Office,WI,28953
WI0320600,Campbell Township Police Department,WI,4084
WI0200300,Campbellsport Police Department,WI,2021
WI0137800,Capitol Police,WI,0
WI0601100,Cascade Police Department,WI,705
WI0420100,Cashton Police Department,WI,1157
WI0460300,Cedarburg Police Department,WI,13222
WI0681000,Chenequa Police Department,WI,536
WI0030300,Chetek Police Department,WI,2168
WI0080100,Chilton Police Department,WI,4215
WI0090000,Chippewa County Sheriff's Office,WI,33697
WI0090100,Chippewa Falls Police Department,WI,15163
WI0100000,Clark County Sheriff's Office,WI,23425
WI0360600,Cleveland Police Department,WI,1580
WI0540500,Clinton Police Department,WI,2325
WI0690100,Clintonville Police Department,WI,4509
WI0100400,Colby-Abbotsford Police Department,WI,4406
WI0380400,Coleman Police Department,WI,732
WI0170300,Colfax Police Department,WI,1210
WI0110000,Columbia County Sheriff's Office,WI,31226
WI0110300,Columbus Police Department,WI,5404
WI0090300,Cornell Police Department,WI,1451
WI0131900,Cottage Grove Police Department,WI,9444
WI0210100,Crandon Police Department,WI,1744
WI0120000,Crawford County Sheriff's Office,WI,10518
WI0380500,Crivitz Police Department,WI,1124
WI0131300,Cross Plains Police Department,WI,4201
WI0220800,Cuba City Police Department,WI,2077
WI0410300,Cudahy Police Department,WI,17572
WI0030400,Cumberland Police Department,WI,2310
WI0130000,Dane County Sheriff's Office,WI,79497
WI0330300,Darlington Police Department,WI,2489
WI0050100,De Pere Police Department,WI,25465
WI0136700,Deforest Police Department,WI,12650
WI0680700,Delafield Police Department,WI,7297
WI0650100,Delavan Police Department,WI,10723
WI0651700,Delavan Town Police Department,WI,5163
WILEB0100,Department of Natural Resources,WI,0
WIDCI0000,Division of Criminal Investigation Madison,WI,0
WI0140000,Dodge County Sheriff's Office,WI,32213
WI0250100,Dodgeville Police Department,WI,5101
WI0150000,Door County Sheriff's Office,WI,20579
WI0160000,Douglas County Sheriff's Office,WI,17647
WI0170000,Dunn County Sheriff's Office,WI,26167
WI0470100,Durand Police Department,WI,1879
WI0640300,Eagle River Police Department,WI,1693
WI0682500,Eagle Village Police Department,WI,2145
WI0651000,East Troy Police Department,WI,5098
WI0180000,Eau Claire County Sheriff's Office,WI,26448
WI0180100,Eau Claire Police Department,WI,73060
WI0370500,Edgar Police Department,WI,1427
WI0540300,Edgerton Police Department,WI,6187
WI0620900,Eleva Police Department,WI,683
WI0170500,Elk Mound Police Department,WI,1123
WI0600400,Elkhart Lake Police Department,WI,1145
WI0650200,Elkhorn Police Department,WI,10086
WI0480200,Ellsworth Police Department,WI,3341
WI0680200,Elm Grove Police Department,WI,6380
WI0480500,Elmwood Police Department,WI,811
WI0290100,Elroy Police Department,WI,1246
WI0390500,Endeavor Police Department,WI,433
WI0540400,Evansville Police Department,WI,5845
WI0180400,Fall Creek Police Department,WI,1382
WI0110600,Fall River Police Department,WI,1853
WI0220300,Fennimore Police Department,WI,2779
WI0137000,Fitchburg Police Department,WI,35168
WI0190000,Florence County Sheriff's Office,WI,4697
WI0200000,Fond du Lac County Sheriff's Office,WI,36476
WI0200100,Fond du Lac Police Department,WI,44418
WI0651100,Fontana Police Department,WI,1857
WI0210000,Forest County Sheriff's Office,WI,6598
WI0280100,Fort Atkinson Police Department,WI,12327
WI0710900,Fox Crossing Police Department,WI,19456
WI0140200,Fox Lake Police Department,WI,1702
WI0410400,Fox Point Police Department,WI,6507
WI0450400,Fox Valley Metro Police Department,WI,22950
WI0410500,Franklin Police Department,WI,36675
WI0490500,Frederic Police Department,WI,1137
WI0451400,Freedom Police Department,WI,6280
WI0541100,Fulton Police Department,WI,3684
WI0620500,Galesville Police Department,WI,1664
WI0651200,Geneva Town Police Department,WI,5478
WI0651300,Genoa City Police Department,WI,2885
WI0670100,Germantown Police Department,WI,21062
WI0430100,Gillett Police Department,WI,1269
WI0610400,Gilman Police Department,WI,381
WI0410600,Glendale Police Department,WI,14630
WI0560500,Glenwood City Police Department,WI,1257
WI0460400,Grafton Police Department,WI,12910
WI0450900,Grand Chute Police Department,WI,24998
WI0720500,Grand Rapids Police Department,WI,7626
WI0220000,Grant County Sheriff's Office,WI,26213
WI0070100,Grantsburg Police Department,WI,1382
WI0050200,Green Bay Police Department,WI,106069
WI0230000,Green County Sheriff's Office,WI,17887
WI0240000,Green Lake County Sheriff's Office,WI,10207
WI0240500,Green Lake Police Department,WI,1049
WI0410700,Greendale Police Department,WI,14351
WI0410800,Greenfield Police Department,WI,37076
WI0100600,Greenwood Police Department,WI,1077
WI0410900,Hales Corners Police Department,WI,7773
WI0560600,Hammond Police Department,WI,1873
WI0700200,Hancock Police Department,WI,399
WI0670200,Hartford Police Department,WI,16065
WI0670600,Hartford Township Police Department,WI,3350
WI0681100,Hartland Police Department,WI,10381
WI0580100,Hayward Police Department,WI,2600
WI0221100,Hazel Green Police Department,WI,1175
WI0250300,Highland Police Department,WI,868
WI0630300,Hillsboro Police Department,WI,1395
WI0050900,Hobart-Lawrence Police Department,WI,18026
WI0320700,Holmen Police Department,WI,12159
WI0140300,Horicon Police Department,WI,3928
WI0450800,Hortonville Police Department,WI,3411
WI0560100,Hudson Police Department,WI,15084
WI0260100,Hurley Police Department,WI,1621
WI0140600,Hustisford Police Department,WI,1069
WI0620600,Independence Police Department,WI,1476
WI0250000,Iowa County Sheriff's Office,WI,12842
WI0260000,Iron County Sheriff's Office,WI,4633
WI0141400,Iron Ridge Police Department,WI,922
WI0040400,Iron River Police Department,WI,1292
WI0270000,Jackson County Sheriff's Office,WI,17418
WI0670700,Jackson Police Department,WI,8247
WI0540200,Janesville Police Department,WI,66624
WI0280000,Jefferson County Sheriff's Office,WI,31707
WI0280200,Jefferson Police Department,WI,7762
WI0280500,Johnson Creek Police Department,WI,3412
WI0290000,Juneau County Sheriff's Office,WI,18117
WI0140400,Juneau Police Department,WI,2712
WI0450200,Kaukauna Police Department,WI,18685
WI0420400,Kendall Police Department,WI,467
WI0300000,Kenosha County Sheriff's Office,WI,40764
WI0300100,Kenosha Police Department,WI,99483
WI0670300,Kewaskum Police Department,WI,4629
WI0310000,Kewaunee County Sheriff's Office,WI,11971
WI0310200,Kewaunee Police Department,WI,2805
WI0360500,Kiel Police Department,WI,3984
WI0600600,Kohler Police Department,WI,2296
WI0371400,Kronenwetter Police Department,WI,8451
WI0320000,La Crosse County Sheriff's Office,WI,27022
WI0320100,La Crosse Police Department,WI,50663
WI0630100,La Farge Police Department,WI,701
WI0020700,La Pointe Police Department,WI,449
WIDI01100,Lac Courte Oreilles Tribal,WI,0
WIDI00300,Lac du Flambeau Tribal,WI,0
WI0550300,Ladysmith Police Department,WI,3169
WI0330000,Lafayette County Sheriff's Office,WI,12015
WI0570500,Lake Delton Police Department,WI,3457
WI0650300,Lake Geneva Police Department,WI,8789
WI0090500,Lake Hallie Police Department,WI,7392
WI0280400,Lake Mills Police Department,WI,6709
WI0220400,Lancaster Police Department,WI,4069
WI0340000,Langlade County Sheriff's Office,WI,11435
WI0682200,Lannon Police Department,WI,2250
WI0210200,Laona Police Department,WI,1244
WI0430400,Lena Police Department,WI,539
WI0350000,Lincoln County Sheriff's Office,WI,15600
WI0251200,Linden Police Department,WI,493
WI0650600,Linn Township Police Department,WI,2707
WI0111000,Lodi Police Department,WI,3201
WI0141000,Lomira Police Department,WI,2669
WI0100200,Loyal Police Department,WI,1183
WI0310400,Luxemburg Police Department,WI,2784
WI0290700,Lyndon Station Police Department,WI,472
WI0130100,Madison Police Department,WI,287992
WI0690400,Manawa Police Department,WI,1415
WI0360000,Manitowoc County Sheriff's Office,WI,27844
WI0360100,Manitowoc Police Department,WI,34604
WI0137100,Maple Bluff Police Department,WI,1314
WI0370600,Marathon City Police Department,WI,1544
WI0370000,Marathon County Sheriff's Office,WI,53706
WI0380000,Marinette County Sheriff's Office,WI,24442
WI0380100,Marinette Police Department,WI,11145
WI0690600,Marion Police Department,WI,1277
WI0240300,Markesan Police Department,WI,1386
WI0390000,Marquette County Sheriff's Office,WI,11656
WI041249E,Marquette University,WI,0
WI0131600,Marshall Village Police Department,WI,3743
WI0720100,Marshfield Police Department,WI,18980
WI0290200,Mauston Police Department,WI,4097
WI0140500,Mayville Police Department,WI,5208
WI0137300,McFarland Police Department,WI,9266
WI0610100,Medford Police Department,WI,4670
WI0710100,Menasha Police Department,WI,18472
WI0400000,Menominee County Sheriff's Office,WI,4290
WI0400100,Menominee Tribal,WI,0
WI0680300,Menomonee Falls Police Department,WI,41236
WI0170100,Menomonie Police Department,WI,16685
WI0460100,Mequon Police Department,WI,25378
WI0350100,Merrill Police Department,WI,9469
WI0130200,Middleton Police Department,WI,22703
WI0540600,Milton Police Department,WI,5795
WI0541300,Milton Town Police Department,WI,3128
WI0410000,Milwaukee County Sheriff's Office,WI,0
WIMPD0000,Milwaukee Police Department,WI,559717
WI0250200,Mineral Point Police Department,WI,2555
WI0440100,Minocqua Police Department,WI,5051
WI0360800,Mishicot Police Department,WI,1421
WI0060300,Mondovi Police Department,WI,2875
WI0130300,Monona Police Department,WI,8604
WI0420000,Monroe County Sheriff's Office,WI,24084
WI0230100,Monroe Police Department,WI,10566
WI0390100,Montello Police Department,WI,1436
WI0230400,Monticello Police Department,WI,1177
WI0371000,Mosinee Police Department,WI,4549
WI0130400,Mount Horeb Police Department,WI,7815
WI0520700,Mount Pleasant Police Department,WI,28292
WI0371500,Mountain Bay Metropolitan Police Department,WI,23875
WI0681200,Mukwonago Police Department,WI,8562
WI0683300,Mukwonago Town Police Department,WI,7835
WI0221200,Muscoda Police Department,WI,1303
WI0680600,Muskego Police Department,WI,25927
WI0683200,Nashotah Police Department,WI,1312
WI0710200,Neenah Police Department,WI,27530
WI0100300,Neillsville Police Department,WI,2373
WI0720200,Nekoosa Police Department,WI,2396
WI0390300,Neshkoro Police Department,WI,410
WI0680400,New Berlin Police Department,WI,40264
WI0230600,New Glarus Police Department,WI,2277
WI0080200,New Holstein Police Department,WI,3022
WI0290300,New Lisbon Police Department,WI,2589
WI0690200,New London Police Department,WI,7569
WI0560200,New Richmond Police Department,WI,11068
WI0670800,Newburg Police Department,WI,1127
WI0380200,Niagara Police Department,WI,1573
WI0200400,North Fond du Lac Police Department,WI,5428
WI0560700,North Hudson Police Department,WI,3820
WI0683000,North Prairie Police Department,WI,2216
WI0420500,Norwalk Police Department,WI,607
WI0521000,Norway Township Police Department,WI,7851
WI0411000,Oak Creek Police Department,WI,38780
WI0200900,Oakfield Village Police Department,WI,1066
WI0681300,Oconomowoc Lake Police Department,WI,569
WI0680800,Oconomowoc Police Department,WI,20479
WI0430000,Oconto County Sheriff's Office,WI,30243
WI0430300,Oconto Falls Police Department,WI,3037
WI0430200,Oconto Police Department,WI,4643
WI0710600,Omro Police Department,WI,3640
WI0320200,Onalaska Police Department,WI,20165
WI0440000,Oneida County Sheriff's Office,WI,20343
WI0451200,Oneida Tribal,WI,0
WI0137400,Oregon Police Department,WI,12065
WI0540700,Orfordville Police Department,WI,1632
WI0490700,Osceola Police Department,WI,2906
WI0710300,Oshkosh Police Department,WI,67327
WI0620700,Osseo Police Department,WI,1818
WI0450000,Outagamie County Sheriff's Office,WI,49138
WI0101200,Owen-Withee Police Department,WI,1937
WI0390400,Oxford Police Department,WI,534
WI0460000,Ozaukee County Sheriff's Office,WI,22321
WI0280600,Palmyra Police Department,WI,1717
WI0510100,Park Falls Police Department,WI,2368
WI0470000,Pepin County Sheriff's Office,WI,4970
WI0470200,Pepin Police Department,WI,754
WI0380300,Peshtigo Police Department,WI,3407
WI0681400,Pewaukee Village Police Department,WI,8232
WI0510200,Phillips Police Department,WI,1479
WI0480000,Pierce County Sheriff's Office,WI,20573
WI0720600,Pittsville Police Department,WI,807
WI0700300,Plainfield Police Department,WI,920
WI0220500,Platteville Police Department,WI,11841
WI0300800,Pleasant Prairie Police Department,WI,21937
WI0500200,Plover Police Department,WI,14375
WI0600100,Plymouth Police Department,WI,8834
WI0490000,Polk County Sheriff's Office,WI,35737
WI0720400,Port Edwards Police Department,WI,1754
WI0460200,Port Washington Police Department,WI,12830
WI0500000,Portage County Sheriff's Office,WI,31355
WI0110100,Portage Police Department,WI,9830
WI0110700,Poynette Police Department,WI,2896
WI0120100,Prairie du Chien Police Department,WI,5459
WI0480300,Prescott Police Department,WI,4651
WI0510000,Price County Sheriff's Office,WI,10242
WI0240400,Princeton Police Department,WI,1271
WI0050300,Pulaski Police Department,WI,4028
WI0520000,Racine County Sheriff's Office,WI,33409
WI0520200,Racine Police Department,WI,78032
WI0630800,Readstown Police Department,WI,369
WIDI01500,Red Cliff Tribal,WI,0
WI0700400,Redgranite Police Department,WI,2137
WI0570100,Reedsburg Police Department,WI,10378
WI0361000,Reedsville Village Police Department,WI,1192
WI0440200,Rhinelander Police Department,WI,8285
WI0610300,Rib Lake Police Department,WI,910
WI0030100,Rice Lake Police Department,WI,8948
WI0530100,Richland Center Police Department,WI,5017
WI0530000,Richland County Sheriff's Office,WI,12053
WI0110900,Rio Police Department,WI,1126
WI0200200,Ripon Police Department,WI,7682
WI0201000,Ripon Town Police Department,WI,1315
WI0561100,River Falls Police Department,WI,18212
WI0411100,River Hills Police Department,WI,1527
WI0566700,Roberts Police Department,WI,2637
WI0540000,Rock County Sheriff's Office,WI,26042
WI0010200,Rome Town Police Department,WI,3378
WI0201200,Rosendale Police Department,WI,1036
WI0550000,Rusk County Sheriff's Office,WI,10985
WI0570000,Sauk County Sheriff's Office,WI,32800
WI0570300,Sauk Prairie Police Department,WI,4514
WI0460600,Saukville Police Department,WI,4318
WI0580000,Sawyer County Sheriff's Office,WI,16404
WI0450500,Seymour Police Department,WI,3654
WI0651500,Sharon Police Department,WI,1545
WI0590000,Shawano County Sheriff's Office,WI,31409
WI0590100,Shawano Police Department,WI,9737
WI0600000,Sheboygan County Sheriff's Office,WI,47017
WI0600300,Sheboygan Falls Police Department,WI,8775
WI0600200,Sheboygan Police Department,WI,49537
WI0450600,Shiocton Police Department,WI,930
WI0137500,Shorewood Hills Police Department,WI,2161
WI0411300,Shorewood Police Department,WI,13433
WI0330400,Shullsburg Police Department,WI,1245
WI0070200,Siren Police Department,WI,952
WI0670500,Slinger Police Department,WI,6546
WI0560800,Somerset Police Department,WI,3476
WI0411400,South Milwaukee Police Department,WI,20084
WI0420200,Sparta Police Department,WI,9944
WI0370700,Spencer Police Department,WI,1810
WI0660100,Spooner Police Department,WI,2497
WI0570400,Spring Green Police Department,WI,1576
WI0480400,Spring Valley Police Department,WI,1456
WI0560000,St. Croix County Sheriff's Office,WI,54306
WI0490200,St. Croix Falls Police Department,WI,2335
WIDI01200,St. Croix Tribal,WI,0
WI0411200,St. Francis Police Department,WI,8895
WI0090400,Stanley Police Department,WI,3771
WI0412000,State Fair Park Police,WI,0
WI0500100,Stevens Point Police Department,WI,26673
WIDI01000,Stockbridge Munsee Tribal,WI,0
WI0130500,Stoughton Police Department,WI,13128
WI0620800,Strum Police Department,WI,1065
WI0150100,Sturgeon Bay Police Department,WI,10009
WI0520800,Sturtevant Police Department,WI,6841
WI0681600,Summit Police Department,WI,5482
WI0130600,Sun Prairie Police Department,WI,40109
WI0160100,Superior Police Department,WI,26577
WI0430500,Suring Police Department,WI,519
WI0610000,Taylor County Sheriff's Office,WI,14249
WI0141900,Theresa Police Department,WI,1287
WI0460500,Thiensville Police Department,WI,3303
WI0100800,Thorp Police Department,WI,1764
WI0440400,Three Lakes Police Department,WI,2456
WI0420300,Tomah Police Department,WI,9573
WI0350200,Tomahawk Police Department,WI,3378
WI0650900,Town of East Troy Police Department,WI,3995
WI0131000,Town of Madison Police Department,WI,6090
WI0620000,Trempealeau County Sheriff's Office,WI,15485
WI0621000,Trempealeau Police Department,WI,1856
WI0300200,Twin Lakes Police Department,WI,6328
WI0360200,Two Rivers Police Department,WI,11199
WI0180500,University of Wisconsin: Eau Claire,WI,0
WI0050700,University of Wisconsin: Green Bay,WI,0
WI0320800,University of Wisconsin: La Crosse,WI,0
WI0130800,University of Wisconsin: Madison,WI,0
WI0411900,University of Wisconsin: Milwaukee,WI,0
WI0710700,University of Wisconsin: Oshkosh,WI,0
WI0300300,University of Wisconsin: Parkside,WI,0
WI0221400,University of Wisconsin: Platteville,WI,0
WI0480600,University of Wisconsin: River Falls,WI,0
WI0500600,University of Wisconsin: Stevens Point,WI,0
WI0170600,University of Wisconsin: Stout,WI,0
WI0160500,University of Wisconsin: Superior,WI,0
WI0652300,University of Wisconsin: Whitewater,WI,0
WI0630000,Vernon County Sheriff's Office,WI,22223
WI0137600,Verona Police Department,WI,17623
WI0640000,Vilas County Sheriff's Office,WI,22455
WI0682800,Village of Lac La Belle Police Department,WI,9141
WI0630200,Viroqua Police Department,WI,4378
WI0650000,Walworth County Sheriff's Office,WI,23747
WI0650400,Walworth Police Department,WI,2755
WI0660000,Washburn County Sheriff's Office,WI,14154
WI0040100,Washburn Police Department,WI,2058
WI0670000,Washington County Sheriff's Office,WI,45929
WI0521300,Waterford Town Police Department,WI,6479
WI0280700,Waterloo Police Department,WI,3641
WI0280300,Watertown Police Department,WI,22538
WI0680000,Waukesha County Sheriff's Office,WI,96602
WI0680500,Waukesha Police Department,WI,71542
WI0137700,Waunakee Police Department,WI,16747
WI0690000,Waupaca County Sheriff's Office,WI,31782
WI0690300,Waupaca Police Department,WI,6208
WI0140900,Waupun Police Department,WI,11027
WI0370300,Wausau Police Department,WI,40318
WI0700000,Waushara County Sheriff's Office,WI,18443
WI0700500,Wautoma Police Department,WI,2412
WI0411500,Wauwatosa Police Department,WI,48869
WI0070300,Webster Police Department,WI,717
WI0411600,West Allis Police Department,WI,59618
WI0670400,West Bend Police Department,WI,32251
WI0411700,West Milwaukee Police Department,WI,3966
WI0320300,West Salem Police Department,WI,5300
WI0630400,Westby Police Department,WI,2423
WI0390200,Westfield Police Department,WI,1303
WI0411800,Whitefish Bay Police Department,WI,14422
WI0620100,Whitehall Police Department,WI,1609
WI0650500,Whitewater Police Department,WI,16072
WI0700600,Wild Rose Police Department,WI,797
WI0651600,Williams Bay Police Department,WI,2962
WI0420600,Wilton Police Department,WI,520
WI0521600,Wind Point Police Department,WI,1615
WI0710000,Winnebago County Sheriff's Office,WI,36530
WI0710400,Winneconne Police Department,WI,2497
WI0110200,Wisconsin Dells Police Department,WI,3194
WI0720300,Wisconsin Rapids Police Department,WI,18631
WIWSP0000,Wisconsin State Patrol,WI,0
WI0720000,Wood County Sheriff's Office,WI,24769
WI0440300,Woodruff Police Department,WI,2086
WI0050600,Wrightstown Police Department,WI,4291
WV0320100,Alderson Police Department,WV,924
WV0170600,Anmoore Police Department,WV,500
WV0100100,Ansted Police Department,WV,1274
WV0010000,Barbour County Sheriff's Office,WV,10726
WV0060100,Barboursville Police Department,WV,4299
WV0251100,Barrackville Police Department,WV,1193
WV0410100,Beckley Police Department,WV,16345
WV0411400,Beckley/Raleigh County Drug and Violent Crime Task Force,WV,0
WV0050800,Beech Bottom Police Department,WV,508
WV0010100,Belington Police Department,WV,1791
WV0200100,Belle Police Department,WV,1083
WV0260100,Benwood Police Department,WV,1189
WV0020000,Berkeley County Sheriff's Office,WV,120868
WV0330100,Berkeley Springs Police Department,WV,751
WV0050500,Bethany Police Department,WV,748
WV0350300,Bethlehem Police Department,WV,2550
WV0280200,Bluefield Police Department,WV,9048
WV0280700,Bluefield State College,WV,0
WV0030000,Boone County Sheriff's Office,WV,16419
WV0040000,Braxton County Sheriff's Office,WV,10882
WV0204200,Bridge Valley Technical College,WV,0
WV0170100,Bridgeport Police Department,WV,9438
WV0050000,Brooke County Sheriff's Office,WV,10917
WV0490100,Buckhannon Police Department,WV,5017
WV0040300,Burnsville Police Department,WV,373
WV0060000,Cabell County Sheriff's Office,WV,42761
WV0070000,Calhoun County Sheriff's Office,WV,5798
WV0260200,Cameron Police Department,WV,808
WV0203400,Capitol Protective Services,WV,0
WV0140500,Capon Bridge Police Department,WV,428
WV0201600,Cedar Grove Police Department,WV,677
WV0340800,Central West Virginia Drug Task Force,WV,0
WV0500100,Ceredo Police Department,WV,1317
WV0230300,Chapmanville Police Department,WV,929
WV0190100,Charles Town Police Department,WV,9588
WV0200200,Charleston Police Department,WV,45958
WV0200700,Chesapeake Police Department,WV,1269
WV0150100,Chester Police Department,WV,2082
WV0170200,Clarksburg Police Department,WV,15104
WV0080000,Clay County Sheriff's Office,WV,7614
WV0350800,Clearview Police Department,WV,452
WV0201400,Clendenin Police Department,WV,870
WV0280600,Concord University,WV,0
WV0030500,Danville Police Department,WV,628
WV0240700,Davy Police Department,WV,180
WV0300400,Delbarton Police Department,WV,381
WV0010300,Department of Natural Resources: Barbour County,WV,0
WV0020200,Department of Natural Resources: Berkeley County,WV,0
WV0030300,Department of Natural Resources: Boone County,WV,0
WV0040400,Department of Natural Resources: Braxton County,WV,0
WV0050300,Department of Natural Resources: Brooke County,WV,0
WV0060500,Department of Natural Resources: Cabell County,WV,0
WV0070200,Department of Natural Resources: Calhoun County,WV,0
WV0080200,Department of Natural Resources: Clay County,WV,0
WV0090200,Department of Natural Resources: Doddridge County,WV,0
WV0101000,Department of Natural Resources: Fayette County,WV,0
WV0110300,Department of Natural Resources: Gilmer County,WV,0
WV0120200,Department of Natural Resources: Grant County,WV,0
WV0130600,Department of Natural Resources: Greenbrier County,WV,0
WV0140200,Department of Natural Resources: Hampshire County,WV,0
WV0150400,Department of Natural Resources: Hancock County,WV,0
WV0160300,Department of Natural Resources: Hardy County,WV,0
WV0171100,Department of Natural Resources: Harrison County,WV,0
WV0201900,Department of Natural Resources: Headquarters,WV,0
WV0180300,Department of Natural Resources: Jackson County,WV,0
WV0190500,Department of Natural Resources: Jefferson County,WV,0
WV0202100,Department of Natural Resources: Kanawha County,WV,0
WV0210200,Department of Natural Resources: Lewis County,WV,0
WV0220200,Department of Natural Resources: Lincoln County,WV,0
WV0230400,Department of Natural Resources: Logan County,WV,0
WV0250900,Department of Natural Resources: Marion County,WV,0
WV0260600,Department of Natural Resources: Marshall County,WV,0
WV0270700,Department of Natural Resources: Mason County,WV,0
WV0241000,Department of Natural Resources: McDowell County,WV,0
WV0280800,Department of Natural Resources: Mercer County,WV,0
WV0290600,Department of Natural Resources: Mineral County,WV,0
WV0300600,Department of Natural Resources: Mingo County,WV,0
WV0310700,Department of Natural Resources: Monongalia County,WV,0
WV0320400,Department of Natural Resources: Monroe County,WV,0
WV0330300,Department of Natural Resources: Morgan County,WV,0
WV0340300,Department of Natural Resources: Nicholas County,WV,0
WV0350700,Department of Natural Resources: Ohio County,WV,0
WV0360200,Department of Natural Resources: Pendleton County,WV,0
WV0370200,Department of Natural Resources: Pleasants County,WV,0
WV0380200,Department of Natural Resources: Pocahontas County,WV,0
WV0390800,Department of Natural Resources: Preston County,WV,0
WV0400600,Department of Natural Resources: Putnam County,WV,0
WV0410600,Department of Natural Resources: Raleigh County,WV,0
WV0420300,Department of Natural Resources: Randolph County,WV,0
WV0430400,Department of Natural Resources: Ritchie County,WV,0
WV0440200,Department of Natural Resources: Roane County,WV,0
WV0450200,Department of Natural Resources: Summers County,WV,0
WV0460300,Department of Natural Resources: Taylor County,WV,0
WV0470300,Department of Natural Resources: Tucker County,WV,0
WV0480500,Department of Natural Resources: Tyler County,WV,0
WV0490200,Department of Natural Resources: Upshur County,WV,0
WV0500500,Department of Natural Resources: Wayne County,WV,0
WV0510400,Department of Natural Resources: Webster County,WV,0
WV0520700,Department of Natural Resources: Wetzel County,WV,0
WV0530200,Department of Natural Resources: Wirt County,WV,0
WV0540400,Department of Natural Resources: Wood County,WV,0
WV0550400,Department of Natural Resources: Wyoming County,WV,0
WV0090000,Doddridge County Sheriff's Office,WV,6938
WV0200300,Dunbar Police Department,WV,7027
WV0201100,East Bank Police Department,WV,772
WV0020600,Eastern Panhandle Drug and Violent Crime Task Force,WV,0
WV0400300,Eleanor Police Department,WV,1516
WV0420100,Elkins Police Department,WV,6643
WV0250100,Fairmont Police Department,WV,17976
WV0251400,Fairmont State University,WV,0
WV0250500,Fairview Police Department,WV,368
WV0250600,Farmington Police Department,WV,395
WV0100000,Fayette County Sheriff's Office,WV,24183
WV0100200,Fayetteville Police Department,WV,2719
WV0050100,Follansbee Police Department,WV,2649
WV0500400,Fort Gay Police Department,WV,651
WV0040100,Gassaway Police Department,WV,718
WV0101100,Gauley Bridge Police Department,WV,514
WV0300100,Gilbert Police Department,WV,297
WV0110000,Gilmer County Sheriff's Office,WV,6012
WV0201300,Glasgow Police Department,WV,682
WV0260300,Glen Dale Police Department,WV,1397
WV0110100,Glenville Police Department,WV,1039
WV0110200,Glenville State College,WV,0
WV0460100,Grafton Police Department,WV,4542
WV0120000,Grant County Sheriff's Office,WV,8700
WV0310900,Granville Police Department,WV,1384
WV0131100,Greenbrier County Drug and Violent Crime Task Force,WV,0
WV0130000,Greenbrier County Sheriff's Office,WV,21441
WV0220100,Hamlin Police Department,WV,958
WV0140000,Hampshire County Sheriff's Office,WV,21806
WV0150000,Hancock County Sheriff's Office,WV,10269
WV0150700,Hancock/Brooke/Weirton Drug Task Force,WV,0
WV0201800,Handley Police Department,WV,210
WV0160000,Hardy County Sheriff's Office,WV,11642
WV0190400,Harpers Ferry/Bolivar Police Department,WV,1240
WV0171400,Harrison County Drug and Violent Crime Task Force,WV,0
WV0170000,Harrison County Sheriff's Office,WV,31563
WV0430100,Harrisville Police Department,WV,1529
WV0450100,Hinton Police Department,WV,2132
WV0520100,Hundred Police Department,WV,238
WV0061000,Huntington Drug and Violent Crime Task Force,WV,0
WV0060200,Huntington Police Department,WV,44500
WV0400100,Hurricane Police Department,WV,6779
WV0180000,Jackson County Sheriff's Office,WV,20851
WV0190000,Jefferson County Sheriff's Office,WV,43666
WV0202700,Kanawha County Parks and Recreation,WV,0
WV0200000,Kanawha County Sheriff's Office,WV,83074
WV0500200,Kenova Police Department,WV,2841
WV0300300,Kermit Police Department,WV,283
WV0290100,Keyser Police Department,WV,4788
WV0390100,Kingwood Police Department,WV,2947
WV0210000,Lewis County Sheriff's Office,WV,12640
WV0130100,Lewisburg Police Department,WV,3727
WV0220000,Lincoln County Sheriff's Office,WV,17702
WV0230900,Logan County Drug and Violent Crime Task Force,WV,0
WV0230000,Logan County Sheriff's Office,WV,26532
WV0230100,Logan Police Department,WV,1292
WV0170800,Lumberport Police Department,WV,686
WV0410300,Mabscott Police Department,WV,1264
WV0030100,Madison Police Department,WV,2676
WV0230200,Man Police Department,WV,703
WV0250200,Mannington Police Department,WV,1898
WV0250000,Marion County Sheriff's Office,WV,31131
WV0380100,Marlinton Police Department,WV,945
WV0200800,Marmet Police Department,WV,1408
WV0261200,Marshall County Drug Task Force,WV,0
WV0260000,Marshall County Sheriff's Office,WV,16139
WV0060400,Marshall University,WV,0
WV0020100,Martinsburg Police Department,WV,19126
WV0270000,Mason County Sheriff's Office,WV,18552
WV0270300,Mason Police Department,WV,828
WV0390400,Masontown Police Department,WV,506
WV0300500,Matewan Police Department,WV,366
WV0280400,Matoaka Police Department,WV,167
WV0240000,McDowell County Sheriff's Office,WV,12661
WV0260400,McMechen Police Department,WV,1584
WV0280000,Mercer County Sheriff's Office,WV,42323
WV0203600,Metropolitan Drug Enforcement Network Team,WV,0
WV0060300,Milton Police Department,WV,2787
WV0290000,Mineral County Sheriff's Office,WV,21404
WV0300000,Mingo County Sheriff's Office,WV,17263
WV0230600,Mitchell Heights  Police Department,WV,288
WV0311500,Mon Metro Drug Task Force,WV,0
WV0311400,Mon Valley Drug Task Force,WV,0
WV0250400,Monongah Police Department,WV,1067
WV0310000,Monongalia County Sheriff's Office,WV,71554
WV0320000,Monroe County Sheriff's Office,WV,12370
WV0100300,Montgomery Police Department,WV,1183
WV0160100,Moorefield Police Department,WV,2725
WV0330000,Morgan County Sheriff's Office,WV,17217
WV0311600,Morgantown Municipal Fire Marshal,WV,0
WV0310100,Morgantown Police Department,WV,30600
WV0260500,Moundsville Police Department,WV,7615
WV0100400,Mount Hope Police Department,WV,1233
WV0210900,Mountain Lakes Drug and Violent Crime Unit,WV,0
WV0490600,Mountain Regional Drug and Violent Crime Task Force,WV,0
WV0550100,Mullens Police Department,WV,1331
WV0150300,New Cumberland Police Department,WV,964
WV0270200,New Haven Police Department,WV,1401
WV0520200,New Martinsville Police Department,WV,4997
WV0340000,Nicholas County Sheriff's Office,WV,19001
WV0200400,Nitro Police Department,WV,6309
WV0170700,Nutter Fort Police Department,WV,1440
WV0100500,Oak Hill Police Department,WV,7630
WV0550300,Oceana Police Department,WV,1356
WV0350000,Ohio County Sheriff's Office,WV,10228
WV0351000,Ohio Valley Drug and Violent Crime Task Force,WV,0
WV0480100,Paden City Police Department,WV,2353
WV0540800,Parkersburg Narcotics and Violent Crime Task Force,WV,0
WV0540100,Parkersburg Police Department,WV,28628
WV0470100,Parsons Police Department,WV,1278
WV0360000,Pendleton County Sheriff's Office,WV,5902
WV0430200,Pennsboro Police Department,WV,998
WV0120100,Petersburg Police Department,WV,2271
WV0010200,Philippi Police Department,WV,2838
WV0370000,Pleasants County Sheriff's Office,WV,5562
WV0400400,Poca Police Department,WV,867
WV0380000,Pocahontas County Sheriff's Office,WV,6660
WV0270100,Point Pleasant Police Department,WV,3845
WV0120500,Potomac Highlands Drug and Violent Crime Task Force,WV,0
WV0290500,Potomac State College,WV,0
WV0201700,Pratt Police Department,WV,455
WV0390000,Preston County Sheriff's Office,WV,28651
WV0280300,Princeton Police Department,WV,5531
WV0400000,Putnam County Sheriff's Office,WV,44345
WV0130200,Rainelle Police Department,WV,1179
WV0410000,Raleigh County Sheriff's Office,WV,53245
WV0420000,Randolph County Sheriff's Office,WV,20391
WV0190300,Ranson Police Department,WV,6186
WV0180100,Ravenswood Police Department,WV,3815
WV0390700,Reedsville Police Department,WV,526
WV0340100,Richwood Police Department,WV,1594
WV0290300,Ridgeley Police Department,WV,570
WV0180200,Ripley Police Department,WV,3066
WV0430000,Ritchie County Sheriff's Office,WV,5586
WV0250300,Rivesville Police Department,WV,804
WV0440000,Roane County Sheriff's Office,WV,11525
WV0140100,Romney Police Department,WV,1753
WV0130300,Ronceverte Police Department,WV,1495
WV0130700,Rupert Police Department,WV,825
WV0170300,Salem Police Department,WV,1462
WV0190700,Shepherd University,WV,0
WV0190200,Shepherdstown Police Department,WV,1523
WV0170400,Shinnston Police Department,WV,2245
WV0480200,Sistersville Police Department,WV,1287
WV0410400,Sophia Police Department,WV,1069
WV0200600,South Charleston Police Department,WV,13017
WV0281300,Southern Regional Drug and Violent Crime Task Force,WV,0
WV0440100,Spencer Police Department,WV,1914
WV0200500,St. Albans Police Department,WV,10175
WV0370100,St. Marys Police Department,WV,1728
WV0310300,Star City Police Department,WV,1812
WV0330700,State Fire Marshal Morgan County,WV,0
WV0010600,State Fire Marshal: Barbour County,WV,0
WV0020300,State Fire Marshal: Berkeley County,WV,0
WV0030700,State Fire Marshal: Boone County,WV,0
WV0040700,State Fire Marshal: Braxton County,WV,0
WV0050700,State Fire Marshal: Brooke County,WV,0
WV0060800,State Fire Marshal: Cabell County,WV,0
WV0070300,State Fire Marshal: Calhoun County,WV,0
WV0080300,State Fire Marshal: Clay County,WV,0
WV0090300,State Fire Marshal: Doddridge County,WV,0
WV0101500,State Fire Marshal: Fayette County,WV,0
WV0110600,State Fire Marshal: Gilmer County,WV,0
WV0120400,State Fire Marshal: Grant County,WV,0
WV0131000,State Fire Marshal: Greenbrier County,WV,0
WV0140600,State Fire Marshal: Hampshire County,WV,0
WV0150500,State Fire Marshal: Hancock County,WV,0
WV0160600,State Fire Marshal: Hardy County,WV,0
WV0171200,State Fire Marshal: Harrison County,WV,0
WV0180500,State Fire Marshal: Jackson County,WV,0
WV0190800,State Fire Marshal: Jefferson County,WV,0
WV0202200,State Fire Marshal: Kanawha County,WV,0
WV0210300,State Fire Marshal: Lewis County,WV,0
WV0220500,State Fire Marshal: Lincoln County,WV,0
WV0230800,State Fire Marshal: Logan County,WV,0
WV0251500,State Fire Marshal: Marion County,WV,0
WV0261100,State Fire Marshal: Marshall County,WV,0
WV0271300,State Fire Marshal: Mason County,WV,0
WV0241100,State Fire Marshal: McDowell County,WV,0
WV0281200,State Fire Marshal: Mercer County,WV,0
WV0290700,State Fire Marshal: Mineral County,WV,0
WV0300900,State Fire Marshal: Mingo County,WV,0
WV0311300,State Fire Marshal: Monongalia County,WV,0
WV0320800,State Fire Marshal: Monroe County,WV,0
WV0340400,State Fire Marshal: Nicholas County,WV,0
WV0350900,State Fire Marshal: Ohio County,WV,0
WV0360400,State Fire Marshal: Pendleton County,WV,0
WV0370500,State Fire Marshal: Pleasants County,WV,0
WV0380900,State Fire Marshal: Pocahontas County,WV,0
WV0390900,State Fire Marshal: Preston County,WV,0
WV0400800,State Fire Marshal: Putnam County,WV,0
WV0410900,State Fire Marshal: Raleigh County,WV,0
WV0421000,State Fire Marshal: Randolph County,WV,0
WV0430700,State Fire Marshal: Ritchie County,WV,0
WV0440300,State Fire Marshal: Roane County,WV,0
WV0450700,State Fire Marshal: Summers County,WV,0
WV0460700,State Fire Marshal: Taylor County,WV,0
WV0470900,State Fire Marshal: Tucker County,WV,0
WV0480600,State Fire Marshal: Tyler County,WV,0
WV0490400,State Fire Marshal: Upshur County,WV,0
WV0500900,State Fire Marshal: Wayne County,WV,0
WV0510800,State Fire Marshal: Webster County,WV,0
WV0520800,State Fire Marshal: Wetzel County,WV,0
WV0530300,State Fire Marshal: Wirt County,WV,0
WV0540500,State Fire Marshal: Wood County,WV,0
WV0550500,State Fire Marshal: Wyoming County,WV,0
WVWSP6200,"State Police, Parkway Authority: Kanawha County",WV,0
WVWSP0100,State Police: Beckley,WV,0
WVWSP0200,State Police: Berkeley Springs,WV,0
WVWSP0700,State Police: Bridgeport,WV,0
WVWSP0400,State Police: Buckhannon,WV,0
WVWSP9500,State Police: Bureau of Criminal Investigation Academy,WV,0
WVWSP0800,State Police: Clay,WV,0
WVWSP1000,State Police: Elkins,WV,0
WVWSP1100,State Police: Fairmont,WV,0
WVWSP1200,State Police: Franklin,WV,0
WVWSP2700,State Police: Gauley Bridge,WV,0
WVWSP1300,State Police: Glenville,WV,0
WVWSP1400,State Police: Grafton,WV,0
WVWSP1500,State Police: Grantsville,WV,0
WVWSP1600,State Police: Hamlin,WV,0
WVWSP1700,State Police: Harrisville,WV,0
WVWSP1800,State Police: Hinton,WV,0
WVWSP1900,State Police: Huntington,WV,0
WVWSP9800,State Police: Internet Crimes Against Children Unit,WV,0
WVWSP3700,State Police: Jesse,WV,0
WVWSP0500,State Police: Kearneysville,WV,0
WVWSP2000,State Police: Keyser,WV,0
WVWSP2100,State Police: Kingwood,WV,0
WVWSP2200,State Police: Lewisburg,WV,0
WVWSP2300,State Police: Logan,WV,0
WVWSP2400,State Police: Madison,WV,0
WVWSP2500,State Police: Marlinton,WV,0
WVWSP2600,State Police: Martinsburg,WV,0
WVWSP2800,State Police: Moorefield,WV,0
WVWSP2900,State Police: Morgantown,WV,0
WVWSP3000,State Police: Moundsville,WV,0
WVWSP6600,State Police: New Cumberland,WV,0
WVWSP3100,State Police: Oak Hill,WV,0
WVWSP3200,State Police: Paden City,WV,0
WVWSP3300,State Police: Parkersburg,WV,0
WVWSP3400,State Police: Parsons,WV,0
WVWSP3600,State Police: Philippi,WV,0
WVWSP3800,State Police: Point Pleasant,WV,0
WVWSP3900,State Police: Princeton,WV,0
WVWSP0600,State Police: Quincy,WV,0
WVWSP4000,State Police: Rainelle,WV,0
WVWSP4100,State Police: Richwood,WV,0
WVWSP4200,State Police: Ripley,WV,0
WVWSP4300,State Police: Romney,WV,0
WVWSP4600,State Police: South Charleston,WV,0
WVWSP4700,State Police: Spencer,WV,0
WVWSP4400,State Police: St. Marys,WV,0
WVWSP4800,State Police: Summersville,WV,0
WVWSP4900,State Police: Sutton,WV,0
WVWSP5100,State Police: Union,WV,0
WVWSP5300,State Police: Upperglade,WV,0
WVWSP5200,State Police: Wayne,WV,0
WVWSP5500,State Police: Welch,WV,0
WVWSP5600,State Police: Wellsburg,WV,0
WVWSP5800,State Police: West Union,WV,0
WVWSP5700,State Police: Weston,WV,0
WVWSP5000,State Police: Wheeling,WV,0
WVWSP5900,State Police: Whitesville,WV,0
WVWSP6000,State Police: Williamson,WV,0
WVWSP6100,State Police: Winfield,WV,0
WV0170500,Stonewood Police Department,WV,1734
WV0450000,Summers County Sheriff's Office,WV,9322
WV0340200,Summersville Police Department,WV,3302
WV0030600,Sylvester Police Department,WV,148
WV0460000,Taylor County Sheriff's Office,WV,11842
WV0390200,Terra Alta Police Department,WV,1411
WV0251600,Three Rivers Drug and Violent Crime Task Force,WV,0
WV0350200,Triadelphia Police Department,WV,657
WV0470000,Tucker County Sheriff's Office,WV,5255
WV0480000,Tyler County Sheriff's Office,WV,5691
WV0490000,Upshur County Sheriff's Office,WV,18605
WV0540200,Vienna Police Department,WV,10349
WV0240200,War Police Department,WV,530
WV0500000,Wayne County Sheriff's Office,WV,27626
WV0500300,Wayne Police Department,WV,1383
WV0510000,Webster County Sheriff's Office,WV,7186
WV0510100,Webster Springs Police Department,WV,668
WV0150200,Weirton Police Department,WV,18123
WV0240300,Welch Police Department,WV,3366
WV0050200,Wellsburg Police Department,WV,2243
WV0220400,West Hamlin Police Department,WV,488
WV0350400,West Liberty  Police Department,WV,1430
WV0350600,West Liberty University,WV,0
WV0230500,West Logan Police Department,WV,363
WV0090100,West Union Police Department,WV,638
WV0202000,West Virginia State University,WV,0
WV0411500,West Virginia University: Institute of Technology,WV,0
WV0310600,West Virginia University: Morgantown,WV,0
WV0210100,Weston Police Department,WV,3713
WV0310400,Westover Police Department,WV,4118
WV0520000,Wetzel County Sheriff's Office,WV,6790
WV0350100,Wheeling Police Department,WV,25851
WV0251700,White Hall Police Department,WV,704
WV0130400,White Sulphur Springs Police Department,WV,2138
WV0030200,Whitesville Police Department,WV,336
WV0300200,Williamson Police Department,WV,2712
WV0540300,Williamstown Police Department,WV,2941
WV0050900,Windsor Heights Police Department,WV,333
WV0400200,Winfield Police Department,WV,2420
WV0530000,Wirt County Sheriff's Office,WV,4864
WV0540000,Wood County Sheriff's Office,WV,40543
WV0550000,Wyoming County Sheriff's Office,WV,16963
WY0120100,Afton Police Department,WY,2308
WY0010000,Albany County Sheriff's Office,WY,6403
WY0020100,Basin Police Department,WY,1350
WY0020000,Big Horn County Sheriff's Office,WY,6729
WY0100100,Buffalo Police Department,WY,4714
WY0030000,Campbell County Sheriff's Office,WY,14096
WY0040000,Carbon County Sheriff's Office,WY,4489
WY0130100,Casper Police Department,WY,58701
WY0110100,Cheyenne Police Department,WY,65811
WY0150100,Cody Police Department,WY,10458
WY0120600,Cokeville Police Department,WY,488
WY0050000,Converse County Sheriff's Office,WY,4871
WY0060000,Crook County Sheriff's Office,WY,6867
WY0120300,Diamondville Police Department,WY,516
WY0050100,Douglas Police Department,WY,6455
WY0210100,Evanston Police Department,WY,11669
WY0130400,Evansville Police Department,WY,2852
WY0070000,Fremont County Sheriff's Office,WY,20768
WY0030100,Gillette Police Department,WY,33936
WY0050200,Glenrock Police Department,WY,2410
WY0080000,Goshen County Sheriff's Office,WY,6006
WY0190100,Green River Police Department,WY,11392
WY0020300,Greybull Police Department,WY,1733
WY0160200,Guernsey Police Department,WY,1086
WY0090000,Hot Springs County Sheriff's Office,WY,1866
WY0200100,Jackson Police Department,WY,10654
WY0100000,Johnson County Sheriff's Office,WY,4153
WY0120200,Kemmerer Police Department,WY,2368
WY0120400,La Barge Police Department,WY,395
WY0070100,Lander Police Department,WY,7462
WY0110000,Laramie County Sheriff's Office,WY,34887
WY0010100,Laramie Police Department,WY,33350
WY0120000,Lincoln County Sheriff's Office,WY,15223
WY0080300,Lingle Police Department,WY,398
WY0020200,Lovell Police Department,WY,2398
WY0140100,Lusk Police Department,WY,1371
WY0210300,Lyman Police Department,WY,2204
WY0130200,Mills Police Department,WY,4678
WY0060300,Moorcroft Police Department,WY,1045
WY0130000,Natrona County Sheriff's Office,WY,14010
WY0230100,Newcastle Police Department,WY,3353
WY0140000,Niobrara County Sheriff's Office,WY,888
WY0150000,Park County Sheriff's Office,WY,14327
WY0110200,Pine Bluffs Police Department,WY,1099
WY0160000,Platte County Sheriff's Office,WY,3929
WY0150200,Powell Police Department,WY,6585
WY0040100,Rawlins Police Department,WY,7887
WY0070200,Riverton Police Department,WY,11019
WY0190200,Rock Springs Police Department,WY,22837
WY0040200,Saratoga Police Department,WY,1776
WY0170000,Sheridan County Sheriff's Office,WY,13326
WY0170100,Sheridan Police Department,WY,20083
WY0070400,Shoshoni Police Department,WY,508
WY0180000,Sublette County Sheriff's Office,WY,9001
WY0190000,Sweetwater County Sheriff's Office,WY,6716
WY0200000,Teton County Sheriff's Office,WY,12534
WY0090100,Thermopolis Police Department,WY,2749
WY0080100,Torrington Police Department,WY,6230
WY0210000,Uinta County Sheriff's Office,WY,6738
WY0010200,University of Wyoming,WY,0
WY0230200,Upton Police Department,WY,902
WY0220000,Washakie County Sheriff's Office,WY,2879
WY0230000,Weston County Sheriff's Office,WY,2607
WY0160100,Wheatland Police Department,WY,3446
WYDI05000,Wind River Agency,WY,0
WY0220100,Worland Police Department,WY,4764
WY0110400,Wyoming Division of Criminal Investigation,WY,0
WY0130800,Wyoming Gaming Commission,WY,0
WYWHP0000,Wyoming Highway Patrol,WY,0
